Order_ID,Product_Name,Category,Quantity_Sold,Price,Sales_Amount,Order_Date,Region
ORD-000001,Wireless Mouse,Electronics,2.0,401.34,802.68,2023-10-09,North
ORD-000002,Dumbbells Set,Sports,1.0,2146.49,2146.49,2024-08-27,North
ORD-000003,Yoga Mat,Sports,1.0,939.42,939.42,2024-07-28,East
ORD-000004,Sunglasses,Clothing,1.0,887.52,887.52,2024-08-26,West
ORD-000005,Sneakers,Clothing,3.0,1828.27,5484.81,2023-12-15,West
ORD-000006,USB Keyboard,Electronics,2.0,717.76,1435.52,2024-01-25,East
ORD-000007,Headphones,Electronics,1.0,1690.03,1690.03,2024-07-03,North
ORD-000008,Blender,Home & Kitchen,1.0,1653.78,1653.78,2024-08-14,West
ORD-000009,Coffee Maker,Home & Kitchen,1.0,2409.13,2409.13,2023-08-27,East
ORD-000010,Air Purifier,Home & Kitchen,1.0,5254.21,5254.21,2024-01-15,West
ORD-000011,HD Webcam,Electronics,1.0,1078.82,1078.82,2024-06-30,South
ORD-000012,Football,Sports,1.0,863.31,863.31,2024-12-02,North
ORD-000013,USB-C Cable,Electronics,2.0,181.75,363.5,2024-02-15,Central
ORD-000014,Desk Lamp,Home & Kitchen,3.0,668.13,2004.39,2024-11-02,West
ORD-000015,Formal Shirt,Clothing,1.0,915.55,915.55,2023-05-23,South
ORD-000016,Water Bottle Sport,Sports,1.0,319.61,319.61,2024-08-20,Central
ORD-000017,Jump Rope,Sports,1.0,331.39,331.39,2023-04-04,North
ORD-000018,Sneakers,Clothing,3.0,1928.01,5784.03,2024-09-02,Central
ORD-000019,Resistance Bands,Sports,1.0,340.52,340.52,2024-07-20,West
ORD-000020,Resistance Bands,Sports,1.0,374.28,374.28,2024-10-18,North
ORD-000021,Power Bank 10000mAh,Electronics,1.0,901.07,901.07,2024-05-27,North
ORD-000022,Desk Lamp,Home & Kitchen,3.0,538.18,1614.54,2023-06-06,Central
ORD-000023,Yoga Mat,Sports,2.0,769.4,1538.8,2024-09-05,Central
ORD-000024,Desk Lamp,Home & Kitchen,6.0,611.1,3666.6,2023-03-01,North
ORD-000025,Data Science Guide,Books,1.0,709.93,709.93,2024-06-29,East
ORD-000026,Cricket Bat,Sports,1.0,1546.94,1546.94,2023-09-29,Central
ORD-000027,Football,Sports,1.0,917.69,917.69,2024-12-31,West
ORD-000028,Cloud Computing,Books,1.0,651.04,651.04,2023-05-04,North
ORD-000029,Football,Sports,1.0,696.17,696.17,2024-08-25,West
ORD-000030,Denim Jeans,Clothing,1.0,1131.76,1131.76,2023-02-02,North
ORD-000031,Web Development,Books,1.0,790.33,790.33,2024-07-06,East
ORD-000032,Web Development,Books,2.0,634.08,1268.16,2024-04-29,North
ORD-000033,AI Foundations,Books,1.0,1108.04,1108.04,2024-03-09,North
ORD-000034,Wireless Mouse,Electronics,4.0,490.58,1962.32,2024-02-17,North
ORD-000035,Winter Jacket,Clothing,1.0,3417.0,3417.0,2024-07-03,South
ORD-000036,Denim Jeans,Clothing,1.0,1437.72,1437.72,2024-03-29,North
ORD-000037,Yoga Mat,Sports,2.0,993.04,1986.08,2023-04-06,North
ORD-000038,Cloud Computing,Books,1.0,839.43,839.43,2023-08-07,North
ORD-000039,Laptop Stand,Electronics,1.0,1194.09,1194.09,2023-09-29,South
ORD-000040,Jump Rope,Sports,4.0,273.68,1094.72,2023-06-08,North
ORD-000041,Yoga Mat,Sports,1.0,921.7,921.7,2023-11-18,East
ORD-000042,Cricket Bat,Sports,3.0,1310.18,3930.54,2023-02-28,North
ORD-000043,Dumbbells Set,Sports,1.0,2426.86,2426.86,2024-11-22,Central
ORD-000044,Football,Sports,1.0,827.62,827.62,2024-08-15,South
ORD-000045,Gym Gloves,Sports,1.0,531.36,531.36,2023-09-25,North
ORD-000046,Machine Learning,Books,1.0,887.46,887.46,2024-11-18,Central
ORD-000047,Wireless Mouse,Electronics,1.0,458.5,458.5,2024-04-14,North
ORD-000048,Football,Sports,2.0,902.85,1805.7,2024-06-02,Central
ORD-000049,Sports Shorts,Clothing,2.0,768.99,1537.98,2023-10-19,West
ORD-000050,Yoga Mat,Sports,1.0,844.89,844.89,2024-11-14,West
ORD-000051,Formal Shirt,Clothing,3.0,964.38,2893.14,2023-04-29,North
ORD-000052,Desk Lamp,Home & Kitchen,4.0,623.12,2492.48,2023-12-18,South
ORD-000053,SQL Handbook,Books,3.0,487.56,1462.68,2023-02-22,South
ORD-000054,USB-C Cable,Electronics,2.0,184.79,369.58,2023-05-14,West
ORD-000055,Water Bottle Sport,Sports,1.0,304.53,304.53,2024-07-28,Central
ORD-000056,Cotton T-Shirt,Clothing,3.0,446.32,1338.96,2024-01-14,North
ORD-000057,Blender,Home & Kitchen,2.0,1733.83,3467.66,2023-02-10,
ORD-000058,USB-C Cable,Electronics,5.0,193.41,967.05,2024-07-27,East
ORD-000059,Winter Jacket,Clothing,1.0,3825.22,3825.22,2023-06-16,Central
ORD-000060,HD Webcam,Electronics,1.0,1168.22,1168.22,2023-12-07,West
ORD-000061,Formal Shirt,Clothing,2.0,793.3,1586.6,2023-06-13,Central
ORD-000062,Web Development,Books,2.0,690.68,1381.36,2023-07-24,South
ORD-000063,Winter Jacket,Clothing,1.0,3392.42,3392.42,2023-01-25,South
ORD-000064,Power Bank 10000mAh,Electronics,5.0,871.94,4359.7,2023-12-26,Central
ORD-000065,Gym Gloves,Sports,3.0,569.42,1708.26,2023-01-29,North
ORD-000066,Non-Stick Pan,Home & Kitchen,1.0,762.01,762.01,2023-04-22,West
ORD-000067,Data Science Guide,Books,2.0,724.71,1449.42,2024-01-30,North
ORD-000068,Python Programming,Books,1.0,605.91,605.91,2024-06-16,
ORD-000069,Sports Shorts,Clothing,2.0,733.44,1466.88,2024-03-17,South
ORD-000070,Coffee Maker,Home & Kitchen,1.0,2624.12,2624.12,2023-11-04,South
ORD-000071,Air Purifier,Home & Kitchen,1.0,5659.41,5659.41,2023-07-16,West
ORD-000072,Formal Shirt,Clothing,3.0,764.26,2292.78,2024-02-20,South
ORD-000073,AI Foundations,Books,1.0,1051.64,1051.64,2024-04-21,East
ORD-000074,Denim Jeans,Clothing,1.0,1350.81,1350.81,2023-10-18,South
ORD-000075,Formal Shirt,Clothing,5.0,803.89,4019.45,2023-08-19,North
ORD-000076,Data Science Guide,Books,1.0,830.1,830.1,2024-04-11,North
ORD-000077,Cloud Computing,Books,1.0,784.07,784.07,2024-02-14,North
ORD-000078,Laptop Stand,Electronics,2.0,1251.13,2502.26,2023-08-13,East
ORD-000079,Bluetooth Speaker,Electronics,1.0,1962.76,1962.76,2023-05-05,West
ORD-000080,Gym Gloves,Sports,4.0,531.83,2127.32,2024-03-29,East
ORD-000081,Jump Rope,Sports,2.0,296.73,593.46,2023-06-12,South
ORD-000082,Formal Shirt,Clothing,2.0,828.67,1657.34,2024-06-17,South
ORD-000083,Desk Lamp,Home & Kitchen,1.0,669.63,669.63,2023-10-06,North
ORD-000084,Winter Jacket,Clothing,1.0,3715.68,3715.68,2024-01-28,North
ORD-000085,AI Foundations,Books,1.0,867.81,867.81,2024-07-09,West
ORD-000086,Python Programming,Books,3.0,510.21,1530.63,2024-08-12,South
ORD-000087,Statistics Book,Books,1.0,657.98,657.98,2024-07-05,East
ORD-000088,Sunglasses,Clothing,1.0,795.56,795.56,2023-08-13,South
ORD-000089,Machine Learning,Books,3.0,1028.65,3085.95,2024-04-23,East
ORD-000090,Python Programming,Books,1.0,533.54,533.54,2023-03-27,East
ORD-000091,Power Bank 10000mAh,Electronics,2.0,886.78,1773.56,2024-01-24,South
ORD-000092,SQL Handbook,Books,5.0,436.41,2182.05,2024-03-07,North
ORD-000093,Yoga Mat,Sports,2.0,782.66,1565.32,2023-12-25,Central
ORD-000094,Wireless Mouse,Electronics,1.0,385.25,385.25,2023-09-11,North
ORD-000095,Sunglasses,Clothing,1.0,906.33,906.33,2024-11-16,East
ORD-000096,Blender,Home & Kitchen,1.0,2163.19,2163.19,2023-06-21,West
ORD-000097,Formal Shirt,Clothing,4.0,1014.67,4058.68,2023-04-21,East
ORD-000098,Statistics Book,Books,5.0,686.11,3430.55,2023-07-23,East
ORD-000099,Power Bank 10000mAh,Electronics,3.0,796.8,2390.4,2024-12-01,Central
ORD-000100,USB-C Cable,Electronics,4.0,191.27,765.08,2024-06-29,East
ORD-000101,Non-Stick Pan,Home & Kitchen,2.0,704.45,1408.9,2024-03-06,Central
ORD-000102,Machine Learning,Books,2.0,904.87,1809.74,2024-03-21,West
ORD-000103,Jump Rope,Sports,3.0,319.72,959.16,2024-04-21,South
ORD-000104,Denim Jeans,Clothing,5.0,1199.18,5995.9,2023-10-13,East
ORD-000105,Water Bottle Sport,Sports,6.0,385.74,2314.44,2023-12-11,North
ORD-000106,Sports Shorts,Clothing,1.0,778.75,778.75,2023-09-22,West
ORD-000107,Non-Stick Pan,Home & Kitchen,1.0,699.67,699.67,2024-06-13,West
ORD-000108,Web Development,Books,3.0,743.42,2230.26,2024-12-08,South
ORD-000109,USB Keyboard,Electronics,1.0,687.4,687.4,2023-10-29,South
ORD-000110,Gym Gloves,Sports,1.0,475.61,475.61,2024-04-29,Central
ORD-000111,Gym Gloves,Sports,2.0,464.71,929.42,2023-12-27,South
ORD-000112,Bluetooth Speaker,Electronics,2.0,1819.37,3638.74,2023-11-20,West
ORD-000113,Winter Jacket,Clothing,1.0,3264.39,3264.39,2023-08-10,East
ORD-000114,Resistance Bands,Sports,1.0,374.61,374.61,2023-04-13,South
ORD-000115,Non-Stick Pan,Home & Kitchen,5.0,744.9,3724.5,2024-12-26,Central
ORD-000116,Resistance Bands,Sports,4.0,415.5,1662.0,2024-12-15,West
ORD-000117,Wireless Mouse,Electronics,1.0,447.13,447.13,2024-08-10,South
ORD-000118,Power Bank 10000mAh,Electronics,4.0,781.77,3127.08,2024-05-04,East
ORD-000119,Yoga Mat,Sports,1.0,915.95,915.95,2023-06-05,South
ORD-000120,Denim Jeans,Clothing,2.0,1340.43,2680.86,2024-07-25,West
ORD-000121,Sneakers,Clothing,1.0,1877.47,1877.47,2024-04-06,East
ORD-000122,SQL Handbook,Books,4.0,515.41,2061.64,2024-08-05,West
ORD-000123,Winter Jacket,Clothing,1.0,3139.01,3139.01,2023-09-28,North
ORD-000124,HD Webcam,Electronics,1.0,1268.17,1268.17,2023-01-03,East
ORD-000125,Bluetooth Speaker,Electronics,1.0,1909.61,1909.61,2023-10-23,East
ORD-000126,Formal Shirt,Clothing,1.0,980.96,980.96,2024-10-02,North
ORD-000127,Bluetooth Speaker,Electronics,1.0,1673.44,1673.44,2024-10-25,North
ORD-000128,HD Webcam,Electronics,1.0,1316.73,1316.73,2023-11-11,Central
ORD-000129,Data Science Guide,Books,3.0,846.88,2540.64,2024-04-24,Central
ORD-000130,Jump Rope,Sports,2.0,257.73,515.46,2024-03-24,South
ORD-000131,Storage Containers,Home & Kitchen,,397.36,1192.08,2023-01-27,West
ORD-000132,Yoga Mat,Sports,1.0,919.56,919.56,2024-11-19,West
ORD-000133,Sunglasses,Clothing,2.0,898.73,1797.46,2024-06-15,North
ORD-000134,Water Bottle Sport,Sports,2.0,398.11,796.22,2024-10-12,East
ORD-000135,AI Foundations,Books,1.0,1106.21,1106.21,2023-11-25,South
ORD-000136,SQL Handbook,Books,1.0,545.94,545.94,2024-11-09,East
ORD-000137,Data Science Guide,Books,4.0,706.94,2827.76,2023-11-19,West
ORD-000138,Yoga Mat,Sports,6.0,888.75,5332.5,2024-11-04,North
ORD-000139,Gym Gloves,Sports,1.0,517.77,517.77,2024-09-29,West
ORD-000140,Formal Shirt,Clothing,1.0,841.83,841.83,2024-07-16,Central
ORD-000141,Data Science Guide,Books,1.0,825.1,825.1,2023-01-30,North
ORD-000142,Formal Shirt,Clothing,1.0,874.19,874.19,2024-07-18,North
ORD-000143,Headphones,Electronics,1.0,1344.29,1344.29,2023-05-01,Central
ORD-000144,Storage Containers,Home & Kitchen,2.0,399.28,798.56,2024-03-01,North
ORD-000145,Cricket Bat,Sports,1.0,1543.69,1543.69,2024-01-28,West
ORD-000146,Denim Jeans,Clothing,1.0,1437.11,1437.11,2023-10-10,South
ORD-000147,Resistance Bands,Sports,5.0,374.89,1874.45,2023-01-03,East
ORD-000148,Machine Learning,Books,1.0,857.23,857.23,2024-04-02,East
ORD-000149,Water Bottle Sport,Sports,4.0,387.7,1550.8,2024-04-11,Central
ORD-000150,Sneakers,Clothing,4.0,1945.49,7781.96,2023-08-28,South
ORD-000151,Statistics Book,Books,2.0,705.93,1411.86,2024-01-31,West
ORD-000152,Sunglasses,Clothing,3.0,910.55,2731.65,2023-02-07,South
ORD-000153,Headphones,Electronics,2.0,1480.62,2961.24,2023-04-13,West
ORD-000154,Machine Learning,Books,1.0,1025.54,1025.54,2023-03-18,South
ORD-000155,Data Science Guide,Books,5.0,885.13,4425.65,2023-12-03,South
ORD-000156,Towel Set,Home & Kitchen,1.0,521.45,521.45,2024-07-08,West
ORD-000157,Desk Lamp,Home & Kitchen,4.0,526.84,2107.36,2023-04-03,West
ORD-000158,Headphones,Electronics,,1681.54,1681.54,2023-06-20,North
ORD-000159,Power Bank 10000mAh,Electronics,3.0,803.41,2410.23,2024-01-03,East
ORD-000160,Cricket Bat,Sports,1.0,1548.24,1548.24,2023-06-24,South
ORD-000161,Sunglasses,Clothing,1.0,789.69,789.69,2024-08-20,South
ORD-000162,Non-Stick Pan,Home & Kitchen,2.0,841.57,1683.14,2024-04-21,North
ORD-000163,AI Foundations,Books,,1137.47,1137.47,2024-08-24,West
ORD-000164,SQL Handbook,Books,1.0,551.89,551.89,2023-07-23,North
ORD-000165,AI Foundations,Books,2.0,1058.72,2117.44,2024-08-11,North
ORD-000166,SQL Handbook,Books,2.0,526.81,1053.62,2023-01-09,West
ORD-000167,Headphones,Electronics,4.0,1378.55,5514.2,2023-10-21,West
ORD-000168,Winter Jacket,Clothing,1.0,3767.28,3767.28,2024-09-27,West
ORD-000169,Denim Jeans,Clothing,1.0,1224.54,1224.54,2024-10-04,South
ORD-000170,Gym Gloves,Sports,2.0,468.33,936.66,2023-05-15,West
ORD-000171,Winter Jacket,Clothing,1.0,3894.17,3894.17,2023-05-16,South
ORD-000172,Resistance Bands,Sports,1.0,437.87,437.87,2023-06-18,East
ORD-000173,Blender,Home & Kitchen,1.0,1657.05,1657.05,2023-04-28,West
ORD-000174,Sneakers,Clothing,1.0,2173.32,2173.32,2024-07-24,North
ORD-000175,Dumbbells Set,Sports,1.0,2685.68,2685.68,2024-04-10,South
ORD-000176,AI Foundations,Books,2.0,990.45,1980.9,2023-04-21,East
ORD-000177,Gym Gloves,Sports,2.0,433.61,867.22,2024-09-16,West
ORD-000178,Water Bottle,Home & Kitchen,3.0,339.03,1017.09,2023-04-30,South
ORD-000179,Data Science Guide,Books,1.0,808.0,808.0,2023-04-10,South
ORD-000180,Water Bottle,Home & Kitchen,3.0,268.01,804.03,2024-08-24,South
ORD-000181,Headphones,Electronics,3.0,1703.18,5109.54,2024-09-22,North
ORD-000182,Desk Lamp,Home & Kitchen,3.0,551.58,1654.74,2024-03-30,South
ORD-000183,Blender,Home & Kitchen,1.0,1722.28,1722.28,2023-03-04,North
ORD-000184,Data Science Guide,Books,3.0,,2497.32,2024-11-09,Central
ORD-000185,USB-C Cable,Electronics,2.0,216.13,432.26,2023-09-07,North
ORD-000186,Football,Sports,1.0,887.62,887.62,2024-08-23,South
ORD-000187,Cotton T-Shirt,Clothing,4.0,445.81,1783.24,2023-10-11,North
ORD-000188,Air Purifier,Home & Kitchen,1.0,4287.81,4287.81,2023-04-23,North
ORD-000189,Sports Shorts,Clothing,3.0,605.14,1815.42,2023-01-17,West
ORD-000190,Dumbbells Set,Sports,4.0,2707.43,10829.72,2023-03-07,East
ORD-000191,Headphones,Electronics,3.0,1551.8,4655.4,2024-05-30,West
ORD-000192,Resistance Bands,Sports,1.0,342.88,342.88,2024-04-14,Central
ORD-000193,Statistics Book,Books,3.0,690.35,2071.05,2024-12-03,South
ORD-000194,USB-C Cable,Electronics,,176.68,883.4,2024-09-14,East
ORD-000195,Gym Gloves,Sports,2.0,503.57,1007.14,2024-01-26,East
ORD-000196,Water Bottle Sport,Sports,8.0,308.63,2469.04,2023-04-12,West
ORD-000197,Football,Sports,1.0,733.92,733.92,2024-03-16,South
ORD-000198,Statistics Book,Books,2.0,612.5,1225.0,2024-03-01,South
ORD-000199,Blender,Home & Kitchen,2.0,1884.34,3768.68,2023-06-06,North
ORD-000200,USB Keyboard,Electronics,1.0,,696.57,2024-03-18,West
ORD-000201,Yoga Mat,Sports,3.0,915.64,2746.92,2024-08-23,West
ORD-000202,AI Foundations,Books,4.0,975.9,3903.6,2024-11-12,Central
ORD-000203,Power Bank 10000mAh,Electronics,1.0,792.09,792.09,2024-09-06,East
ORD-000204,Sunglasses,Clothing,1.0,763.07,763.07,2023-08-18,East
ORD-000205,Power Bank 10000mAh,Electronics,3.0,879.88,2639.64,2024-08-10,East
ORD-000206,Yoga Mat,Sports,1.0,987.86,987.86,2024-09-15,South
ORD-000207,Formal Shirt,Clothing,1.0,1012.69,1012.69,2024-12-20,South
ORD-000208,Running Shoes,Clothing,1.0,2176.32,2176.32,2024-08-02,West
ORD-000209,USB Keyboard,Electronics,1.0,634.37,634.37,2024-06-27,South
ORD-000210,Storage Containers,Home & Kitchen,8.0,356.08,2848.64,2023-11-29,North
ORD-000211,HD Webcam,Electronics,2.0,1037.91,2075.82,2023-06-11,North
ORD-000212,Statistics Book,Books,2.0,632.29,1264.58,2024-05-12,North
ORD-000213,Dumbbells Set,Sports,1.0,2336.5,2336.5,2023-12-20,West
ORD-000214,SQL Handbook,Books,1.0,571.52,571.52,2023-02-16,North
ORD-000215,Formal Shirt,Clothing,1.0,970.24,970.24,2023-08-05,South
ORD-000216,Wireless Mouse,Electronics,1.0,406.22,406.22,2024-05-24,South
ORD-000217,Sports Shorts,Clothing,1.0,749.76,749.76,2023-03-15,South
ORD-000218,Data Science Guide,Books,2.0,816.59,1633.18,2023-11-17,West
ORD-000219,SQL Handbook,Books,3.0,568.79,1706.37,2023-04-28,North
ORD-000220,Jump Rope,Sports,1.0,262.06,262.06,2024-12-07,West
ORD-000221,Sneakers,Clothing,1.0,1746.31,1746.31,2024-08-26,Central
ORD-000222,Desk Lamp,Home & Kitchen,2.0,522.88,1045.76,2023-12-08,West
ORD-000223,Football,Sports,1.0,908.84,908.84,2023-12-24,West
ORD-000224,Winter Jacket,Clothing,1.0,3181.23,3181.23,2023-04-16,East
ORD-000225,HD Webcam,Electronics,1.0,1291.6,1291.6,2024-10-05,West
ORD-000226,AI Foundations,Books,,980.95,980.95,2024-10-04,East
ORD-000227,Storage Containers,Home & Kitchen,2.0,349.77,699.54,2024-08-28,South
ORD-000228,Python Programming,Books,2.0,560.74,1121.48,2023-02-28,West
ORD-000229,Laptop Stand,Electronics,2.0,1249.9,2499.8,2024-04-18,West
ORD-000230,Headphones,Electronics,1.0,1419.69,1419.69,2024-08-08,East
ORD-000231,Cotton T-Shirt,Clothing,2.0,558.75,1117.5,2024-04-06,South
ORD-000232,HD Webcam,Electronics,1.0,1177.59,1177.59,2023-02-10,South
ORD-000233,Cricket Bat,Sports,2.0,1401.37,2802.74,2024-01-08,South
ORD-000234,Non-Stick Pan,Home & Kitchen,2.0,694.95,1389.9,2024-10-08,North
ORD-000235,SQL Handbook,Books,3.0,522.44,1567.32,2023-09-16,Central
ORD-000236,Sports Shorts,Clothing,1.0,623.81,623.81,2023-03-25,South
ORD-000237,Machine Learning,Books,1.0,787.0,787.0,2024-09-01,East
ORD-000238,Air Purifier,Home & Kitchen,1.0,5669.53,5669.53,2024-11-17,Central
ORD-000239,Dumbbells Set,Sports,1.0,2505.36,2505.36,2024-10-23,North
ORD-000240,Air Purifier,Home & Kitchen,1.0,5398.15,5398.15,2023-08-08,North
ORD-000241,Running Shoes,Clothing,1.0,2715.0,2715.0,2023-03-21,East
ORD-000242,Yoga Mat,Sports,1.0,970.82,970.82,2024-11-08,North
ORD-000243,Machine Learning,Books,1.0,951.01,951.01,2023-06-16,East
ORD-000244,Sunglasses,Clothing,4.0,841.27,3365.08,2023-02-14,North
ORD-000245,SQL Handbook,Books,1.0,459.95,459.95,2024-04-04,Central
ORD-000246,Web Development,Books,4.0,713.77,2855.08,2024-01-12,South
ORD-000247,Water Bottle,Home & Kitchen,2.0,340.82,681.64,2024-05-29,West
ORD-000248,Cricket Bat,Sports,1.0,1490.27,1490.27,2023-09-14,South
ORD-000249,USB Keyboard,Electronics,2.0,583.76,1167.52,2023-10-19,South
ORD-000250,Cricket Bat,Sports,1.0,1683.6,1683.6,2024-03-23,West
ORD-000251,Non-Stick Pan,Home & Kitchen,1.0,799.48,799.48,2024-02-29,North
ORD-000252,USB-C Cable,Electronics,1.0,224.72,224.72,2023-08-18,West
ORD-000253,Air Purifier,Home & Kitchen,1.0,5624.97,5624.97,2023-05-21,East
ORD-000254,Sunglasses,Clothing,1.0,896.28,896.28,2024-04-04,North
ORD-000255,Running Shoes,Clothing,1.0,2580.63,2580.63,2024-07-15,South
ORD-000256,Desk Lamp,Home & Kitchen,3.0,552.0,1656.0,2023-11-05,West
ORD-000257,Jump Rope,Sports,4.0,335.34,1341.36,2023-03-06,East
ORD-000258,Bluetooth Speaker,Electronics,1.0,1530.84,1530.84,2023-05-28,South
ORD-000259,Water Bottle Sport,Sports,4.0,305.61,1222.44,2023-07-11,Central
ORD-000260,Wireless Mouse,Electronics,2.0,388.38,776.76,2024-02-04,South
ORD-000261,Storage Containers,Home & Kitchen,2.0,303.72,607.44,2023-01-17,North
ORD-000262,USB-C Cable,Electronics,1.0,201.75,201.75,2023-05-17,West
ORD-000263,Sunglasses,Clothing,3.0,722.84,2168.52,2024-12-13,North
ORD-000264,Python Programming,Books,2.0,651.31,1302.62,2023-10-28,Central
ORD-000265,Storage Containers,Home & Kitchen,1.0,382.02,382.02,2024-06-11,East
ORD-000266,Bluetooth Speaker,Electronics,1.0,1951.65,1951.65,2023-10-20,Central
ORD-000267,Storage Containers,Home & Kitchen,3.0,342.4,1027.2,2023-05-08,South
ORD-000268,Statistics Book,Books,4.0,648.26,2593.04,2023-12-14,East
ORD-000269,Resistance Bands,Sports,4.0,348.6,1394.4,2023-03-26,East
ORD-000270,Formal Shirt,Clothing,3.0,852.59,2557.77,2023-11-25,South
ORD-000271,Statistics Book,Books,3.0,620.1,1860.3,2023-06-20,North
ORD-000272,Water Bottle,Home & Kitchen,2.0,325.15,650.3,2023-10-09,North
ORD-000273,AI Foundations,Books,1.0,1052.77,1052.77,2024-06-09,Central
ORD-000274,Sunglasses,Clothing,3.0,735.72,2207.16,2023-02-05,West
ORD-000275,Water Bottle,Home & Kitchen,4.0,267.91,1071.64,2024-08-03,South
ORD-000276,Blender,Home & Kitchen,1.0,1941.11,1941.11,2024-03-30,East
ORD-000277,AI Foundations,Books,1.0,1137.02,1137.02,2024-10-27,North
ORD-000278,Sunglasses,Clothing,2.0,813.78,1627.56,2024-06-14,South
ORD-000279,Towel Set,Home & Kitchen,3.0,560.47,1681.41,2023-08-08,Central
ORD-000280,Web Development,Books,,609.68,1219.36,2023-05-06,North
ORD-000281,Data Science Guide,Books,2.0,915.63,1831.26,2024-11-29,West
ORD-000282,Power Bank 10000mAh,Electronics,4.0,956.12,3824.48,2023-11-04,Central
ORD-000283,Sports Shorts,Clothing,2.0,800.73,1601.46,2024-06-04,West
ORD-000284,Sunglasses,Clothing,3.0,816.32,2448.96,2023-01-27,East
ORD-000285,Cricket Bat,Sports,1.0,1303.72,1303.72,2024-09-18,South
ORD-000286,Statistics Book,Books,1.0,566.01,566.01,2024-02-24,Central
ORD-000287,Headphones,Electronics,2.0,1430.03,2860.06,2024-04-22,Central
ORD-000288,Cricket Bat,Sports,1.0,1683.7,1683.7,2023-05-13,North
ORD-000289,HD Webcam,Electronics,3.0,,3408.48,2023-11-08,West
ORD-000290,Storage Containers,Home & Kitchen,1.0,363.14,363.14,2023-03-22,East
ORD-000291,Formal Shirt,Clothing,1.0,899.69,899.69,2024-09-21,North
ORD-000292,Cricket Bat,Sports,2.0,1598.22,3196.44,2023-06-25,East
ORD-000293,Yoga Mat,Sports,2.0,1019.97,2039.94,2023-01-30,West
ORD-000294,Desk Lamp,Home & Kitchen,2.0,623.98,1247.96,2024-08-08,East
ORD-000295,Resistance Bands,Sports,1.0,396.96,396.96,2024-10-19,West
ORD-000296,SQL Handbook,Books,6.0,433.12,2598.72,2024-04-09,South
ORD-000297,Cloud Computing,Books,2.0,668.93,1337.86,2023-07-28,Central
ORD-000298,Blender,Home & Kitchen,3.0,1825.25,5475.75,2024-02-13,East
ORD-000299,Desk Lamp,Home & Kitchen,1.0,589.94,589.94,2024-04-22,North
ORD-000300,Power Bank 10000mAh,Electronics,5.0,876.92,4384.6,2024-01-29,Central
ORD-000301,Sports Shorts,Clothing,2.0,633.96,1267.92,2024-08-14,North
ORD-000302,Jump Rope,Sports,2.0,298.76,597.52,2024-05-25,North
ORD-000303,Cloud Computing,Books,1.0,715.95,715.95,2023-09-04,North
ORD-000304,Cloud Computing,Books,1.0,827.01,827.01,2023-10-20,South
ORD-000305,Blender,Home & Kitchen,,1842.36,3684.72,2024-02-17,East
ORD-000306,Sports Shorts,Clothing,2.0,675.17,1350.34,2024-07-20,East
ORD-000307,Resistance Bands,Sports,1.0,353.37,353.37,2024-09-30,Central
ORD-000308,AI Foundations,Books,1.0,958.72,958.72,2023-12-14,North
ORD-000309,Water Bottle Sport,Sports,3.0,300.72,902.16,2024-05-27,West
ORD-000310,Cloud Computing,Books,2.0,752.48,1504.96,2023-06-02,South
ORD-000311,Gym Gloves,Sports,1.0,516.44,516.44,2023-06-16,West
ORD-000312,Gym Gloves,Sports,2.0,503.84,1007.68,2024-06-03,West
ORD-000313,Towel Set,Home & Kitchen,1.0,630.23,630.23,2023-01-18,Central
ORD-000314,Resistance Bands,Sports,3.0,410.6,1231.8,2024-12-05,South
ORD-000315,Football,Sports,1.0,720.02,720.02,2023-02-22,East
ORD-000316,Water Bottle Sport,Sports,2.0,322.01,644.02,2023-06-01,East
ORD-000317,Bluetooth Speaker,Electronics,1.0,1756.14,1756.14,2023-01-20,South
ORD-000318,Sneakers,Clothing,2.0,2251.19,4502.38,2024-05-28,Central
ORD-000319,HD Webcam,Electronics,1.0,1137.02,1137.02,2024-06-15,West
ORD-000320,Water Bottle Sport,Sports,4.0,344.78,1379.12,2023-11-18,East
ORD-000321,Gym Gloves,Sports,4.0,532.07,2128.28,2024-11-23,West
ORD-000322,Towel Set,Home & Kitchen,2.0,559.29,1118.58,2023-07-16,South
ORD-000323,Storage Containers,Home & Kitchen,3.0,370.46,1111.38,2024-12-22,South
ORD-000324,Storage Containers,Home & Kitchen,1.0,367.49,367.49,2023-10-22,South
ORD-000325,AI Foundations,Books,1.0,935.35,935.35,2023-05-30,West
ORD-000326,Towel Set,Home & Kitchen,1.0,595.24,595.24,2024-11-02,North
ORD-000327,Resistance Bands,Sports,2.0,355.58,711.16,2024-07-29,East
ORD-000328,Football,Sports,1.0,896.12,896.12,2023-09-06,North
ORD-000329,Cotton T-Shirt,Clothing,4.0,531.54,2126.16,2023-04-13,North
ORD-000330,Cotton T-Shirt,Clothing,4.0,447.79,1791.16,2024-07-17,West
ORD-000331,Cloud Computing,Books,1.0,853.24,853.24,2024-10-28,South
ORD-000332,USB Keyboard,Electronics,1.0,656.85,656.85,2024-10-29,West
ORD-000333,HD Webcam,Electronics,1.0,1083.28,1083.28,2024-03-03,Central
ORD-000334,Cloud Computing,Books,1.0,852.84,852.84,2023-07-10,Central
ORD-000335,Wireless Mouse,Electronics,4.0,396.99,1587.96,2023-11-02,Central
ORD-000336,Towel Set,Home & Kitchen,1.0,597.91,597.91,2024-10-18,Central
ORD-000337,Jump Rope,Sports,2.0,264.25,528.5,2023-10-07,North
ORD-000338,SQL Handbook,Books,2.0,,949.24,2023-07-10,South
ORD-000339,Running Shoes,Clothing,1.0,2796.66,2796.66,2024-09-17,West
ORD-000340,Gym Gloves,Sports,1.0,438.43,438.43,2023-03-30,Central
ORD-000341,AI Foundations,Books,1.0,964.11,964.11,2023-09-12,South
ORD-000342,Blender,Home & Kitchen,3.0,1940.52,5821.56,2023-11-06,South
ORD-000343,Desk Lamp,Home & Kitchen,1.0,592.78,592.78,2023-03-05,North
ORD-000344,Resistance Bands,Sports,2.0,448.81,897.62,2024-12-07,South
ORD-000345,Football,Sports,3.0,793.77,2381.31,2023-08-13,East
ORD-000346,Gym Gloves,Sports,1.0,560.8,560.8,2024-03-01,West
ORD-000347,Winter Jacket,Clothing,1.0,3890.68,3890.68,2024-11-27,North
ORD-000348,AI Foundations,Books,1.0,882.78,882.78,2023-03-21,West
ORD-000349,Football,Sports,3.0,718.59,2155.77,2024-08-09,Central
ORD-000350,Data Science Guide,Books,1.0,818.93,818.93,2024-11-27,North
ORD-000351,Jump Rope,Sports,4.0,300.19,1200.76,2023-02-26,East
ORD-000352,Headphones,Electronics,3.0,1600.48,4801.44,2024-11-19,South
ORD-000353,Bluetooth Speaker,Electronics,1.0,1758.8,1758.8,2024-08-15,West
ORD-000354,Yoga Mat,Sports,1.0,891.47,891.47,2023-03-12,South
ORD-000355,Running Shoes,Clothing,1.0,2608.37,2608.37,2024-10-18,South
ORD-000356,Cloud Computing,Books,1.0,790.06,790.06,2024-01-22,West
ORD-000357,Cricket Bat,Sports,1.0,1327.5,1327.5,2024-10-31,Central
ORD-000358,Machine Learning,Books,1.0,968.09,968.09,2023-08-17,Central
ORD-000359,Statistics Book,Books,2.0,596.37,1192.74,2024-06-28,East
ORD-000360,Formal Shirt,Clothing,5.0,959.69,4798.45,2023-07-13,North
ORD-000361,Python Programming,Books,1.0,527.28,527.28,2023-09-04,North
ORD-000362,Yoga Mat,Sports,1.0,872.64,872.64,2023-09-08,North
ORD-000363,Cotton T-Shirt,Clothing,1.0,467.45,467.45,2023-05-24,West
ORD-000364,Gym Gloves,Sports,2.0,524.83,1049.66,2024-08-14,South
ORD-000365,Air Purifier,Home & Kitchen,1.0,4869.37,4869.37,2024-11-07,South
ORD-000366,Cricket Bat,Sports,1.0,1524.12,1524.12,2024-10-03,North
ORD-000367,Water Bottle,Home & Kitchen,4.0,291.49,1165.96,2024-06-21,North
ORD-000368,Machine Learning,Books,3.0,993.22,2979.66,2024-07-04,South
ORD-000369,Sunglasses,Clothing,2.0,911.13,1822.26,2023-03-01,East
ORD-000370,Sneakers,Clothing,1.0,1897.21,1897.21,2023-09-06,North
ORD-000371,AI Foundations,Books,2.0,1097.72,2195.44,2023-04-05,North
ORD-000372,Python Programming,Books,5.0,646.03,3230.15,2023-03-16,West
ORD-000373,Football,Sports,1.0,896.57,896.57,2024-05-05,South
ORD-000374,Bluetooth Speaker,Electronics,1.0,1593.35,1593.35,2023-07-14,Central
ORD-000375,Web Development,Books,2.0,637.04,1274.08,2024-12-13,Central
ORD-000376,Gym Gloves,Sports,2.0,504.04,1008.08,2023-10-17,South
ORD-000377,Blender,Home & Kitchen,2.0,1879.63,3759.26,2024-06-09,West
ORD-000378,AI Foundations,Books,1.0,973.2,973.2,2023-07-28,East
ORD-000379,Running Shoes,Clothing,6.0,2824.94,16949.64,2023-01-17,East
ORD-000380,SQL Handbook,Books,1.0,458.58,458.58,2023-06-06,East
ORD-000381,Sunglasses,Clothing,1.0,843.31,843.31,2024-07-17,South
ORD-000382,Cloud Computing,Books,1.0,815.28,815.28,2024-04-16,North
ORD-000383,Jump Rope,Sports,2.0,302.78,605.56,2023-07-08,West
ORD-000384,Wireless Mouse,Electronics,1.0,472.71,472.71,2023-03-18,West
ORD-000385,Machine Learning,Books,1.0,954.87,954.87,2024-10-07,North
ORD-000386,Jump Rope,Sports,5.0,311.35,1556.75,2024-01-18,Central
ORD-000387,Cloud Computing,Books,1.0,760.6,760.6,2023-01-17,North
ORD-000388,Resistance Bands,Sports,1.0,341.2,341.2,2024-07-02,West
ORD-000389,Machine Learning,Books,1.0,905.58,905.58,2023-04-20,North
ORD-000390,Resistance Bands,Sports,,386.66,2706.62,2023-12-29,South
ORD-000391,Cloud Computing,Books,1.0,793.32,793.32,2024-08-01,South
ORD-000392,Wireless Mouse,Electronics,4.0,433.42,1733.68,2023-04-06,East
ORD-000393,HD Webcam,Electronics,1.0,1176.21,1176.21,2023-03-26,West
ORD-000394,Dumbbells Set,Sports,1.0,2296.41,2296.41,2024-06-24,Central
ORD-000395,Jump Rope,Sports,1.0,260.82,260.82,2023-10-05,Central
ORD-000396,Yoga Mat,Sports,1.0,848.97,848.97,2023-07-03,Central
ORD-000397,Cricket Bat,Sports,1.0,1691.87,1691.87,2024-12-30,South
ORD-000398,Football,Sports,1.0,772.43,772.43,2024-08-03,Central
ORD-000399,Water Bottle,Home & Kitchen,4.0,315.98,1263.92,2023-05-24,North
ORD-000400,Non-Stick Pan,Home & Kitchen,2.0,880.18,1760.36,2023-04-11,South
ORD-000401,Water Bottle Sport,Sports,5.0,325.27,1626.35,2023-12-01,Central
ORD-000402,Web Development,Books,5.0,672.88,3364.4,2023-12-31,North
ORD-000403,Water Bottle Sport,Sports,1.0,327.58,327.58,2023-03-29,North
ORD-000404,USB Keyboard,Electronics,1.0,691.28,691.28,2023-10-02,West
ORD-000405,AI Foundations,Books,1.0,850.71,850.71,2024-01-05,South
ORD-000406,Storage Containers,Home & Kitchen,2.0,316.27,632.54,2023-04-15,South
ORD-000407,Water Bottle Sport,Sports,4.0,333.7,1334.8,2023-04-16,North
ORD-000408,Gym Gloves,Sports,3.0,486.1,1458.3,2024-01-30,West
ORD-000409,Football,Sports,1.0,843.42,843.42,2024-08-08,North
ORD-000410,Storage Containers,Home & Kitchen,1.0,303.27,303.27,2023-10-02,South
ORD-000411,SQL Handbook,Books,2.0,478.21,956.42,2024-05-10,Central
ORD-000412,Web Development,Books,2.0,658.04,1316.08,2024-04-13,Central
ORD-000413,Water Bottle,Home & Kitchen,7.0,292.78,2049.46,2023-12-04,West
ORD-000414,Cricket Bat,Sports,1.0,1700.14,1700.14,2023-11-04,North
ORD-000415,Air Purifier,Home & Kitchen,1.0,4686.23,4686.23,2024-02-12,West
ORD-000416,Web Development,Books,1.0,765.37,765.37,2023-11-30,South
ORD-000417,Bluetooth Speaker,Electronics,1.0,1627.16,1627.16,2024-08-29,West
ORD-000418,Headphones,Electronics,3.0,1633.96,4901.88,2024-12-26,West
ORD-000419,Laptop Stand,Electronics,1.0,1144.0,1144.0,2024-11-20,North
ORD-000420,Sneakers,Clothing,2.0,2293.27,4586.54,2024-01-22,East
ORD-000421,Statistics Book,Books,5.0,740.2,3701.0,2024-07-10,West
ORD-000422,Dumbbells Set,Sports,2.0,2617.15,5234.3,2023-04-22,South
ORD-000423,Yoga Mat,Sports,2.0,946.86,1893.72,2024-07-30,South
ORD-000424,Water Bottle,Home & Kitchen,2.0,277.36,554.72,2023-04-19,East
ORD-000425,Football,Sports,1.0,790.15,790.15,2024-04-01,West
ORD-000426,Cricket Bat,Sports,2.0,1491.25,2982.5,2023-12-20,South
ORD-000427,USB Keyboard,Electronics,3.0,619.4,1858.2,2023-05-26,West
ORD-000428,Jump Rope,Sports,5.0,293.45,1467.25,2023-12-23,West
ORD-000429,Coffee Maker,Home & Kitchen,2.0,2657.02,5314.04,2023-11-04,North
ORD-000430,Coffee Maker,Home & Kitchen,3.0,2821.31,8463.93,2024-11-24,West
ORD-000431,Cricket Bat,Sports,2.0,1525.91,3051.82,2024-07-19,Central
ORD-000432,Sneakers,Clothing,2.0,2083.25,4166.5,2024-10-06,South
ORD-000433,Bluetooth Speaker,Electronics,1.0,1739.97,1739.97,2024-04-05,West
ORD-000434,Formal Shirt,Clothing,3.0,781.02,2343.06,2024-12-21,North
ORD-000435,Cricket Bat,Sports,1.0,1479.91,1479.91,2024-01-10,South
ORD-000436,AI Foundations,Books,4.0,966.8,3867.2,2024-09-03,North
ORD-000437,Towel Set,Home & Kitchen,1.0,630.19,630.19,2024-09-24,West
ORD-000438,Dumbbells Set,Sports,1.0,2212.51,2212.51,2024-11-19,South
ORD-000439,Sports Shorts,Clothing,4.0,675.61,2702.44,2024-12-11,East
ORD-000440,Water Bottle Sport,Sports,2.0,363.19,726.38,2024-03-09,West
ORD-000441,Running Shoes,Clothing,1.0,2264.42,2264.42,2024-05-16,West
ORD-000442,Yoga Mat,Sports,3.0,894.85,2684.55,2024-01-03,North
ORD-000443,Cloud Computing,Books,2.0,730.04,1460.08,2024-02-23,West
ORD-000444,Machine Learning,Books,1.0,978.8,978.8,2023-03-26,North
ORD-000445,Power Bank 10000mAh,Electronics,3.0,809.52,2428.56,2023-08-19,East
ORD-000446,Data Science Guide,Books,1.0,864.94,864.94,2024-08-09,West
ORD-000447,Non-Stick Pan,Home & Kitchen,3.0,916.4,2749.2,2024-03-27,North
ORD-000448,Formal Shirt,Clothing,1.0,858.16,858.16,2023-02-03,West
ORD-000449,Data Science Guide,Books,1.0,855.96,855.96,2023-08-31,West
ORD-000450,Water Bottle Sport,Sports,3.0,378.82,1136.46,2023-06-19,West
ORD-000451,USB-C Cable,Electronics,6.0,201.31,1207.86,2024-06-29,South
ORD-000452,Storage Containers,Home & Kitchen,1.0,386.48,386.48,2024-08-09,Central
ORD-000453,HD Webcam,Electronics,3.0,1377.3,4131.9,2024-02-26,Central
ORD-000454,Running Shoes,Clothing,1.0,2365.63,2365.63,2023-09-13,North
ORD-000455,Cloud Computing,Books,1.0,697.03,697.03,2023-05-26,South
ORD-000456,Data Science Guide,Books,2.0,863.45,1726.9,2024-10-10,South
ORD-000457,Blender,Home & Kitchen,1.0,1800.61,1800.61,2024-04-10,North
ORD-000458,Headphones,Electronics,1.0,1436.2,1436.2,2024-10-12,North
ORD-000459,Water Bottle Sport,Sports,3.0,383.01,1149.03,2023-08-12,East
ORD-000460,Storage Containers,Home & Kitchen,1.0,310.32,310.32,2023-12-12,Central
ORD-000461,Non-Stick Pan,Home & Kitchen,2.0,867.05,1734.1,2023-02-17,East
ORD-000462,HD Webcam,Electronics,2.0,1377.06,2754.12,2024-03-27,South
ORD-000463,Formal Shirt,Clothing,1.0,1000.57,1000.57,2023-06-12,North
ORD-000464,Storage Containers,Home & Kitchen,1.0,391.28,391.28,2023-03-26,North
ORD-000465,SQL Handbook,Books,3.0,488.41,1465.23,2024-12-17,North
ORD-000466,Wireless Mouse,Electronics,2.0,400.41,800.82,2023-08-07,North
ORD-000467,Python Programming,Books,1.0,655.98,655.98,2023-01-09,Central
ORD-000468,Machine Learning,Books,1.0,867.46,867.46,2024-05-04,West
ORD-000469,USB Keyboard,Electronics,1.0,610.85,610.85,2023-11-17,South
ORD-000470,Running Shoes,Clothing,1.0,2130.5,2130.5,2023-03-12,West
ORD-000471,AI Foundations,Books,1.0,894.52,894.52,2023-08-07,South
ORD-000472,Web Development,Books,1.0,623.51,623.51,2023-03-30,North
ORD-000473,AI Foundations,Books,1.0,891.06,891.06,2024-03-15,South
ORD-000474,Bluetooth Speaker,Electronics,1.0,1919.44,1919.44,2024-07-20,South
ORD-000475,Power Bank 10000mAh,Electronics,1.0,901.57,901.57,2023-07-30,West
ORD-000476,Non-Stick Pan,Home & Kitchen,2.0,706.17,1412.34,2023-09-03,East
ORD-000477,Dumbbells Set,Sports,1.0,2133.2,2133.2,2024-06-24,South
ORD-000478,Air Purifier,Home & Kitchen,1.0,5101.55,5101.55,2024-02-01,South
ORD-000479,Sunglasses,Clothing,3.0,695.34,2086.02,2023-03-16,South
ORD-000480,Wireless Mouse,Electronics,1.0,467.36,467.36,2024-02-12,East
ORD-000481,Statistics Book,Books,4.0,676.36,2705.44,2024-12-19,East
ORD-000482,Formal Shirt,Clothing,2.0,902.05,1804.1,2023-03-27,North
ORD-000483,Sports Shorts,Clothing,1.0,754.2,754.2,2024-02-05,West
ORD-000484,Power Bank 10000mAh,Electronics,1.0,1021.29,1021.29,2024-12-16,North
ORD-000485,Denim Jeans,Clothing,1.0,1342.76,1342.76,2024-03-20,North
ORD-000486,Denim Jeans,Clothing,2.0,1377.52,2755.04,2023-01-13,North
ORD-000487,Storage Containers,Home & Kitchen,5.0,375.15,1875.75,2023-06-20,Central
ORD-000488,Wireless Mouse,Electronics,5.0,419.22,2096.1,2023-12-10,North
ORD-000489,Dumbbells Set,Sports,1.0,2394.13,2394.13,2024-05-23,East
ORD-000490,Cricket Bat,Sports,1.0,1621.92,1621.92,2024-01-12,Central
ORD-000491,Bluetooth Speaker,Electronics,2.0,1993.69,3987.38,2024-06-05,North
ORD-000492,Headphones,Electronics,2.0,1342.54,2685.08,2024-01-08,Central
ORD-000493,Laptop Stand,Electronics,1.0,1072.36,1072.36,2023-08-18,West
ORD-000494,Coffee Maker,Home & Kitchen,1.0,2500.53,2500.53,2024-08-08,Central
ORD-000495,Winter Jacket,Clothing,2.0,3975.65,7951.3,2024-06-12,North
ORD-000496,SQL Handbook,Books,5.0,506.95,2534.75,2023-11-15,North
ORD-000497,Formal Shirt,Clothing,4.0,963.61,3854.44,2024-07-31,North
ORD-000498,Towel Set,Home & Kitchen,1.0,607.37,607.37,2023-07-20,West
ORD-000499,Cotton T-Shirt,Clothing,3.0,505.22,1515.66,2024-02-24,West
ORD-000500,USB-C Cable,Electronics,4.0,191.61,766.44,2023-01-02,West
ORD-000501,Coffee Maker,Home & Kitchen,1.0,2302.7,2302.7,2023-07-30,East
ORD-000502,HD Webcam,Electronics,1.0,1035.8,1035.8,2024-12-29,North
ORD-000503,Water Bottle Sport,Sports,4.0,344.65,1378.6,2024-12-18,West
ORD-000504,Dumbbells Set,Sports,1.0,2738.88,2738.88,2024-06-01,North
ORD-000505,Yoga Mat,Sports,1.0,,799.4,2024-03-21,South
ORD-000506,Water Bottle,Home & Kitchen,3.0,283.41,850.23,2024-12-18,East
ORD-000507,Denim Jeans,Clothing,1.0,1404.28,1404.28,2023-07-27,North
ORD-000508,HD Webcam,Electronics,1.0,1166.34,1166.34,2024-04-05,East
ORD-000509,Sunglasses,Clothing,3.0,883.49,2650.47,2023-11-12,North
ORD-000510,Non-Stick Pan,Home & Kitchen,1.0,757.72,757.72,2023-08-09,North
ORD-000511,Sports Shorts,Clothing,1.0,736.16,736.16,2024-02-10,South
ORD-000512,Cotton T-Shirt,Clothing,7.0,507.38,3551.66,2024-02-19,East
ORD-000513,Headphones,Electronics,1.0,1337.91,1337.91,2023-04-15,North
ORD-000514,Running Shoes,Clothing,1.0,2403.22,2403.22,2023-07-22,West
ORD-000515,Power Bank 10000mAh,Electronics,2.0,781.54,1563.08,2023-03-18,Central
ORD-000516,Machine Learning,Books,1.0,987.83,987.83,2023-04-05,South
ORD-000517,Headphones,Electronics,2.0,1533.25,3066.5,2023-02-21,West
ORD-000518,Cloud Computing,Books,1.0,732.52,732.52,2023-01-31,South
ORD-000519,Formal Shirt,Clothing,3.0,804.24,2412.72,2023-10-14,East
ORD-000520,Football,Sports,3.0,777.9,2333.7,2024-10-24,East
ORD-000521,USB Keyboard,Electronics,1.0,634.25,634.25,2023-10-14,West
ORD-000522,Football,Sports,1.0,809.46,809.46,2024-10-07,North
ORD-000523,AI Foundations,Books,1.0,994.41,994.41,2024-05-06,Central
ORD-000524,Gym Gloves,Sports,2.0,428.05,856.1,2024-02-02,East
ORD-000525,Power Bank 10000mAh,Electronics,2.0,891.36,1782.72,2023-03-01,South
ORD-000526,Football,Sports,3.0,836.6,2509.8,2023-06-13,South
ORD-000527,Bluetooth Speaker,Electronics,4.0,1960.59,7842.36,2024-08-12,South
ORD-000528,Running Shoes,Clothing,2.0,2728.57,5457.14,2023-08-31,West
ORD-000529,Yoga Mat,Sports,1.0,1019.71,1019.71,2024-12-21,East
ORD-000530,Football,Sports,3.0,721.23,2163.69,2024-05-19,North
ORD-000531,Bluetooth Speaker,Electronics,1.0,1814.28,1814.28,2024-09-08,North
ORD-000532,Football,Sports,1.0,721.69,721.69,2023-05-14,West
ORD-000533,Non-Stick Pan,Home & Kitchen,2.0,848.07,1696.14,2023-01-23,North
ORD-000534,USB-C Cable,Electronics,6.0,225.38,1352.28,2023-03-16,South
ORD-000535,USB-C Cable,Electronics,6.0,227.41,1364.46,2023-11-06,West
ORD-000536,Cloud Computing,Books,1.0,795.55,795.55,2024-10-26,
ORD-000537,Gym Gloves,Sports,1.0,546.07,546.07,2023-08-17,South
ORD-000538,Air Purifier,Home & Kitchen,1.0,5672.05,5672.05,2023-07-01,Central
ORD-000539,Python Programming,Books,3.0,674.66,2023.98,2023-07-06,Central
ORD-000540,Denim Jeans,Clothing,1.0,1394.61,1394.61,2024-05-23,North
ORD-000541,Air Purifier,Home & Kitchen,1.0,4382.21,4382.21,2024-10-13,West
ORD-000542,Towel Set,Home & Kitchen,1.0,553.99,553.99,2023-01-12,North
ORD-000543,Coffee Maker,Home & Kitchen,1.0,2452.68,2452.68,2023-01-02,South
ORD-000544,Sneakers,Clothing,2.0,1909.78,3819.56,2024-05-19,South
ORD-000545,Web Development,Books,3.0,761.74,2285.22,2023-06-16,North
ORD-000546,USB-C Cable,Electronics,2.0,173.58,347.16,2023-09-25,North
ORD-000547,Machine Learning,Books,1.0,1006.37,1006.37,2023-03-18,North
ORD-000548,Jump Rope,Sports,5.0,338.69,1693.45,2024-12-22,North
ORD-000549,Machine Learning,Books,1.0,819.59,819.59,2023-02-24,North
ORD-000550,Resistance Bands,Sports,1.0,367.58,367.58,2024-11-07,North
ORD-000551,Jump Rope,Sports,4.0,254.49,1017.96,2023-06-07,North
ORD-000552,Jump Rope,Sports,2.0,272.71,545.42,2023-07-24,West
ORD-000553,Headphones,Electronics,1.0,1453.86,1453.86,2023-04-29,East
ORD-000554,Coffee Maker,Home & Kitchen,1.0,2262.76,2262.76,2024-10-19,Central
ORD-000555,Air Purifier,Home & Kitchen,1.0,4908.63,4908.63,2024-04-01,South
ORD-000556,Non-Stick Pan,Home & Kitchen,2.0,839.14,1678.28,2023-06-04,North
ORD-000557,Water Bottle,Home & Kitchen,3.0,259.62,778.86,2024-08-26,South
ORD-000558,Water Bottle Sport,Sports,1.0,394.69,394.69,2024-07-02,East
ORD-000559,Sunglasses,Clothing,2.0,895.55,1791.1,2023-11-03,West
ORD-000560,Cricket Bat,Sports,1.0,1476.08,1476.08,2023-05-04,Central
ORD-000561,Winter Jacket,Clothing,1.0,3418.57,3418.57,2023-07-17,Central
ORD-000562,Web Development,Books,3.0,718.93,2156.79,2024-10-04,South
ORD-000563,USB Keyboard,Electronics,1.0,660.15,660.15,2024-02-02,Central
ORD-000564,Jump Rope,Sports,6.0,310.04,1860.24,2023-01-13,East
ORD-000565,Data Science Guide,Books,4.0,814.96,3259.84,2024-02-29,East
ORD-000566,USB Keyboard,Electronics,1.0,705.72,705.72,2024-07-30,Central
ORD-000567,Water Bottle,Home & Kitchen,3.0,297.71,893.13,2023-09-28,East
ORD-000568,HD Webcam,Electronics,1.0,1242.57,1242.57,2023-10-10,West
ORD-000569,Python Programming,Books,3.0,568.72,1706.16,2024-02-10,North
ORD-000570,SQL Handbook,Books,3.0,546.51,1639.53,2024-01-17,South
ORD-000571,Towel Set,Home & Kitchen,1.0,683.91,683.91,2024-12-13,North
ORD-000572,Towel Set,Home & Kitchen,3.0,584.04,1752.12,2023-11-25,West
ORD-000573,Sunglasses,Clothing,2.0,776.75,1553.5,2023-08-05,East
ORD-000574,Gym Gloves,Sports,2.0,447.95,895.9,2023-02-27,South
ORD-000575,Water Bottle Sport,Sports,3.0,351.54,1054.62,2023-05-19,East
ORD-000576,Winter Jacket,Clothing,1.0,3236.04,3236.04,2023-07-25,East
ORD-000577,Desk Lamp,Home & Kitchen,1.0,592.57,592.57,2023-10-08,South
ORD-000578,Wireless Mouse,Electronics,2.0,462.7,925.4,2023-09-05,North
ORD-000579,AI Foundations,Books,1.0,1117.23,1117.23,2023-12-19,West
ORD-000580,Power Bank 10000mAh,Electronics,1.0,808.09,808.09,2023-01-29,East
ORD-000581,Winter Jacket,Clothing,,3191.16,3191.16,2024-10-24,West
ORD-000582,Yoga Mat,Sports,1.0,1009.99,1009.99,2024-11-29,West
ORD-000583,Yoga Mat,Sports,1.0,981.28,981.28,2023-08-18,South
ORD-000584,Water Bottle,Home & Kitchen,3.0,295.32,885.96,2024-01-21,North
ORD-000585,Water Bottle,Home & Kitchen,4.0,300.03,1200.12,2024-08-21,West
ORD-000586,Storage Containers,Home & Kitchen,7.0,347.09,2429.63,2023-11-02,South
ORD-000587,Blender,Home & Kitchen,,2019.26,4038.52,2023-10-11,Central
ORD-000588,Desk Lamp,Home & Kitchen,2.0,552.33,1104.66,2023-06-03,North
ORD-000589,Water Bottle Sport,Sports,2.0,311.3,622.6,2024-11-07,North
ORD-000590,SQL Handbook,Books,4.0,484.72,1938.88,2023-09-23,West
ORD-000591,Football,Sports,1.0,732.45,732.45,2023-12-18,East
ORD-000592,AI Foundations,Books,4.0,900.1,3600.4,2024-06-03,West
ORD-000593,Cricket Bat,Sports,1.0,1331.69,1331.69,2023-10-28,South
ORD-000594,Cricket Bat,Sports,1.0,1568.45,1568.45,2024-11-27,North
ORD-000595,Formal Shirt,Clothing,3.0,853.51,2560.53,2024-03-06,South
ORD-000596,Towel Set,Home & Kitchen,1.0,664.84,664.84,2023-05-01,East
ORD-000597,Dumbbells Set,Sports,1.0,2499.36,2499.36,2024-04-28,Central
ORD-000598,SQL Handbook,Books,1.0,,552.03,2024-02-28,North
ORD-000599,Sports Shorts,Clothing,3.0,781.38,2344.14,2024-02-24,Central
ORD-000600,Sports Shorts,Clothing,6.0,696.4,4178.4,2023-07-04,West
ORD-000601,Sports Shorts,Clothing,1.0,688.95,688.95,2024-10-11,North
ORD-000602,Running Shoes,Clothing,2.0,2708.73,5417.46,2024-05-16,North
ORD-000603,Statistics Book,Books,3.0,644.6,1933.8,2024-02-18,North
ORD-000604,Football,Sports,1.0,892.96,892.96,2024-01-18,West
ORD-000605,Football,Sports,1.0,829.37,829.37,2023-01-19,North
ORD-000606,Storage Containers,Home & Kitchen,3.0,349.35,1048.05,2023-05-13,South
ORD-000607,Wireless Mouse,Electronics,4.0,444.05,1776.2,2023-11-02,East
ORD-000608,Gym Gloves,Sports,2.0,573.17,1146.34,2024-03-20,South
ORD-000609,AI Foundations,Books,1.0,1120.95,1120.95,2023-07-12,West
ORD-000610,Bluetooth Speaker,Electronics,1.0,1600.85,1600.85,2023-08-18,West
ORD-000611,Cricket Bat,Sports,1.0,1566.7,1566.7,2023-05-07,North
ORD-000612,Non-Stick Pan,Home & Kitchen,1.0,837.82,837.82,2024-08-31,West
ORD-000613,Wireless Mouse,Electronics,1.0,442.48,442.48,2024-12-07,North
ORD-000614,Towel Set,Home & Kitchen,2.0,634.08,1268.16,2024-12-19,West
ORD-000615,Water Bottle,Home & Kitchen,5.0,300.82,1504.1,2024-11-08,East
ORD-000616,Sneakers,Clothing,1.0,2069.58,2069.58,2023-04-18,South
ORD-000617,Headphones,Electronics,2.0,1625.08,3250.16,2023-07-23,West
ORD-000618,Sports Shorts,Clothing,1.0,627.78,627.78,2024-12-21,East
ORD-000619,Sunglasses,Clothing,1.0,682.21,682.21,2023-12-05,North
ORD-000620,Headphones,Electronics,1.0,1625.79,1625.79,2023-06-02,North
ORD-000621,Power Bank 10000mAh,Electronics,2.0,1030.79,2061.58,2024-10-21,South
ORD-000622,Python Programming,Books,1.0,666.23,666.23,2023-04-13,Central
ORD-000623,Blender,Home & Kitchen,1.0,1668.27,1668.27,2024-03-12,West
ORD-000624,Wireless Mouse,Electronics,1.0,405.52,405.52,2023-05-22,South
ORD-000625,SQL Handbook,Books,1.0,475.46,475.46,2023-04-06,North
ORD-000626,Cloud Computing,Books,3.0,791.67,2375.01,2023-10-06,East
ORD-000627,Machine Learning,Books,1.0,960.06,960.06,2023-04-26,Central
ORD-000628,Denim Jeans,Clothing,2.0,1292.25,2584.5,2024-03-02,East
ORD-000629,Machine Learning,Books,1.0,860.86,860.86,2024-09-17,North
ORD-000630,Sunglasses,Clothing,2.0,777.73,1555.46,2024-05-14,North
ORD-000631,Blender,Home & Kitchen,1.0,2000.37,2000.37,2023-01-13,West
ORD-000632,Football,Sports,3.0,803.58,2410.74,2024-11-16,West
ORD-000633,Dumbbells Set,Sports,1.0,2310.51,2310.51,2024-03-19,South
ORD-000634,Machine Learning,Books,1.0,929.45,929.45,2024-07-25,North
ORD-000635,Sunglasses,Clothing,2.0,697.1,1394.2,2024-05-22,East
ORD-000636,Sports Shorts,Clothing,1.0,640.85,640.85,2023-10-12,West
ORD-000637,Web Development,Books,1.0,762.17,762.17,2023-03-22,South
ORD-000638,Cloud Computing,Books,2.0,748.41,1496.82,2023-11-20,West
ORD-000639,Laptop Stand,Electronics,2.0,1116.2,2232.4,2024-02-27,West
ORD-000640,Resistance Bands,Sports,3.0,417.51,1252.53,2024-06-04,East
ORD-000641,Blender,Home & Kitchen,1.0,2095.16,2095.16,2023-02-25,South
ORD-000642,Jump Rope,Sports,4.0,294.74,1178.96,2024-11-03,North
ORD-000643,Cotton T-Shirt,Clothing,8.0,519.01,4152.08,2023-12-16,West
ORD-000644,Gym Gloves,Sports,1.0,558.41,558.41,2024-12-19,East
ORD-000645,Data Science Guide,Books,3.0,724.1,2172.3,2023-09-18,Central
ORD-000646,Web Development,Books,3.0,634.11,1902.33,2024-04-13,South
ORD-000647,Python Programming,Books,1.0,614.96,614.96,2024-10-10,West
ORD-000648,Cloud Computing,Books,3.0,749.94,2249.82,2024-11-05,Central
ORD-000649,Wireless Mouse,Electronics,1.0,495.74,495.74,2024-07-20,East
ORD-000650,Cricket Bat,Sports,1.0,1602.65,1602.65,2024-12-09,North
ORD-000651,AI Foundations,Books,1.0,974.62,974.62,2024-05-31,East
ORD-000652,Formal Shirt,Clothing,1.0,1025.89,1025.89,2024-02-12,East
ORD-000653,Running Shoes,Clothing,3.0,2788.71,8366.13,2024-02-27,East
ORD-000654,Gym Gloves,Sports,3.0,507.02,1521.06,2024-12-29,North
ORD-000655,Formal Shirt,Clothing,1.0,945.49,945.49,2024-12-04,Central
ORD-000656,Sports Shorts,Clothing,3.0,668.01,2004.03,2024-12-28,East
ORD-000657,Water Bottle Sport,Sports,2.0,384.74,769.48,2024-11-21,South
ORD-000658,Python Programming,Books,3.0,577.59,1732.77,2024-06-19,North
ORD-000659,Bluetooth Speaker,Electronics,1.0,1616.91,1616.91,2023-10-01,South
ORD-000660,Air Purifier,Home & Kitchen,1.0,4691.77,4691.77,2023-03-05,West
ORD-000661,USB-C Cable,Electronics,2.0,220.97,441.94,2024-04-08,West
ORD-000662,Sneakers,Clothing,2.0,2177.01,4354.02,2023-09-01,West
ORD-000663,Laptop Stand,Electronics,2.0,1195.08,2390.16,2024-02-01,West
ORD-000664,Yoga Mat,Sports,3.0,818.92,2456.76,2023-01-14,Central
ORD-000665,Web Development,Books,2.0,729.96,1459.92,2024-10-10,West
ORD-000666,Football,Sports,,721.68,721.68,2023-07-18,West
ORD-000667,Running Shoes,Clothing,1.0,2154.61,2154.61,2024-06-10,South
ORD-000668,Air Purifier,Home & Kitchen,1.0,4631.6,4631.6,2023-06-14,South
ORD-000669,Cotton T-Shirt,Clothing,2.0,513.5,1027.0,2023-06-07,West
ORD-000670,Resistance Bands,Sports,4.0,405.0,1620.0,2024-05-17,North
ORD-000671,Desk Lamp,Home & Kitchen,3.0,650.44,1951.32,2023-07-08,North
ORD-000672,Water Bottle Sport,Sports,4.0,389.14,1556.56,2023-04-05,West
ORD-000673,Blender,Home & Kitchen,3.0,2042.94,6128.82,2023-10-28,East
ORD-000674,Yoga Mat,Sports,1.0,884.35,884.35,2023-04-28,Central
ORD-000675,Football,Sports,1.0,756.08,756.08,2023-02-10,Central
ORD-000676,Laptop Stand,Electronics,2.0,1028.33,2056.66,2023-09-20,Central
ORD-000677,Towel Set,Home & Kitchen,3.0,670.57,2011.71,2024-05-13,North
ORD-000678,Dumbbells Set,Sports,1.0,2841.07,2841.07,2023-04-09,East
ORD-000679,USB Keyboard,Electronics,1.0,703.35,703.35,2023-08-04,Central
ORD-000680,Data Science Guide,Books,4.0,847.6,3390.4,2023-07-30,Central
ORD-000681,Data Science Guide,Books,1.0,789.23,789.23,2024-12-03,South
ORD-000682,USB Keyboard,Electronics,1.0,601.62,601.62,2023-02-25,North
ORD-000683,Formal Shirt,Clothing,3.0,934.12,2802.36,2024-02-22,South
ORD-000684,Laptop Stand,Electronics,1.0,936.95,936.95,2024-11-20,West
ORD-000685,Wireless Mouse,Electronics,3.0,430.79,1292.37,2024-12-18,East
ORD-000686,Storage Containers,Home & Kitchen,1.0,376.77,376.77,2024-09-13,South
ORD-000687,Python Programming,Books,2.0,548.66,1097.32,2024-04-30,West
ORD-000688,Resistance Bands,Sports,1.0,420.22,420.22,2024-10-11,Central
ORD-000689,Non-Stick Pan,Home & Kitchen,1.0,713.04,713.04,2024-07-20,North
ORD-000690,Water Bottle Sport,Sports,3.0,305.56,916.68,2024-07-04,North
ORD-000691,Desk Lamp,Home & Kitchen,4.0,662.16,2648.64,2024-02-27,North
ORD-000692,Winter Jacket,Clothing,2.0,3178.13,6356.26,2024-09-23,North
ORD-000693,Yoga Mat,Sports,1.0,912.39,912.39,2024-07-16,South
ORD-000694,Power Bank 10000mAh,Electronics,1.0,920.74,920.74,2023-04-11,Central
ORD-000695,Air Purifier,Home & Kitchen,1.0,4399.19,4399.19,2024-11-18,East
ORD-000696,Sports Shorts,Clothing,1.0,723.4,723.4,2024-05-12,South
ORD-000697,Cricket Bat,Sports,1.0,1637.37,1637.37,2024-08-02,Central
ORD-000698,Cotton T-Shirt,Clothing,3.0,457.31,1371.93,2023-11-17,West
ORD-000699,SQL Handbook,Books,4.0,533.88,2135.52,2024-01-04,Central
ORD-000700,Cloud Computing,Books,2.0,746.07,1492.14,2024-01-03,North
ORD-000701,Dumbbells Set,Sports,1.0,2229.11,2229.11,2023-10-15,East
ORD-000702,Coffee Maker,Home & Kitchen,1.0,2761.09,2761.09,2023-03-19,West
ORD-000703,Water Bottle Sport,Sports,4.0,300.49,1201.96,2024-08-27,South
ORD-000704,Jump Rope,Sports,1.0,286.96,286.96,2024-10-31,North
ORD-000705,Resistance Bands,Sports,1.0,400.25,400.25,2023-05-18,South
ORD-000706,Yoga Mat,Sports,2.0,1024.14,2048.28,2024-11-09,Central
ORD-000707,Running Shoes,Clothing,3.0,2548.75,7646.25,2024-04-01,East
ORD-000708,Sunglasses,Clothing,2.0,861.67,1723.34,2024-01-03,North
ORD-000709,Blender,Home & Kitchen,1.0,1731.95,1731.95,2023-08-28,Central
ORD-000710,Water Bottle,Home & Kitchen,4.0,333.23,1332.92,2024-04-25,North
ORD-000711,Coffee Maker,Home & Kitchen,1.0,2599.14,2599.14,2024-12-21,South
ORD-000712,Air Purifier,Home & Kitchen,1.0,4796.99,4796.99,2024-01-21,West
ORD-000713,Power Bank 10000mAh,Electronics,1.0,824.27,824.27,2024-01-21,South
ORD-000714,Towel Set,Home & Kitchen,2.0,510.34,1020.68,2024-05-08,Central
ORD-000715,Machine Learning,Books,1.0,937.7,937.7,2023-08-24,North
ORD-000716,Running Shoes,Clothing,2.0,2736.62,5473.24,2024-01-06,West
ORD-000717,AI Foundations,Books,2.0,992.65,1985.3,2023-04-27,North
ORD-000718,Sneakers,Clothing,3.0,1775.84,5327.52,2023-01-23,East
ORD-000719,Cotton T-Shirt,Clothing,1.0,449.05,449.05,2024-08-09,Central
ORD-000720,Water Bottle Sport,Sports,4.0,363.41,1453.64,2024-09-05,Central
ORD-000721,Coffee Maker,Home & Kitchen,1.0,2868.43,2868.43,2023-08-10,Central
ORD-000722,Winter Jacket,Clothing,3.0,3808.26,11424.78,2024-02-25,West
ORD-000723,Formal Shirt,Clothing,1.0,856.57,856.57,2023-06-21,East
ORD-000724,Dumbbells Set,Sports,1.0,2223.27,2223.27,2023-08-24,North
ORD-000725,Water Bottle Sport,Sports,1.0,315.23,315.23,2023-06-03,Central
ORD-000726,Yoga Mat,Sports,2.0,795.84,1591.68,2024-06-28,East
ORD-000727,Cotton T-Shirt,Clothing,5.0,502.3,2511.5,2024-11-25,South
ORD-000728,Laptop Stand,Electronics,1.0,1094.1,1094.1,2023-08-23,West
ORD-000729,Coffee Maker,Home & Kitchen,1.0,2481.86,2481.86,2024-03-11,North
ORD-000730,Power Bank 10000mAh,Electronics,2.0,874.36,1748.72,2024-09-04,North
ORD-000731,USB Keyboard,Electronics,1.0,680.14,680.14,2024-06-16,West
ORD-000732,Water Bottle,Home & Kitchen,4.0,292.37,1169.48,2024-01-06,East
ORD-000733,Water Bottle,Home & Kitchen,3.0,278.87,836.61,2024-08-01,West
ORD-000734,Sneakers,Clothing,2.0,1988.49,3976.98,2024-07-19,South
ORD-000735,Jump Rope,Sports,4.0,305.97,1223.88,2023-09-17,West
ORD-000736,Machine Learning,Books,1.0,826.12,826.12,2024-11-06,West
ORD-000737,Denim Jeans,Clothing,1.0,1410.49,1410.49,2023-08-08,West
ORD-000738,Yoga Mat,Sports,1.0,935.65,935.65,2023-06-14,West
ORD-000739,Sunglasses,Clothing,3.0,694.51,2083.53,2024-09-06,North
ORD-000740,Wireless Mouse,Electronics,2.0,436.59,873.18,2024-01-29,West
ORD-000741,Non-Stick Pan,Home & Kitchen,2.0,784.37,1568.74,2023-06-29,North
ORD-000742,Resistance Bands,Sports,2.0,410.91,821.82,2023-07-19,East
ORD-000743,Running Shoes,Clothing,4.0,2303.52,9214.08,2024-11-21,North
ORD-000744,Denim Jeans,Clothing,2.0,1241.76,2483.52,2023-10-10,South
ORD-000745,Football,Sports,2.0,847.81,1695.62,2024-06-14,Central
ORD-000746,Resistance Bands,Sports,,380.82,380.82,2024-07-26,Central
ORD-000747,Desk Lamp,Home & Kitchen,2.0,590.87,1181.74,2024-09-12,South
ORD-000748,Power Bank 10000mAh,Electronics,1.0,792.86,792.86,2023-06-29,North
ORD-000749,Blender,Home & Kitchen,2.0,2159.19,4318.38,2023-04-30,Central
ORD-000750,Resistance Bands,Sports,7.0,384.29,2690.03,2024-12-11,East
ORD-000751,Sports Shorts,Clothing,1.0,782.15,782.15,2024-04-14,Central
ORD-000752,Data Science Guide,Books,2.0,831.04,1662.08,2023-09-22,Central
ORD-000753,Sports Shorts,Clothing,1.0,702.46,702.46,2024-02-27,North
ORD-000754,Desk Lamp,Home & Kitchen,2.0,630.21,1260.42,2023-10-22,West
ORD-000755,HD Webcam,Electronics,2.0,1098.68,2197.36,2024-05-02,East
ORD-000756,Winter Jacket,Clothing,1.0,3220.68,3220.68,2024-05-25,North
ORD-000757,Desk Lamp,Home & Kitchen,2.0,554.02,1108.04,2023-08-23,East
ORD-000758,Denim Jeans,Clothing,4.0,1367.51,5470.04,2023-05-03,West
ORD-000759,Yoga Mat,Sports,1.0,992.86,992.86,2024-07-08,South
ORD-000760,Towel Set,Home & Kitchen,4.0,597.35,2389.4,2024-08-11,Central
ORD-000761,Resistance Bands,Sports,2.0,408.18,816.36,2024-02-12,North
ORD-000762,Cloud Computing,Books,1.0,714.69,714.69,2024-07-07,Central
ORD-000763,Sunglasses,Clothing,2.0,789.43,1578.86,2023-05-04,West
ORD-000764,Bluetooth Speaker,Electronics,1.0,1705.74,1705.74,2024-01-24,East
ORD-000765,Air Purifier,Home & Kitchen,1.0,4653.18,4653.18,2024-07-15,Central
ORD-000766,Blender,Home & Kitchen,4.0,1734.09,6936.36,2023-07-08,West
ORD-000767,Blender,Home & Kitchen,3.0,1716.63,5149.89,2024-02-15,North
ORD-000768,Football,Sports,2.0,871.89,1743.78,2023-04-13,East
ORD-000769,Web Development,Books,1.0,749.02,749.02,2023-05-30,East
ORD-000770,HD Webcam,Electronics,1.0,1378.4,1378.4,2024-03-07,West
ORD-000771,Gym Gloves,Sports,2.0,508.3,1016.6,2024-05-13,East
ORD-000772,Data Science Guide,Books,2.0,730.8,1461.6,2024-12-08,South
ORD-000773,Headphones,Electronics,3.0,,4311.42,2023-12-09,East
ORD-000774,Blender,Home & Kitchen,2.0,1814.17,3628.34,2023-01-21,West
ORD-000775,Football,Sports,1.0,834.75,834.75,2024-08-13,North
ORD-000776,Blender,Home & Kitchen,2.0,1891.88,3783.76,2023-11-29,West
ORD-000777,Laptop Stand,Electronics,2.0,1143.47,2286.94,2024-09-20,North
ORD-000778,Sports Shorts,Clothing,1.0,714.02,714.02,2024-03-07,West
ORD-000779,USB Keyboard,Electronics,1.0,613.63,613.63,2023-06-15,West
ORD-000780,Water Bottle,Home & Kitchen,5.0,324.2,1621.0,2023-10-05,Central
ORD-000781,Jump Rope,Sports,3.0,330.77,992.31,2024-02-28,North
ORD-000782,Formal Shirt,Clothing,2.0,820.94,1641.88,2024-12-18,South
ORD-000783,USB Keyboard,Electronics,1.0,557.64,557.64,2024-04-29,South
ORD-000784,USB Keyboard,Electronics,1.0,568.94,568.94,2023-09-26,Central
ORD-000785,SQL Handbook,Books,3.0,466.69,1400.07,2023-08-23,East
ORD-000786,Running Shoes,Clothing,1.0,2391.67,2391.67,2023-01-30,Central
ORD-000787,Cloud Computing,Books,1.0,759.91,759.91,2024-07-07,North
ORD-000788,Cricket Bat,Sports,1.0,1557.93,1557.93,2024-08-28,West
ORD-000789,Water Bottle Sport,Sports,6.0,352.54,2115.24,2024-06-20,Central
ORD-000790,Web Development,Books,2.0,670.85,1341.7,2023-04-02,South
ORD-000791,Non-Stick Pan,Home & Kitchen,1.0,860.91,860.91,2023-01-01,North
ORD-000792,Towel Set,Home & Kitchen,2.0,674.85,1349.7,2024-07-01,Central
ORD-000793,SQL Handbook,Books,3.0,543.61,1630.83,2023-01-10,East
ORD-000794,USB-C Cable,Electronics,1.0,202.62,202.62,2023-07-13,South
ORD-000795,Sneakers,Clothing,3.0,1746.65,5239.95,2024-01-23,East
ORD-000796,Resistance Bands,Sports,4.0,402.82,1611.28,2023-10-19,South
ORD-000797,Denim Jeans,Clothing,4.0,1147.16,4588.64,2023-07-06,East
ORD-000798,SQL Handbook,Books,4.0,452.26,1809.04,2024-12-18,North
ORD-000799,Wireless Mouse,Electronics,1.0,420.59,420.59,2023-07-10,North
ORD-000800,Python Programming,Books,1.0,511.8,511.8,2023-08-27,North
ORD-000801,SQL Handbook,Books,2.0,493.56,987.12,2024-05-25,West
ORD-000802,Coffee Maker,Home & Kitchen,1.0,2705.66,2705.66,2023-05-30,North
ORD-000803,Machine Learning,Books,5.0,831.6,4158.0,2023-07-16,South
ORD-000804,USB Keyboard,Electronics,1.0,742.62,742.62,2023-09-12,North
ORD-000805,Bluetooth Speaker,Electronics,1.0,1580.74,1580.74,2024-04-16,West
ORD-000806,Sunglasses,Clothing,1.0,753.96,753.96,2024-02-03,South
ORD-000807,USB Keyboard,Electronics,3.0,610.77,1832.31,2023-09-17,South
ORD-000808,Bluetooth Speaker,Electronics,1.0,1764.45,1764.45,2023-04-26,North
ORD-000809,Coffee Maker,Home & Kitchen,2.0,2130.84,4261.68,2024-02-10,North
ORD-000810,Machine Learning,Books,1.0,831.23,831.23,2024-01-16,East
ORD-000811,Gym Gloves,Sports,5.0,477.37,2386.85,2024-10-02,North
ORD-000812,Dumbbells Set,Sports,1.0,2361.61,2361.61,2023-05-09,East
ORD-000813,Towel Set,Home & Kitchen,1.0,577.04,577.04,2023-07-17,West
ORD-000814,Non-Stick Pan,Home & Kitchen,3.0,813.15,2439.45,2024-05-11,East
ORD-000815,Web Development,Books,3.0,667.06,2001.18,2024-08-03,West
ORD-000816,Air Purifier,Home & Kitchen,1.0,4923.09,4923.09,2023-03-12,West
ORD-000817,Gym Gloves,Sports,1.0,,519.66,2024-04-09,South
ORD-000818,Cotton T-Shirt,Clothing,6.0,540.32,3241.92,2024-09-26,North
ORD-000819,Laptop Stand,Electronics,1.0,1099.19,1099.19,2023-07-14,East
ORD-000820,Resistance Bands,Sports,2.0,377.7,755.4,2023-11-27,North
ORD-000821,Wireless Mouse,Electronics,1.0,386.72,386.72,2023-05-13,North
ORD-000822,Denim Jeans,Clothing,1.0,1430.06,1430.06,2023-02-02,West
ORD-000823,Resistance Bands,Sports,3.0,411.68,1235.04,2023-02-20,North
ORD-000824,Sunglasses,Clothing,1.0,832.3,832.3,2023-03-23,South
ORD-000825,AI Foundations,Books,1.0,1034.04,1034.04,2024-12-26,East
ORD-000826,Power Bank 10000mAh,Electronics,1.0,1023.22,1023.22,2023-03-21,North
ORD-000827,Sneakers,Clothing,1.0,2093.08,2093.08,2023-07-14,East
ORD-000828,Sneakers,Clothing,1.0,2044.92,2044.92,2023-04-19,West
ORD-000829,Data Science Guide,Books,1.0,810.98,810.98,2023-06-20,East
ORD-000830,Sunglasses,Clothing,4.0,811.0,3244.0,2023-12-27,Central
ORD-000831,Water Bottle,Home & Kitchen,2.0,319.26,638.52,2024-10-10,East
ORD-000832,Football,Sports,1.0,901.15,901.15,2024-01-20,South
ORD-000833,Cloud Computing,Books,1.0,644.44,644.44,2024-02-11,South
ORD-000834,HD Webcam,Electronics,2.0,1374.38,2748.76,2023-11-06,North
ORD-000835,Non-Stick Pan,Home & Kitchen,2.0,899.46,1798.92,2024-12-07,East
ORD-000836,Cricket Bat,Sports,1.0,1434.09,1434.09,2023-04-07,North
ORD-000837,Desk Lamp,Home & Kitchen,1.0,563.11,563.11,2023-08-27,East
ORD-000838,Football,Sports,3.0,869.21,2607.63,2023-03-21,North
ORD-000839,Dumbbells Set,Sports,3.0,2152.17,6456.51,2024-09-01,West
ORD-000840,Data Science Guide,Books,1.0,759.3,759.3,2023-02-27,Central
ORD-000841,Statistics Book,Books,1.0,595.79,595.79,2023-05-04,West
ORD-000842,Yoga Mat,Sports,2.0,867.31,1734.62,2024-10-11,South
ORD-000843,USB-C Cable,Electronics,3.0,188.66,565.98,2024-07-06,West
ORD-000844,Cotton T-Shirt,Clothing,3.0,482.96,1448.88,2024-11-20,South
ORD-000845,Dumbbells Set,Sports,1.0,2713.69,2713.69,2023-08-16,North
ORD-000846,Coffee Maker,Home & Kitchen,2.0,2161.12,4322.24,2024-05-02,South
ORD-000847,Laptop Stand,Electronics,1.0,1165.3,1165.3,2024-05-28,West
ORD-000848,Web Development,Books,1.0,713.96,713.96,2024-05-14,East
ORD-000849,Football,Sports,3.0,865.34,2596.02,2023-09-06,South
ORD-000850,Dumbbells Set,Sports,1.0,2441.68,2441.68,2023-04-26,South
ORD-000851,Blender,Home & Kitchen,1.0,2052.64,2052.64,2024-08-31,North
ORD-000852,Towel Set,Home & Kitchen,1.0,517.21,517.21,2024-09-30,West
ORD-000853,Sports Shorts,Clothing,1.0,772.97,772.97,2023-06-09,North
ORD-000854,Bluetooth Speaker,Electronics,1.0,1999.13,1999.13,2024-09-27,West
ORD-000855,USB-C Cable,Electronics,2.0,187.37,374.74,2024-12-11,East
ORD-000856,Desk Lamp,Home & Kitchen,1.0,607.34,607.34,2024-07-04,West
ORD-000857,Jump Rope,Sports,4.0,266.83,1067.32,2024-09-29,West
ORD-000858,Laptop Stand,Electronics,1.0,1108.84,1108.84,2024-08-19,South
ORD-000859,Power Bank 10000mAh,Electronics,2.0,930.82,1861.64,2023-07-25,North
ORD-000860,USB Keyboard,Electronics,4.0,681.78,2727.12,2024-02-02,Central
ORD-000861,Coffee Maker,Home & Kitchen,2.0,2786.44,5572.88,2023-01-20,South
ORD-000862,Data Science Guide,Books,3.0,822.28,2466.84,2023-11-20,North
ORD-000863,Sunglasses,Clothing,2.0,684.3,1368.6,2024-07-28,North
ORD-000864,Resistance Bands,Sports,3.0,428.25,1284.75,2023-12-08,North
ORD-000865,Blender,Home & Kitchen,1.0,2181.57,2181.57,2024-10-02,Central
ORD-000866,Non-Stick Pan,Home & Kitchen,1.0,771.95,771.95,2024-10-02,Central
ORD-000867,Power Bank 10000mAh,Electronics,2.0,1006.12,2012.24,2023-08-19,West
ORD-000868,Laptop Stand,Electronics,1.0,1137.11,1137.11,2024-06-17,East
ORD-000869,Sneakers,Clothing,1.0,1954.9,1954.9,2023-09-04,South
ORD-000870,Gym Gloves,Sports,2.0,455.1,910.2,2024-04-04,North
ORD-000871,Football,Sports,1.0,848.17,848.17,2023-05-22,East
ORD-000872,Sneakers,Clothing,3.0,2037.89,6113.67,2023-05-29,North
ORD-000873,USB Keyboard,Electronics,1.0,724.03,724.03,2023-07-08,West
ORD-000874,Water Bottle,Home & Kitchen,3.0,321.03,963.09,2024-02-26,West
ORD-000875,Air Purifier,Home & Kitchen,1.0,4526.21,4526.21,2023-07-12,West
ORD-000876,Resistance Bands,Sports,1.0,366.79,366.79,2024-09-12,North
ORD-000877,USB-C Cable,Electronics,1.0,197.6,197.6,2023-03-23,East
ORD-000878,Jump Rope,Sports,4.0,270.65,1082.6,2024-12-30,South
ORD-000879,Machine Learning,Books,2.0,772.84,1545.68,2023-06-17,West
ORD-000880,Power Bank 10000mAh,Electronics,5.0,945.21,4726.05,2024-02-27,North
ORD-000881,Denim Jeans,Clothing,2.0,1488.25,2976.5,2023-07-01,Central
ORD-000882,AI Foundations,Books,1.0,977.29,977.29,2024-04-13,West
ORD-000883,Water Bottle Sport,Sports,5.0,394.98,1974.9,2023-11-17,East
ORD-000884,Yoga Mat,Sports,1.0,887.38,887.38,2024-06-17,Central
ORD-000885,Sneakers,Clothing,1.0,2008.67,2008.67,2023-02-10,West
ORD-000886,Bluetooth Speaker,Electronics,1.0,2007.57,2007.57,2023-10-26,West
ORD-000887,Towel Set,Home & Kitchen,2.0,619.33,1238.66,2023-06-20,North
ORD-000888,Cricket Bat,Sports,1.0,1477.28,1477.28,2024-04-19,West
ORD-000889,HD Webcam,Electronics,1.0,1270.6,1270.6,2024-08-22,North
ORD-000890,AI Foundations,Books,1.0,985.12,985.12,2024-04-06,Central
ORD-000891,Sunglasses,Clothing,2.0,844.95,1689.9,2023-04-03,Central
ORD-000892,Denim Jeans,Clothing,4.0,1279.28,5117.12,2023-04-04,South
ORD-000893,Water Bottle Sport,Sports,2.0,313.39,626.78,2024-06-07,East
ORD-000894,HD Webcam,Electronics,1.0,1257.43,1257.43,2023-12-10,North
ORD-000895,Running Shoes,Clothing,2.0,2355.1,4710.2,2024-12-30,West
ORD-000896,SQL Handbook,Books,3.0,558.66,1675.98,2024-10-03,Central
ORD-000897,Power Bank 10000mAh,Electronics,2.0,994.85,1989.7,2023-01-13,East
ORD-000898,Headphones,Electronics,1.0,1571.76,1571.76,2023-09-01,East
ORD-000899,Data Science Guide,Books,2.0,737.81,1475.62,2024-09-07,East
ORD-000900,Football,Sports,3.0,692.35,2077.05,2023-02-20,South
ORD-000901,Cotton T-Shirt,Clothing,5.0,514.46,2572.3,2024-11-14,South
ORD-000902,Wireless Mouse,Electronics,2.0,406.56,813.12,2023-04-22,West
ORD-000903,Cricket Bat,Sports,2.0,1436.13,2872.26,2024-04-11,North
ORD-000904,Blender,Home & Kitchen,4.0,2081.45,8325.8,2024-01-13,West
ORD-000905,Dumbbells Set,Sports,1.0,2215.63,2215.63,2023-10-27,Central
ORD-000906,Water Bottle,Home & Kitchen,4.0,272.9,1091.6,2024-06-21,North
ORD-000907,Dumbbells Set,Sports,1.0,2577.55,2577.55,2024-05-10,West
ORD-000908,Water Bottle,Home & Kitchen,3.0,277.44,832.32,2024-09-15,East
ORD-000909,Gym Gloves,Sports,3.0,498.46,1495.38,2023-05-13,West
ORD-000910,Cloud Computing,Books,1.0,688.94,688.94,2023-07-04,South
ORD-000911,Cotton T-Shirt,Clothing,2.0,517.78,1035.56,2023-05-02,North
ORD-000912,Sneakers,Clothing,1.0,1908.84,1908.84,2024-02-28,West
ORD-000913,Cotton T-Shirt,Clothing,1.0,466.31,466.31,2024-10-17,West
ORD-000914,Storage Containers,Home & Kitchen,4.0,376.96,1507.84,2024-06-02,North
ORD-000915,Blender,Home & Kitchen,3.0,1965.08,5895.24,2024-02-10,North
ORD-000916,Winter Jacket,Clothing,3.0,3942.27,11826.81,2023-12-05,East
ORD-000917,Python Programming,Books,2.0,537.07,1074.14,2024-10-23,East
ORD-000918,Gym Gloves,Sports,1.0,486.12,486.12,2024-04-18,West
ORD-000919,Resistance Bands,Sports,2.0,376.92,753.84,2024-08-01,East
ORD-000920,Sports Shorts,Clothing,1.0,625.46,625.46,2023-12-29,West
ORD-000921,Water Bottle,Home & Kitchen,2.0,269.04,538.08,2024-10-03,East
ORD-000922,Denim Jeans,Clothing,3.0,1226.71,3680.13,2023-11-12,North
ORD-000923,Data Science Guide,Books,,768.22,2304.66,2024-05-23,West
ORD-000924,Desk Lamp,Home & Kitchen,1.0,529.32,529.32,2024-06-21,West
ORD-000925,Denim Jeans,Clothing,1.0,1415.53,1415.53,2024-03-30,Central
ORD-000926,Winter Jacket,Clothing,1.0,3742.99,3742.99,2023-12-15,East
ORD-000927,Air Purifier,Home & Kitchen,1.0,5655.9,5655.9,2023-04-11,West
ORD-000928,Winter Jacket,Clothing,2.0,3723.3,7446.6,2023-02-07,East
ORD-000929,Power Bank 10000mAh,Electronics,3.0,924.43,2773.29,2023-02-15,North
ORD-000930,Python Programming,Books,3.0,627.57,1882.71,2023-04-16,South
ORD-000931,Resistance Bands,Sports,1.0,377.56,377.56,2024-10-16,North
ORD-000932,Blender,Home & Kitchen,2.0,1769.48,3538.96,2024-03-27,North
ORD-000933,Wireless Mouse,Electronics,2.0,396.32,792.64,2024-09-29,East
ORD-000934,Gym Gloves,Sports,1.0,529.59,529.59,2023-10-05,South
ORD-000935,Running Shoes,Clothing,3.0,2793.06,8379.18,2023-03-14,East
ORD-000936,HD Webcam,Electronics,1.0,1263.18,1263.18,2023-01-30,North
ORD-000937,USB Keyboard,Electronics,1.0,689.91,689.91,2024-03-12,Central
ORD-000938,AI Foundations,Books,1.0,908.53,908.53,2023-11-16,West
ORD-000939,Dumbbells Set,Sports,1.0,2193.81,2193.81,2024-04-21,West
ORD-000940,Data Science Guide,Books,1.0,833.62,833.62,2024-04-11,West
ORD-000941,Web Development,Books,2.0,781.98,1563.96,2023-08-18,South
ORD-000942,Water Bottle,Home & Kitchen,1.0,313.82,313.82,2023-07-07,West
ORD-000943,Towel Set,Home & Kitchen,1.0,594.57,594.57,2024-05-14,South
ORD-000944,Machine Learning,Books,1.0,927.17,927.17,2023-10-17,North
ORD-000945,Laptop Stand,Electronics,1.0,1149.32,1149.32,2023-04-20,West
ORD-000946,Jump Rope,Sports,3.0,275.55,826.65,2024-02-15,North
ORD-000947,Sunglasses,Clothing,1.0,729.06,729.06,2024-01-29,West
ORD-000948,Statistics Book,Books,2.0,657.67,1315.34,2024-08-03,North
ORD-000949,Headphones,Electronics,3.0,1483.31,4449.93,2023-04-28,East
ORD-000950,Machine Learning,Books,1.0,782.92,782.92,2023-11-12,North
ORD-000951,Water Bottle Sport,Sports,5.0,365.77,1828.85,2023-12-02,North
ORD-000952,Cotton T-Shirt,Clothing,6.0,491.96,2951.76,2023-05-31,South
ORD-000953,Jump Rope,Sports,1.0,332.86,332.86,2023-07-20,South
ORD-000954,Water Bottle,Home & Kitchen,5.0,306.42,1532.1,2023-12-19,East
ORD-000955,Water Bottle Sport,Sports,2.0,303.18,606.36,2023-05-11,Central
ORD-000956,Wireless Mouse,Electronics,2.0,514.62,1029.24,2024-12-21,North
ORD-000957,Non-Stick Pan,Home & Kitchen,2.0,820.61,1641.22,2023-08-29,East
ORD-000958,Statistics Book,Books,2.0,592.77,1185.54,2024-01-26,North
ORD-000959,Winter Jacket,Clothing,1.0,3944.58,3944.58,2024-07-22,West
ORD-000960,Formal Shirt,Clothing,4.0,767.28,3069.12,2024-11-17,West
ORD-000961,Sunglasses,Clothing,2.0,916.51,1833.02,2024-11-04,North
ORD-000962,Cloud Computing,Books,2.0,732.31,1464.62,2024-12-13,North
ORD-000963,Water Bottle Sport,Sports,,336.93,1010.79,2024-07-19,North
ORD-000964,Python Programming,Books,1.0,640.5,640.5,2024-08-14,West
ORD-000965,Water Bottle,Home & Kitchen,2.0,257.15,514.3,2024-07-13,North
ORD-000966,AI Foundations,Books,1.0,1137.38,1137.38,2023-04-26,North
ORD-000967,Resistance Bands,Sports,1.0,401.8,401.8,2024-04-21,East
ORD-000968,Sunglasses,Clothing,1.0,909.36,909.36,2024-10-07,North
ORD-000969,Resistance Bands,Sports,1.0,380.27,380.27,2024-09-19,West
ORD-000970,Cloud Computing,Books,1.0,765.62,765.62,2024-06-08,South
ORD-000971,Storage Containers,Home & Kitchen,2.0,369.42,738.84,2023-10-24,East
ORD-000972,Storage Containers,Home & Kitchen,1.0,357.18,357.18,2023-03-04,East
ORD-000973,Non-Stick Pan,Home & Kitchen,2.0,709.55,1419.1,2023-10-21,North
ORD-000974,Storage Containers,Home & Kitchen,4.0,325.47,1301.88,2023-05-16,South
ORD-000975,HD Webcam,Electronics,1.0,1257.3,1257.3,2024-08-28,South
ORD-000976,Formal Shirt,Clothing,1.0,812.91,812.91,2024-12-18,East
ORD-000977,USB-C Cable,Electronics,3.0,204.7,614.1,2023-03-28,West
ORD-000978,Statistics Book,Books,1.0,637.35,637.35,2024-01-28,West
ORD-000979,Sports Shorts,Clothing,3.0,752.57,2257.71,2023-02-25,North
ORD-000980,Sunglasses,Clothing,1.0,793.31,793.31,2024-02-13,Central
ORD-000981,Football,Sports,3.0,772.65,2317.95,2024-01-24,South
ORD-000982,Water Bottle Sport,Sports,1.0,380.13,380.13,2023-01-13,South
ORD-000983,Non-Stick Pan,Home & Kitchen,4.0,831.94,3327.76,2023-04-10,Central
ORD-000984,SQL Handbook,Books,1.0,544.26,544.26,2023-12-10,South
ORD-000985,Water Bottle Sport,Sports,1.0,,375.08,2024-04-17,West
ORD-000986,Football,Sports,2.0,844.61,1689.22,2024-06-16,North
ORD-000987,Yoga Mat,Sports,1.0,782.48,782.48,2024-11-19,South
ORD-000988,Dumbbells Set,Sports,6.0,2288.65,13731.9,2024-12-02,South
ORD-000989,Cotton T-Shirt,Clothing,2.0,432.67,865.34,2023-01-25,East
ORD-000990,Denim Jeans,Clothing,3.0,1137.81,3413.43,2024-12-26,East
ORD-000991,Machine Learning,Books,1.0,832.47,832.47,2023-04-24,East
ORD-000992,Headphones,Electronics,2.0,1586.5,3173.0,2023-10-11,West
ORD-000993,Storage Containers,Home & Kitchen,2.0,325.68,651.36,2023-06-15,North
ORD-000994,AI Foundations,Books,1.0,1092.75,1092.75,2023-03-03,North
ORD-000995,Headphones,Electronics,3.0,1355.3,4065.9,2023-07-25,East
ORD-000996,Sneakers,Clothing,1.0,1762.87,1762.87,2023-08-12,South
ORD-000997,Coffee Maker,Home & Kitchen,1.0,2552.49,2552.49,2023-02-05,South
ORD-000998,Python Programming,Books,2.0,624.22,1248.44,2024-05-24,Central
ORD-000999,SQL Handbook,Books,3.0,559.57,1678.71,2023-06-05,East
ORD-001000,Jump Rope,Sports,1.0,329.86,329.86,2024-05-04,West
ORD-001001,Bluetooth Speaker,Electronics,1.0,1902.2,1902.2,2023-01-04,West
ORD-001002,USB-C Cable,Electronics,4.0,193.07,772.28,2023-12-08,West
ORD-001003,USB-C Cable,Electronics,2.0,189.45,378.9,2024-07-01,West
ORD-001004,Desk Lamp,Home & Kitchen,1.0,683.01,683.01,2023-06-30,West
ORD-001005,Water Bottle,Home & Kitchen,6.0,286.38,1718.28,2023-04-20,North
ORD-001006,Web Development,Books,5.0,599.47,2997.35,2023-05-24,Central
ORD-001007,Sunglasses,Clothing,2.0,808.72,1617.44,2024-02-03,South
ORD-001008,Jump Rope,Sports,7.0,259.18,1814.26,2023-01-17,West
ORD-001009,Laptop Stand,Electronics,2.0,1150.77,2301.54,2023-05-02,East
ORD-001010,Cricket Bat,Sports,1.0,1306.54,1306.54,2024-08-16,West
ORD-001011,Python Programming,Books,2.0,620.27,1240.54,2024-04-27,North
ORD-001012,Cotton T-Shirt,Clothing,4.0,559.58,2238.32,2023-06-26,West
ORD-001013,Headphones,Electronics,1.0,1540.97,1540.97,2024-09-17,West
ORD-001014,USB Keyboard,Electronics,2.0,672.55,1345.1,2024-05-24,North
ORD-001015,Sneakers,Clothing,2.0,2288.17,4576.34,2023-12-12,West
ORD-001016,Coffee Maker,Home & Kitchen,2.0,2227.11,4454.22,2024-12-01,West
ORD-001017,Cotton T-Shirt,Clothing,1.0,433.61,433.61,2024-08-30,South
ORD-001018,Machine Learning,Books,2.0,808.65,1617.3,2024-12-14,North
ORD-001019,Yoga Mat,Sports,1.0,992.68,992.68,2023-05-17,East
ORD-001020,Cotton T-Shirt,Clothing,2.0,425.23,850.46,2024-05-13,Central
ORD-001021,Resistance Bands,Sports,2.0,433.98,867.96,2024-03-02,East
ORD-001022,Winter Jacket,Clothing,3.0,3523.23,10569.69,2023-05-27,South
ORD-001023,Cotton T-Shirt,Clothing,2.0,498.98,997.96,2024-09-02,Central
ORD-001024,Blender,Home & Kitchen,1.0,1748.39,1748.39,2024-03-04,North
ORD-001025,Dumbbells Set,Sports,1.0,2694.77,2694.77,2024-09-25,East
ORD-001026,Sunglasses,Clothing,1.0,745.41,745.41,2024-10-03,North
ORD-001027,Sunglasses,Clothing,1.0,839.78,839.78,2024-05-24,North
ORD-001028,Storage Containers,Home & Kitchen,1.0,331.65,331.65,2023-08-03,West
ORD-001029,Python Programming,Books,1.0,675.35,675.35,2023-04-17,North
ORD-001030,Headphones,Electronics,1.0,1677.79,1677.79,2024-06-11,West
ORD-001031,Gym Gloves,Sports,1.0,525.47,525.47,2024-03-05,South
ORD-001032,USB-C Cable,Electronics,4.0,213.19,852.76,2023-08-22,Central
ORD-001033,Web Development,Books,3.0,695.73,2087.19,2023-03-17,Central
ORD-001034,Winter Jacket,Clothing,1.0,3380.73,3380.73,2024-09-16,North
ORD-001035,Sports Shorts,Clothing,5.0,620.83,3104.15,2023-10-04,West
ORD-001036,Power Bank 10000mAh,Electronics,1.0,889.7,889.7,2023-05-20,South
ORD-001037,Desk Lamp,Home & Kitchen,1.0,651.03,651.03,2023-10-30,West
ORD-001038,Cricket Bat,Sports,1.0,1658.65,1658.65,2024-08-14,North
ORD-001039,Jump Rope,Sports,2.0,329.23,658.46,2023-08-10,South
ORD-001040,Web Development,Books,1.0,715.66,715.66,2023-09-11,Central
ORD-001041,Cricket Bat,Sports,2.0,1462.02,2924.04,2024-08-10,North
ORD-001042,Python Programming,Books,4.0,595.27,2381.08,2024-03-11,West
ORD-001043,Headphones,Electronics,1.0,1526.32,1526.32,2024-05-22,North
ORD-001044,Web Development,Books,2.0,644.28,1288.56,2023-05-16,Central
ORD-001045,Headphones,Electronics,1.0,1591.49,1591.49,2024-11-16,Central
ORD-001046,Yoga Mat,Sports,1.0,801.54,801.54,2024-04-10,West
ORD-001047,Sports Shorts,Clothing,1.0,726.97,726.97,2024-10-03,Central
ORD-001048,Laptop Stand,Electronics,1.0,945.8,945.8,2024-12-08,South
ORD-001049,Desk Lamp,Home & Kitchen,1.0,667.44,667.44,2024-12-02,West
ORD-001050,USB-C Cable,Electronics,3.0,190.98,572.94,2023-02-22,East
ORD-001051,Blender,Home & Kitchen,1.0,2015.72,2015.72,2023-06-29,East
ORD-001052,Running Shoes,Clothing,1.0,2209.28,2209.28,2023-12-09,East
ORD-001053,Football,Sports,2.0,894.38,1788.76,2023-08-19,East
ORD-001054,SQL Handbook,Books,4.0,475.83,1903.32,2023-02-25,East
ORD-001055,Dumbbells Set,Sports,1.0,2632.68,2632.68,2024-04-26,East
ORD-001056,Towel Set,Home & Kitchen,2.0,630.14,1260.28,2024-09-27,West
ORD-001057,Bluetooth Speaker,Electronics,1.0,1740.97,1740.97,2024-04-13,North
ORD-001058,USB Keyboard,Electronics,4.0,688.43,2753.72,2023-06-18,East
ORD-001059,Cotton T-Shirt,Clothing,2.0,526.31,1052.62,2023-10-28,Central
ORD-001060,AI Foundations,Books,1.0,1042.36,1042.36,2024-03-06,South
ORD-001061,Wireless Mouse,Electronics,1.0,452.65,452.65,2023-08-26,South
ORD-001062,Gym Gloves,Sports,3.0,473.0,1419.0,2024-11-02,East
ORD-001063,Jump Rope,Sports,2.0,265.99,531.98,2024-04-13,West
ORD-001064,Formal Shirt,Clothing,2.0,1025.95,2051.9,2023-08-21,West
ORD-001065,HD Webcam,Electronics,1.0,1364.24,1364.24,2023-12-28,East
ORD-001066,Formal Shirt,Clothing,7.0,990.52,6933.64,2023-07-06,West
ORD-001067,Running Shoes,Clothing,2.0,2869.18,5738.36,2023-09-01,East
ORD-001068,SQL Handbook,Books,2.0,508.35,1016.7,2024-01-14,North
ORD-001069,Blender,Home & Kitchen,1.0,1921.71,1921.71,2023-06-01,North
ORD-001070,Coffee Maker,Home & Kitchen,3.0,2498.56,7495.68,2023-01-26,North
ORD-001071,AI Foundations,Books,2.0,1070.48,2140.96,2023-06-09,Central
ORD-001072,Storage Containers,Home & Kitchen,2.0,398.17,796.34,2024-04-30,West
ORD-001073,Cricket Bat,Sports,1.0,1688.9,1688.9,2024-08-01,South
ORD-001074,Headphones,Electronics,1.0,1522.93,1522.93,2023-02-11,South
ORD-001075,Web Development,Books,3.0,662.59,1987.77,2024-04-01,East
ORD-001076,Winter Jacket,Clothing,1.0,3061.89,3061.89,2023-10-12,West
ORD-001077,Laptop Stand,Electronics,2.0,1134.05,2268.1,2023-07-19,East
ORD-001078,USB-C Cable,Electronics,3.0,220.12,660.36,2024-02-12,South
ORD-001079,Non-Stick Pan,Home & Kitchen,2.0,753.0,1506.0,2023-10-19,South
ORD-001080,Dumbbells Set,Sports,1.0,2457.18,2457.18,2023-08-09,Central
ORD-001081,SQL Handbook,Books,2.0,569.41,1138.82,2023-06-17,South
ORD-001082,Machine Learning,Books,1.0,802.89,802.89,2024-08-24,South
ORD-001083,Gym Gloves,Sports,3.0,,1537.71,2023-03-09,South
ORD-001084,Laptop Stand,Electronics,1.0,1071.79,1071.79,2024-10-16,East
ORD-001085,Cricket Bat,Sports,2.0,1445.83,2891.66,2023-07-24,East
ORD-001086,Power Bank 10000mAh,Electronics,1.0,914.99,914.99,2024-08-22,East
ORD-001087,Wireless Mouse,Electronics,1.0,511.56,511.56,2023-06-07,West
ORD-001088,Data Science Guide,Books,1.0,748.11,748.11,2024-10-31,North
ORD-001089,Cotton T-Shirt,Clothing,4.0,497.96,1991.84,2023-05-03,Central
ORD-001090,Gym Gloves,Sports,2.0,489.43,978.86,2024-08-18,South
ORD-001091,Data Science Guide,Books,2.0,817.04,1634.08,2024-01-18,West
ORD-001092,Cotton T-Shirt,Clothing,5.0,555.63,2778.15,2023-05-30,North
ORD-001093,Cotton T-Shirt,Clothing,2.0,519.4,1038.8,2023-10-07,
ORD-001094,Power Bank 10000mAh,Electronics,1.0,1016.67,1016.67,2023-10-26,East
ORD-001095,Denim Jeans,Clothing,2.0,1316.03,2632.06,2024-09-05,Central
ORD-001096,Storage Containers,Home & Kitchen,3.0,334.61,1003.83,2024-12-02,East
ORD-001097,Air Purifier,Home & Kitchen,1.0,4671.19,4671.19,2023-01-14,West
ORD-001098,AI Foundations,Books,2.0,895.47,1790.94,2023-06-16,North
ORD-001099,Denim Jeans,Clothing,1.0,1133.92,1133.92,2024-03-03,West
ORD-001100,Headphones,Electronics,1.0,1438.16,1438.16,2023-12-23,West
ORD-001101,Gym Gloves,Sports,2.0,428.46,856.92,2023-06-26,West
ORD-001102,Running Shoes,Clothing,3.0,2294.01,6882.03,2024-12-11,North
ORD-001103,Denim Jeans,Clothing,1.0,1409.69,1409.69,2024-03-11,North
ORD-001104,Statistics Book,Books,2.0,558.03,1116.06,2023-02-13,West
ORD-001105,Yoga Mat,Sports,2.0,832.39,1664.78,2024-04-25,North
ORD-001106,USB Keyboard,Electronics,1.0,592.55,592.55,2023-05-07,Central
ORD-001107,Sports Shorts,Clothing,1.0,771.53,771.53,2023-01-30,Central
ORD-001108,Gym Gloves,Sports,4.0,499.09,1996.36,2023-12-27,West
ORD-001109,Denim Jeans,Clothing,1.0,1401.59,1401.59,2023-04-12,East
ORD-001110,Formal Shirt,Clothing,3.0,909.01,2727.03,2023-06-25,Central
ORD-001111,Bluetooth Speaker,Electronics,1.0,1786.35,1786.35,2024-05-31,West
ORD-001112,Sunglasses,Clothing,5.0,722.5,3612.5,2024-11-20,South
ORD-001113,Statistics Book,Books,2.0,631.01,1262.02,2023-08-08,West
ORD-001114,Coffee Maker,Home & Kitchen,1.0,2226.04,2226.04,2024-04-22,West
ORD-001115,Non-Stick Pan,Home & Kitchen,2.0,706.89,1413.78,2023-03-26,South
ORD-001116,Resistance Bands,Sports,4.0,392.29,1569.16,2024-12-04,East
ORD-001117,Water Bottle,Home & Kitchen,1.0,334.41,334.41,2023-07-13,West
ORD-001118,Air Purifier,Home & Kitchen,1.0,4986.48,4986.48,2023-01-14,North
ORD-001119,Data Science Guide,Books,1.0,775.18,775.18,2023-05-03,East
ORD-001120,HD Webcam,Electronics,2.0,1091.67,2183.34,2023-03-08,North
ORD-001121,Data Science Guide,Books,1.0,852.98,852.98,2023-08-27,South
ORD-001122,Resistance Bands,Sports,1.0,381.77,381.77,2024-10-21,West
ORD-001123,Cloud Computing,Books,2.0,809.22,1618.44,2024-06-07,North
ORD-001124,Towel Set,Home & Kitchen,1.0,678.5,678.5,2024-05-24,North
ORD-001125,USB Keyboard,Electronics,1.0,742.05,742.05,2024-05-25,South
ORD-001126,Air Purifier,Home & Kitchen,1.0,4393.62,4393.62,2023-11-07,North
ORD-001127,Jump Rope,Sports,2.0,313.54,627.08,2024-04-22,East
ORD-001128,Blender,Home & Kitchen,1.0,2156.84,2156.84,2024-07-07,North
ORD-001129,Data Science Guide,Books,1.0,883.58,883.58,2024-01-28,South
ORD-001130,Wireless Mouse,Electronics,1.0,498.65,498.65,2023-07-01,South
ORD-001131,Sunglasses,Clothing,2.0,850.71,1701.42,2024-03-17,East
ORD-001132,Headphones,Electronics,1.0,1517.73,1517.73,2024-11-06,East
ORD-001133,Cricket Bat,Sports,5.0,1392.6,6963.0,2024-06-02,East
ORD-001134,AI Foundations,Books,1.0,857.59,857.59,2023-10-19,North
ORD-001135,Blender,Home & Kitchen,2.0,2121.95,4243.9,2024-08-20,South
ORD-001136,Laptop Stand,Electronics,1.0,1070.94,1070.94,2023-12-20,North
ORD-001137,Winter Jacket,Clothing,1.0,3596.13,3596.13,2023-08-29,Central
ORD-001138,Power Bank 10000mAh,Electronics,3.0,769.47,2308.41,2023-04-28,South
ORD-001139,Statistics Book,Books,2.0,633.65,1267.3,2024-08-04,North
ORD-001140,Python Programming,Books,4.0,579.29,2317.16,2023-11-21,East
ORD-001141,Data Science Guide,Books,4.0,759.68,3038.72,2024-12-08,East
ORD-001142,Air Purifier,Home & Kitchen,1.0,5703.0,5703.0,2024-09-21,North
ORD-001143,Bluetooth Speaker,Electronics,1.0,1690.55,1690.55,2023-10-22,East
ORD-001144,Denim Jeans,Clothing,1.0,1235.42,1235.42,2024-08-15,North
ORD-001145,Jump Rope,Sports,1.0,325.52,325.52,2024-03-13,West
ORD-001146,Storage Containers,Home & Kitchen,2.0,329.46,658.92,2024-03-19,South
ORD-001147,Towel Set,Home & Kitchen,3.0,541.6,1624.8,2024-11-18,North
ORD-001148,Cricket Bat,Sports,1.0,1571.31,1571.31,2024-08-13,West
ORD-001149,SQL Handbook,Books,1.0,516.13,516.13,2024-10-15,West
ORD-001150,Python Programming,Books,2.0,592.26,1184.52,2024-06-18,North
ORD-001151,Water Bottle,Home & Kitchen,3.0,328.62,985.86,2024-02-25,North
ORD-001152,Sneakers,Clothing,1.0,2086.58,2086.58,2023-10-01,South
ORD-001153,Football,Sports,2.0,715.1,1430.2,2024-02-20,North
ORD-001154,Towel Set,Home & Kitchen,3.0,587.52,1762.56,2024-05-12,West
ORD-001155,Bluetooth Speaker,Electronics,2.0,1545.74,3091.48,2023-06-13,West
ORD-001156,Air Purifier,Home & Kitchen,1.0,5694.54,5694.54,2024-10-21,East
ORD-001157,Wireless Mouse,Electronics,3.0,422.73,1268.19,2023-03-27,North
ORD-001158,AI Foundations,Books,2.0,876.21,1752.42,2024-11-18,Central
ORD-001159,Winter Jacket,Clothing,1.0,3499.26,3499.26,2023-04-25,North
ORD-001160,Resistance Bands,Sports,6.0,367.65,2205.9,2024-05-23,North
ORD-001161,Blender,Home & Kitchen,1.0,2073.24,2073.24,2024-08-21,West
ORD-001162,Web Development,Books,1.0,639.05,639.05,2023-05-28,South
ORD-001163,SQL Handbook,Books,1.0,504.01,504.01,2024-08-26,West
ORD-001164,USB-C Cable,Electronics,1.0,209.91,209.91,2024-07-12,Central
ORD-001165,Sports Shorts,Clothing,1.0,766.39,766.39,2024-05-01,North
ORD-001166,Yoga Mat,Sports,3.0,778.9,2336.7,2024-11-09,Central
ORD-001167,Formal Shirt,Clothing,1.0,936.47,936.47,2024-07-19,West
ORD-001168,Bluetooth Speaker,Electronics,1.0,2021.29,2021.29,2024-03-29,South
ORD-001169,Storage Containers,Home & Kitchen,2.0,375.87,751.74,2023-04-03,South
ORD-001170,Sunglasses,Clothing,1.0,873.85,873.85,2024-10-08,West
ORD-001171,Power Bank 10000mAh,Electronics,1.0,1017.8,1017.8,2023-03-24,East
ORD-001172,AI Foundations,Books,,1094.98,1094.98,2024-03-08,West
ORD-001173,Coffee Maker,Home & Kitchen,1.0,,2670.85,2023-12-27,East
ORD-001174,Towel Set,Home & Kitchen,1.0,518.51,518.51,2024-12-12,West
ORD-001175,Machine Learning,Books,1.0,933.6,933.6,2023-01-04,South
ORD-001176,USB Keyboard,Electronics,3.0,691.64,2074.92,2023-06-11,West
ORD-001177,Sneakers,Clothing,4.0,2222.99,8891.96,2023-11-24,North
ORD-001178,Sports Shorts,Clothing,3.0,681.07,2043.21,2023-10-16,North
ORD-001179,Web Development,Books,1.0,787.73,787.73,2023-01-22,West
ORD-001180,Denim Jeans,Clothing,1.0,1377.43,1377.43,2024-04-18,North
ORD-001181,Statistics Book,Books,1.0,568.99,568.99,2024-09-06,South
ORD-001182,Dumbbells Set,Sports,1.0,2450.39,2450.39,2023-01-15,Central
ORD-001183,Cloud Computing,Books,1.0,682.3,682.3,2023-05-02,Central
ORD-001184,Storage Containers,Home & Kitchen,1.0,341.81,341.81,2024-05-21,North
ORD-001185,Formal Shirt,Clothing,1.0,812.8,812.8,2024-11-24,West
ORD-001186,Power Bank 10000mAh,Electronics,1.0,885.78,885.78,2023-09-26,North
ORD-001187,Jump Rope,Sports,3.0,266.1,798.3,2023-03-29,South
ORD-001188,Web Development,Books,1.0,682.91,682.91,2024-12-31,East
ORD-001189,USB Keyboard,Electronics,3.0,617.41,1852.23,2024-07-24,North
ORD-001190,Non-Stick Pan,Home & Kitchen,2.0,827.68,1655.36,2023-01-06,South
ORD-001191,AI Foundations,Books,2.0,1016.85,2033.7,2023-05-16,East
ORD-001192,Air Purifier,Home & Kitchen,2.0,4757.81,9515.62,2024-05-30,East
ORD-001193,USB-C Cable,Electronics,4.0,177.62,710.48,2024-12-28,North
ORD-001194,HD Webcam,Electronics,1.0,1320.53,1320.53,2024-05-26,West
ORD-001195,SQL Handbook,Books,4.0,538.16,2152.64,2023-09-27,South
ORD-001196,Water Bottle,Home & Kitchen,2.0,343.36,686.72,2023-06-18,West
ORD-001197,Sunglasses,Clothing,4.0,692.23,2768.92,2023-02-24,North
ORD-001198,SQL Handbook,Books,2.0,489.48,978.96,2023-06-17,Central
ORD-001199,Python Programming,Books,1.0,636.56,636.56,2024-03-28,East
ORD-001200,Data Science Guide,Books,1.0,701.58,701.58,2023-06-01,Central
ORD-001201,Running Shoes,Clothing,3.0,2546.42,7639.26,2024-06-04,West
ORD-001202,Cotton T-Shirt,Clothing,3.0,451.18,1353.54,2024-06-22,Central
ORD-001203,Sunglasses,Clothing,3.0,757.93,2273.79,2024-11-24,South
ORD-001204,Laptop Stand,Electronics,2.0,1248.9,2497.8,2024-01-18,West
ORD-001205,Cotton T-Shirt,Clothing,3.0,530.09,1590.27,2023-03-25,East
ORD-001206,Non-Stick Pan,Home & Kitchen,3.0,836.43,2509.29,2023-12-04,Central
ORD-001207,Air Purifier,Home & Kitchen,1.0,5451.25,5451.25,2023-08-05,South
ORD-001208,USB Keyboard,Electronics,5.0,626.87,3134.35,2024-07-14,South
ORD-001209,Winter Jacket,Clothing,2.0,3868.86,7737.72,2024-02-13,North
ORD-001210,SQL Handbook,Books,1.0,522.06,522.06,2024-10-24,North
ORD-001211,Statistics Book,Books,2.0,669.15,1338.3,2023-11-14,South
ORD-001212,USB-C Cable,Electronics,2.0,195.74,391.48,2024-06-08,South
ORD-001213,Water Bottle,Home & Kitchen,3.0,326.9,980.7,2023-04-03,East
ORD-001214,Statistics Book,Books,1.0,618.19,618.19,2023-04-06,East
ORD-001215,Running Shoes,Clothing,1.0,2609.37,2609.37,2024-05-22,North
ORD-001216,Statistics Book,Books,3.0,644.64,1933.92,2023-03-23,North
ORD-001217,Formal Shirt,Clothing,3.0,843.84,2531.52,2023-09-12,North
ORD-001218,Wireless Mouse,Electronics,1.0,439.86,439.86,2024-06-09,North
ORD-001219,Resistance Bands,Sports,2.0,348.94,697.88,2023-12-30,East
ORD-001220,Headphones,Electronics,1.0,1654.31,1654.31,2023-07-03,North
ORD-001221,SQL Handbook,Books,5.0,492.26,2461.3,2023-11-18,West
ORD-001222,Resistance Bands,Sports,3.0,443.45,1330.35,2023-12-16,North
ORD-001223,Denim Jeans,Clothing,1.0,1366.58,1366.58,2024-09-10,South
ORD-001224,Wireless Mouse,Electronics,2.0,405.68,811.36,2024-02-09,East
ORD-001225,Cloud Computing,Books,1.0,855.49,855.49,2023-11-07,
ORD-001226,SQL Handbook,Books,4.0,426.23,1704.92,2023-03-31,North
ORD-001227,Bluetooth Speaker,Electronics,4.0,1880.26,7521.04,2023-01-28,West
ORD-001228,Web Development,Books,1.0,691.33,691.33,2023-03-30,East
ORD-001229,USB Keyboard,Electronics,1.0,696.56,696.56,2023-06-20,South
ORD-001230,Cloud Computing,Books,3.0,768.15,2304.45,2023-01-21,North
ORD-001231,Water Bottle Sport,Sports,3.0,307.4,922.2,2023-02-22,West
ORD-001232,Statistics Book,Books,1.0,667.66,667.66,2024-05-22,East
ORD-001233,Non-Stick Pan,Home & Kitchen,1.0,802.2,802.2,2024-05-14,West
ORD-001234,Web Development,Books,2.0,682.64,1365.28,2023-03-04,South
ORD-001235,Power Bank 10000mAh,Electronics,2.0,891.81,1783.62,2024-10-25,East
ORD-001236,Towel Set,Home & Kitchen,1.0,538.14,538.14,2024-12-15,West
ORD-001237,AI Foundations,Books,2.0,914.99,1829.98,2024-03-24,Central
ORD-001238,Towel Set,Home & Kitchen,1.0,639.07,639.07,2023-05-15,South
ORD-001239,AI Foundations,Books,2.0,1102.26,2204.52,2024-04-28,East
ORD-001240,Coffee Maker,Home & Kitchen,3.0,2254.07,6762.21,2024-11-14,North
ORD-001241,Data Science Guide,Books,4.0,797.5,3190.0,2024-03-01,North
ORD-001242,Yoga Mat,Sports,1.0,834.49,834.49,2023-01-19,West
ORD-001243,Cotton T-Shirt,Clothing,4.0,441.21,1764.84,2023-03-07,North
ORD-001244,Football,Sports,5.0,760.73,3803.65,2024-05-13,
ORD-001245,Power Bank 10000mAh,Electronics,1.0,999.79,999.79,2023-06-04,East
ORD-001246,Wireless Mouse,Electronics,,512.46,1024.92,2024-03-24,West
ORD-001247,USB Keyboard,Electronics,2.0,573.06,1146.12,2024-07-29,East
ORD-001248,Sports Shorts,Clothing,4.0,742.65,2970.6,2023-06-10,West
ORD-001249,Data Science Guide,Books,1.0,759.36,759.36,2023-06-07,North
ORD-001250,Sunglasses,Clothing,2.0,680.73,1361.46,2024-03-01,West
ORD-001251,AI Foundations,Books,1.0,874.69,874.69,2023-10-21,South
ORD-001252,AI Foundations,Books,2.0,894.59,1789.18,2024-10-06,West
ORD-001253,Web Development,Books,1.0,680.84,680.84,2023-05-22,South
ORD-001254,AI Foundations,Books,3.0,1079.96,3239.88,2023-01-31,West
ORD-001255,Dumbbells Set,Sports,2.0,2425.27,4850.54,2023-03-28,West
ORD-001256,Python Programming,Books,2.0,627.78,1255.56,2024-02-07,West
ORD-001257,Yoga Mat,Sports,1.0,979.66,979.66,2024-10-08,Central
ORD-001258,Water Bottle,Home & Kitchen,4.0,317.01,1268.04,2024-02-16,Central
ORD-001259,Blender,Home & Kitchen,1.0,2127.0,2127.0,2023-01-09,East
ORD-001260,Sneakers,Clothing,1.0,2231.43,2231.43,2024-04-01,East
ORD-001261,Jump Rope,Sports,7.0,326.97,2288.79,2024-12-15,West
ORD-001262,Formal Shirt,Clothing,4.0,854.36,3417.44,2023-03-28,West
ORD-001263,Formal Shirt,Clothing,5.0,912.97,4564.85,2023-08-07,East
ORD-001264,Cotton T-Shirt,Clothing,4.0,504.98,2019.92,2023-01-29,South
ORD-001265,Water Bottle,Home & Kitchen,2.0,259.53,519.06,2024-06-01,South
ORD-001266,Gym Gloves,Sports,1.0,521.6,521.6,2023-05-07,North
ORD-001267,Non-Stick Pan,Home & Kitchen,1.0,735.74,735.74,2024-04-09,West
ORD-001268,Football,Sports,1.0,839.01,839.01,2023-12-25,West
ORD-001269,Cricket Bat,Sports,1.0,1385.51,1385.51,2024-01-22,South
ORD-001270,Football,Sports,1.0,714.28,714.28,2024-01-05,South
ORD-001271,Data Science Guide,Books,1.0,892.13,892.13,2023-04-05,East
ORD-001272,Data Science Guide,Books,2.0,775.69,1551.38,2024-01-14,East
ORD-001273,SQL Handbook,Books,2.0,487.54,975.08,2024-08-21,South
ORD-001274,Statistics Book,Books,2.0,576.4,1152.8,2023-06-16,West
ORD-001275,Denim Jeans,Clothing,1.0,1288.62,1288.62,2024-12-12,West
ORD-001276,Gym Gloves,Sports,1.0,485.32,485.32,2023-05-02,North
ORD-001277,Resistance Bands,Sports,1.0,353.24,353.24,2023-02-11,South
ORD-001278,Storage Containers,Home & Kitchen,2.0,379.49,758.98,2023-10-29,North
ORD-001279,Water Bottle Sport,Sports,2.0,328.6,657.2,2023-02-19,South
ORD-001280,Sunglasses,Clothing,1.0,762.72,762.72,2023-01-03,Central
ORD-001281,Cloud Computing,Books,1.0,738.3,738.3,2024-08-09,South
ORD-001282,Cloud Computing,Books,2.0,667.78,1335.56,2024-09-12,West
ORD-001283,Cloud Computing,Books,2.0,709.73,1419.46,2023-06-02,West
ORD-001284,Water Bottle Sport,Sports,3.0,338.05,1014.15,2024-02-01,East
ORD-001285,SQL Handbook,Books,1.0,448.94,448.94,2024-10-23,North
ORD-001286,Coffee Maker,Home & Kitchen,1.0,2268.41,2268.41,2024-10-21,East
ORD-001287,Yoga Mat,Sports,1.0,966.58,966.58,2024-08-06,East
ORD-001288,USB Keyboard,Electronics,5.0,587.55,2937.75,2024-11-05,North
ORD-001289,Winter Jacket,Clothing,4.0,3582.51,14330.04,2024-12-23,North
ORD-001290,Gym Gloves,Sports,1.0,497.72,497.72,2024-02-16,Central
ORD-001291,Water Bottle,Home & Kitchen,6.0,331.26,1987.56,2023-07-04,South
ORD-001292,Coffee Maker,Home & Kitchen,1.0,2530.32,2530.32,2023-04-28,South
ORD-001293,Formal Shirt,Clothing,2.0,1020.95,2041.9,2023-04-02,West
ORD-001294,USB-C Cable,Electronics,2.0,172.64,345.28,2023-07-05,South
ORD-001295,Air Purifier,Home & Kitchen,1.0,4635.97,4635.97,2024-02-27,Central
ORD-001296,Wireless Mouse,Electronics,2.0,463.1,926.2,2023-07-27,North
ORD-001297,Water Bottle Sport,Sports,2.0,329.98,659.96,2023-04-28,East
ORD-001298,Headphones,Electronics,1.0,1380.18,1380.18,2023-01-30,Central
ORD-001299,Coffee Maker,Home & Kitchen,1.0,2612.62,2612.62,2023-09-10,North
ORD-001300,Water Bottle Sport,Sports,1.0,363.22,363.22,2024-04-01,North
ORD-001301,Sports Shorts,Clothing,2.0,758.14,1516.28,2024-07-07,East
ORD-001302,Cloud Computing,Books,3.0,741.06,2223.18,2023-02-12,West
ORD-001303,Air Purifier,Home & Kitchen,1.0,5631.59,5631.59,2023-01-01,South
ORD-001304,Water Bottle,Home & Kitchen,6.0,273.23,1639.38,2023-12-26,West
ORD-001305,Non-Stick Pan,Home & Kitchen,1.0,814.12,814.12,2023-06-15,South
ORD-001306,Data Science Guide,Books,1.0,918.57,918.57,2023-05-24,Central
ORD-001307,Sports Shorts,Clothing,2.0,727.35,1454.7,2024-11-29,Central
ORD-001308,SQL Handbook,Books,4.0,472.3,1889.2,2023-09-09,North
ORD-001309,Gym Gloves,Sports,2.0,444.17,888.34,2023-01-17,Central
ORD-001310,Jump Rope,Sports,2.0,314.49,628.98,2023-01-05,South
ORD-001311,Statistics Book,Books,1.0,722.35,722.35,2024-07-05,West
ORD-001312,Yoga Mat,Sports,3.0,797.44,2392.32,2024-11-18,Central
ORD-001313,AI Foundations,Books,1.0,1079.31,1079.31,2024-02-01,West
ORD-001314,USB Keyboard,Electronics,1.0,590.13,590.13,2024-04-18,North
ORD-001315,Power Bank 10000mAh,Electronics,5.0,860.65,4303.25,2024-11-27,North
ORD-001316,Resistance Bands,Sports,1.0,398.26,398.26,2023-08-15,South
ORD-001317,Towel Set,Home & Kitchen,1.0,546.72,546.72,2024-12-21,North
ORD-001318,Data Science Guide,Books,3.0,797.56,2392.68,2023-10-12,East
ORD-001319,Cricket Bat,Sports,1.0,1609.61,1609.61,2023-03-08,North
ORD-001320,Football,Sports,1.0,744.91,744.91,2024-06-19,West
ORD-001321,Power Bank 10000mAh,Electronics,3.0,886.57,2659.71,2024-11-28,Central
ORD-001322,USB-C Cable,Electronics,1.0,193.44,193.44,2024-03-18,North
ORD-001323,Jump Rope,Sports,1.0,322.23,322.23,2024-05-22,Central
ORD-001324,Cotton T-Shirt,Clothing,1.0,503.85,503.85,2023-10-12,South
ORD-001325,Web Development,Books,1.0,714.06,714.06,2023-12-09,North
ORD-001326,Sneakers,Clothing,1.0,1817.22,1817.22,2023-03-18,South
ORD-001327,USB Keyboard,Electronics,2.0,710.07,1420.14,2023-01-29,East
ORD-001328,Storage Containers,Home & Kitchen,1.0,321.61,321.61,2023-09-11,South
ORD-001329,USB-C Cable,Electronics,5.0,225.48,1127.4,2024-06-16,West
ORD-001330,Jump Rope,Sports,1.0,306.08,306.08,2023-04-08,North
ORD-001331,Wireless Mouse,Electronics,1.0,496.94,496.94,2024-01-22,North
ORD-001332,Cotton T-Shirt,Clothing,3.0,515.58,1546.74,2024-03-28,South
ORD-001333,Wireless Mouse,Electronics,1.0,497.24,497.24,2024-07-26,South
ORD-001334,Water Bottle Sport,Sports,5.0,379.1,1895.5,2023-08-27,East
ORD-001335,Statistics Book,Books,3.0,722.97,2168.91,2024-04-20,East
ORD-001336,Non-Stick Pan,Home & Kitchen,1.0,820.05,820.05,2024-04-09,North
ORD-001337,USB Keyboard,Electronics,1.0,590.25,590.25,2024-08-30,East
ORD-001338,Resistance Bands,Sports,1.0,425.89,425.89,2023-12-30,South
ORD-001339,Running Shoes,Clothing,4.0,2357.81,9431.24,2023-02-15,South
ORD-001340,Storage Containers,Home & Kitchen,1.0,377.84,377.84,2024-08-20,North
ORD-001341,Blender,Home & Kitchen,1.0,1618.75,1618.75,2023-10-26,East
ORD-001342,Cotton T-Shirt,Clothing,3.0,549.18,1647.54,2023-09-01,Central
ORD-001343,AI Foundations,Books,2.0,1041.12,2082.24,2023-07-20,North
ORD-001344,USB-C Cable,Electronics,1.0,210.63,210.63,2023-07-13,Central
ORD-001345,Gym Gloves,Sports,1.0,474.4,474.4,2024-08-15,South
ORD-001346,Air Purifier,Home & Kitchen,1.0,5432.7,5432.7,2023-04-18,North
ORD-001347,Cotton T-Shirt,Clothing,2.0,458.62,917.24,2024-10-16,East
ORD-001348,Sunglasses,Clothing,7.0,769.26,5384.82,2023-12-06,South
ORD-001349,USB-C Cable,Electronics,1.0,170.94,170.94,2023-01-11,North
ORD-001350,Towel Set,Home & Kitchen,1.0,673.16,673.16,2023-07-19,South
ORD-001351,Bluetooth Speaker,Electronics,1.0,1648.23,1648.23,2023-07-22,South
ORD-001352,Sports Shorts,Clothing,5.0,635.25,3176.25,2024-07-21,North
ORD-001353,Coffee Maker,Home & Kitchen,1.0,2227.04,2227.04,2023-01-22,West
ORD-001354,USB-C Cable,Electronics,1.0,183.49,183.49,2023-08-04,West
ORD-001355,Sneakers,Clothing,2.0,1785.77,3571.54,2024-12-29,Central
ORD-001356,Winter Jacket,Clothing,1.0,3367.01,3367.01,2024-06-29,East
ORD-001357,Cotton T-Shirt,Clothing,2.0,552.06,1104.12,2024-09-22,South
ORD-001358,Sports Shorts,Clothing,2.0,760.99,1521.98,2023-09-11,Central
ORD-001359,Jump Rope,Sports,1.0,324.53,324.53,2023-08-03,West
ORD-001360,Dumbbells Set,Sports,1.0,2687.41,2687.41,2023-06-21,West
ORD-001361,Gym Gloves,Sports,5.0,450.95,2254.75,2024-05-25,West
ORD-001362,Jump Rope,Sports,3.0,306.28,918.84,2024-05-21,West
ORD-001363,Yoga Mat,Sports,2.0,818.9,1637.8,2023-08-01,Central
ORD-001364,Web Development,Books,2.0,673.22,1346.44,2023-11-10,North
ORD-001365,Storage Containers,Home & Kitchen,2.0,375.34,750.68,2024-07-17,South
ORD-001366,Gym Gloves,Sports,2.0,493.8,987.6,2023-08-24,East
ORD-001367,Cloud Computing,Books,1.0,719.23,719.23,2024-04-23,East
ORD-001368,Water Bottle,Home & Kitchen,1.0,275.12,275.12,2023-01-26,West
ORD-001369,Coffee Maker,Home & Kitchen,1.0,2508.59,2508.59,2023-10-29,West
ORD-001370,Desk Lamp,Home & Kitchen,3.0,573.88,1721.64,2023-04-11,East
ORD-001371,Desk Lamp,Home & Kitchen,3.0,563.55,1690.65,2024-11-22,West
ORD-001372,Desk Lamp,Home & Kitchen,1.0,533.92,533.92,2024-12-23,Central
ORD-001373,Resistance Bands,Sports,3.0,372.89,1118.67,2023-01-09,South
ORD-001374,Statistics Book,Books,1.0,553.97,553.97,2024-08-16,West
ORD-001375,Sneakers,Clothing,2.0,2148.41,4296.82,2023-08-22,East
ORD-001376,Jump Rope,Sports,2.0,261.85,523.7,2024-04-17,West
ORD-001377,Statistics Book,Books,1.0,717.72,717.72,2023-08-03,North
ORD-001378,Running Shoes,Clothing,1.0,2131.41,2131.41,2023-11-09,West
ORD-001379,Blender,Home & Kitchen,1.0,2004.83,2004.83,2023-08-19,South
ORD-001380,Resistance Bands,Sports,5.0,407.09,2035.45,2023-11-30,North
ORD-001381,Running Shoes,Clothing,1.0,2723.27,2723.27,2023-12-05,Central
ORD-001382,Water Bottle Sport,Sports,3.0,337.55,1012.65,2024-01-26,East
ORD-001383,Sunglasses,Clothing,1.0,909.73,909.73,2023-04-22,West
ORD-001384,Coffee Maker,Home & Kitchen,1.0,2538.66,2538.66,2023-06-25,North
ORD-001385,Jump Rope,Sports,3.0,260.38,781.14,2023-01-28,Central
ORD-001386,Desk Lamp,Home & Kitchen,1.0,603.38,603.38,2023-08-27,East
ORD-001387,Non-Stick Pan,Home & Kitchen,1.0,897.23,897.23,2023-06-25,South
ORD-001388,HD Webcam,Electronics,2.0,1287.53,2575.06,2024-07-03,South
ORD-001389,Running Shoes,Clothing,1.0,2737.33,2737.33,2023-07-30,West
ORD-001390,Formal Shirt,Clothing,2.0,957.46,1914.92,2024-08-24,East
ORD-001391,Cotton T-Shirt,Clothing,4.0,547.59,2190.36,2023-05-27,East
ORD-001392,Sports Shorts,Clothing,1.0,690.65,690.65,2024-08-05,East
ORD-001393,Power Bank 10000mAh,Electronics,2.0,887.22,1774.44,2024-10-23,West
ORD-001394,Water Bottle,Home & Kitchen,1.0,330.38,330.38,2024-09-19,South
ORD-001395,Sneakers,Clothing,1.0,2094.4,2094.4,2024-04-13,West
ORD-001396,Laptop Stand,Electronics,1.0,1014.1,1014.1,2024-12-16,Central
ORD-001397,Storage Containers,Home & Kitchen,2.0,369.74,739.48,2024-11-13,West
ORD-001398,Sunglasses,Clothing,2.0,811.66,1623.32,2024-02-26,Central
ORD-001399,USB Keyboard,Electronics,1.0,616.07,616.07,2024-05-31,East
ORD-001400,Desk Lamp,Home & Kitchen,3.0,513.95,1541.85,2024-06-02,West
ORD-001401,Statistics Book,Books,6.0,718.27,4309.62,2023-12-18,South
ORD-001402,Power Bank 10000mAh,Electronics,3.0,800.96,2402.88,2023-04-28,West
ORD-001403,Cloud Computing,Books,1.0,759.88,759.88,2024-04-17,North
ORD-001404,Machine Learning,Books,3.0,991.12,2973.36,2024-04-27,North
ORD-001405,USB Keyboard,Electronics,2.0,656.76,1313.52,2023-07-01,South
ORD-001406,Wireless Mouse,Electronics,3.0,441.99,1325.97,2024-11-24,North
ORD-001407,Bluetooth Speaker,Electronics,1.0,1981.71,1981.71,2024-03-28,West
ORD-001408,Laptop Stand,Electronics,1.0,952.3,952.3,2024-12-07,North
ORD-001409,Web Development,Books,1.0,644.17,644.17,2023-09-13,North
ORD-001410,Python Programming,Books,5.0,543.68,2718.4,2023-01-15,West
ORD-001411,Denim Jeans,Clothing,4.0,1169.25,4677.0,2024-11-11,South
ORD-001412,USB-C Cable,Electronics,2.0,180.47,360.94,2023-11-27,North
ORD-001413,Water Bottle Sport,Sports,2.0,319.03,638.06,2024-03-14,South
ORD-001414,Cotton T-Shirt,Clothing,4.0,425.94,1703.76,2024-02-16,North
ORD-001415,Denim Jeans,Clothing,2.0,1357.43,2714.86,2024-11-04,South
ORD-001416,Bluetooth Speaker,Electronics,1.0,1853.39,1853.39,2024-02-25,Central
ORD-001417,HD Webcam,Electronics,1.0,1235.95,1235.95,2023-09-15,Central
ORD-001418,Machine Learning,Books,2.0,969.58,1939.16,2023-12-07,West
ORD-001419,Data Science Guide,Books,1.0,897.78,897.78,2023-12-10,South
ORD-001420,Football,Sports,1.0,916.06,916.06,2024-05-30,North
ORD-001421,Dumbbells Set,Sports,2.0,2445.39,4890.78,2023-11-13,North
ORD-001422,Wireless Mouse,Electronics,1.0,422.54,422.54,2023-05-21,North
ORD-001423,Cotton T-Shirt,Clothing,1.0,513.68,513.68,2023-09-01,Central
ORD-001424,Air Purifier,Home & Kitchen,2.0,5429.37,10858.74,2023-10-12,North
ORD-001425,SQL Handbook,Books,4.0,533.86,2135.44,2023-01-25,South
ORD-001426,Cotton T-Shirt,Clothing,3.0,544.13,1632.39,2024-11-11,West
ORD-001427,Sneakers,Clothing,1.0,1964.43,1964.43,2024-06-17,North
ORD-001428,Data Science Guide,Books,2.0,916.94,1833.88,2023-07-17,Central
ORD-001429,Denim Jeans,Clothing,4.0,1428.08,5712.32,2023-06-27,Central
ORD-001430,Denim Jeans,Clothing,3.0,1225.53,3676.59,2024-03-12,West
ORD-001431,Sneakers,Clothing,,1880.92,1880.92,2023-06-30,East
ORD-001432,Formal Shirt,Clothing,3.0,1026.45,3079.35,2024-05-07,South
ORD-001433,Sunglasses,Clothing,1.0,825.22,825.22,2024-03-27,South
ORD-001434,Sunglasses,Clothing,2.0,781.6,1563.2,2023-01-21,North
ORD-001435,Air Purifier,Home & Kitchen,1.0,4635.01,4635.01,2024-07-20,East
ORD-001436,SQL Handbook,Books,2.0,496.13,992.26,2024-01-20,South
ORD-001437,Web Development,Books,2.0,595.03,1190.06,2023-06-08,Central
ORD-001438,Towel Set,Home & Kitchen,2.0,678.12,1356.24,2024-02-19,Central
ORD-001439,Water Bottle,Home & Kitchen,2.0,342.73,685.46,2024-05-16,North
ORD-001440,USB Keyboard,Electronics,3.0,584.16,1752.48,2024-01-30,West
ORD-001441,Blender,Home & Kitchen,1.0,1975.9,1975.9,2024-06-05,South
ORD-001442,Laptop Stand,Electronics,1.0,1014.98,1014.98,2024-03-10,North
ORD-001443,Non-Stick Pan,Home & Kitchen,2.0,714.6,1429.2,2024-12-15,East
ORD-001444,Formal Shirt,Clothing,1.0,1020.84,1020.84,2023-09-11,West
ORD-001445,USB Keyboard,Electronics,1.0,731.29,731.29,2023-04-05,South
ORD-001446,Dumbbells Set,Sports,1.0,2780.89,2780.89,2024-06-14,North
ORD-001447,SQL Handbook,Books,2.0,569.01,1138.02,2024-12-09,West
ORD-001448,SQL Handbook,Books,4.0,562.52,2250.08,2024-02-26,Central
ORD-001449,USB-C Cable,Electronics,3.0,181.66,544.98,2023-05-27,West
ORD-001450,Non-Stick Pan,Home & Kitchen,2.0,679.53,1359.06,2023-06-22,North
ORD-001451,Statistics Book,Books,3.0,635.56,1906.68,2024-11-01,North
ORD-001452,Running Shoes,Clothing,1.0,2500.96,2500.96,2023-07-22,North
ORD-001453,Football,Sports,1.0,858.9,858.9,2023-07-10,West
ORD-001454,Formal Shirt,Clothing,7.0,1010.38,7072.66,2024-02-23,North
ORD-001455,Denim Jeans,Clothing,2.0,1152.74,2305.48,2023-10-28,North
ORD-001456,Bluetooth Speaker,Electronics,1.0,1940.69,1940.69,2024-05-04,North
ORD-001457,Non-Stick Pan,Home & Kitchen,2.0,915.88,1831.76,2024-11-12,North
ORD-001458,Yoga Mat,Sports,5.0,1030.32,5151.6,2024-01-20,West
ORD-001459,Cloud Computing,Books,1.0,712.27,712.27,2023-12-12,West
ORD-001460,Blender,Home & Kitchen,2.0,1993.05,3986.1,2023-09-03,South
ORD-001461,USB-C Cable,Electronics,4.0,169.33,677.32,2023-12-05,Central
ORD-001462,Machine Learning,Books,1.0,998.52,998.52,2023-01-27,South
ORD-001463,Sports Shorts,Clothing,4.0,732.32,2929.28,2024-04-07,East
ORD-001464,Web Development,Books,4.0,794.95,3179.8,2023-01-04,West
ORD-001465,USB-C Cable,Electronics,4.0,213.08,852.32,2023-02-16,West
ORD-001466,Sunglasses,Clothing,2.0,869.46,1738.92,2024-02-14,South
ORD-001467,Data Science Guide,Books,1.0,725.91,725.91,2024-01-30,North
ORD-001468,Yoga Mat,Sports,1.0,787.64,787.64,2023-05-11,West
ORD-001469,Jump Rope,Sports,2.0,339.82,679.64,2023-06-22,East
ORD-001470,Football,Sports,1.0,859.7,859.7,2023-09-07,West
ORD-001471,USB Keyboard,Electronics,2.0,558.2,1116.4,2024-03-21,Central
ORD-001472,Water Bottle,Home & Kitchen,1.0,277.26,277.26,2023-10-15,East
ORD-001473,HD Webcam,Electronics,1.0,1197.11,1197.11,2024-07-01,West
ORD-001474,Desk Lamp,Home & Kitchen,1.0,617.09,617.09,2024-08-12,West
ORD-001475,Statistics Book,Books,2.0,661.05,1322.1,2024-10-31,Central
ORD-001476,Winter Jacket,Clothing,1.0,3066.19,3066.19,2023-09-23,North
ORD-001477,Football,Sports,1.0,709.69,709.69,2023-04-29,South
ORD-001478,Python Programming,Books,1.0,605.4,605.4,2023-11-15,West
ORD-001479,AI Foundations,Books,3.0,1129.05,3387.15,2024-01-09,North
ORD-001480,Football,Sports,1.0,808.18,808.18,2023-04-20,East
ORD-001481,Formal Shirt,Clothing,1.0,887.08,887.08,2023-08-13,East
ORD-001482,Cotton T-Shirt,Clothing,4.0,499.36,1997.44,2024-09-05,West
ORD-001483,Towel Set,Home & Kitchen,2.0,,1196.22,2024-10-08,West
ORD-001484,Python Programming,Books,7.0,637.95,4465.65,2023-12-08,West
ORD-001485,Cotton T-Shirt,Clothing,4.0,533.04,2132.16,2023-07-03,South
ORD-001486,Cotton T-Shirt,Clothing,1.0,487.39,487.39,2024-07-15,East
ORD-001487,Water Bottle,Home & Kitchen,4.0,319.34,1277.36,2024-02-05,South
ORD-001488,Sneakers,Clothing,1.0,2150.28,2150.28,2023-04-10,East
ORD-001489,Power Bank 10000mAh,Electronics,1.0,919.81,919.81,2024-04-13,South
ORD-001490,SQL Handbook,Books,3.0,544.56,1633.68,2023-05-29,North
ORD-001491,USB-C Cable,Electronics,3.0,216.04,648.12,2024-08-12,Central
ORD-001492,Statistics Book,Books,1.0,731.94,731.94,2024-11-26,North
ORD-001493,Machine Learning,Books,1.0,903.16,903.16,2023-02-23,South
ORD-001494,Machine Learning,Books,1.0,830.23,830.23,2024-10-04,North
ORD-001495,Cloud Computing,Books,1.0,851.14,851.14,2023-11-06,West
ORD-001496,Data Science Guide,Books,4.0,835.03,3340.12,2024-04-19,South
ORD-001497,AI Foundations,Books,1.0,873.92,873.92,2023-01-12,East
ORD-001498,Football,Sports,2.0,915.82,1831.64,2023-01-24,East
ORD-001499,HD Webcam,Electronics,1.0,1252.05,1252.05,2024-01-29,South
ORD-001500,Cricket Bat,Sports,1.0,1595.13,1595.13,2023-04-12,Central
ORD-001501,Cricket Bat,Sports,1.0,1283.03,1283.03,2024-02-20,East
ORD-001502,Jump Rope,Sports,2.0,306.6,613.2,2023-03-07,West
ORD-001503,Bluetooth Speaker,Electronics,5.0,1627.56,8137.8,2024-11-05,East
ORD-001504,Cotton T-Shirt,Clothing,4.0,471.2,1884.8,2024-07-22,North
ORD-001505,Football,Sports,1.0,813.98,813.98,2024-10-30,Central
ORD-001506,USB Keyboard,Electronics,1.0,623.39,623.39,2023-05-08,East
ORD-001507,Python Programming,Books,5.0,679.18,3395.9,2023-09-12,East
ORD-001508,Towel Set,Home & Kitchen,2.0,634.06,1268.12,2023-05-24,East
ORD-001509,Desk Lamp,Home & Kitchen,1.0,656.46,656.46,2024-12-05,North
ORD-001510,Running Shoes,Clothing,2.0,2285.5,4571.0,2023-11-03,North
ORD-001511,Football,Sports,1.0,709.95,709.95,2024-08-28,East
ORD-001512,Power Bank 10000mAh,Electronics,1.0,1007.87,1007.87,2023-09-24,South
ORD-001513,Power Bank 10000mAh,Electronics,3.0,951.46,2854.38,2024-11-23,East
ORD-001514,Power Bank 10000mAh,Electronics,1.0,816.1,816.1,2024-10-10,South
ORD-001515,Cricket Bat,Sports,1.0,1416.42,1416.42,2024-03-05,West
ORD-001516,Python Programming,Books,1.0,557.69,557.69,2024-09-10,East
ORD-001517,Water Bottle Sport,Sports,2.0,305.97,611.94,2023-03-09,Central
ORD-001518,Air Purifier,Home & Kitchen,1.0,4396.04,4396.04,2023-08-20,Central
ORD-001519,Sneakers,Clothing,1.0,1773.22,1773.22,2023-04-18,East
ORD-001520,Towel Set,Home & Kitchen,2.0,635.02,1270.04,2023-04-08,Central
ORD-001521,Resistance Bands,Sports,1.0,344.89,344.89,2024-09-14,South
ORD-001522,Machine Learning,Books,4.0,946.96,3787.84,2023-12-20,West
ORD-001523,Water Bottle Sport,Sports,2.0,323.77,647.54,2024-05-03,West
ORD-001524,Running Shoes,Clothing,2.0,2675.5,5351.0,2023-05-27,North
ORD-001525,Desk Lamp,Home & Kitchen,1.0,636.16,636.16,2024-11-25,North
ORD-001526,Towel Set,Home & Kitchen,1.0,680.34,680.34,2024-05-29,East
ORD-001527,Formal Shirt,Clothing,4.0,1019.68,4078.72,2024-10-12,South
ORD-001528,Coffee Maker,Home & Kitchen,1.0,2671.4,2671.4,2024-10-11,Central
ORD-001529,Cotton T-Shirt,Clothing,3.0,507.11,1521.33,2023-03-28,East
ORD-001530,Laptop Stand,Electronics,2.0,1176.16,2352.32,2024-11-24,East
ORD-001531,Dumbbells Set,Sports,1.0,2266.73,2266.73,2024-02-20,West
ORD-001532,Laptop Stand,Electronics,1.0,1048.87,1048.87,2024-12-20,Central
ORD-001533,Yoga Mat,Sports,1.0,809.6,809.6,2024-09-13,Central
ORD-001534,Football,Sports,3.0,880.36,2641.08,2023-06-29,East
ORD-001535,Laptop Stand,Electronics,1.0,1058.18,1058.18,2024-05-22,North
ORD-001536,Denim Jeans,Clothing,1.0,1218.54,1218.54,2023-10-25,North
ORD-001537,Water Bottle Sport,Sports,4.0,393.93,1575.72,2023-08-11,Central
ORD-001538,Yoga Mat,Sports,1.0,992.95,992.95,2024-04-19,North
ORD-001539,Headphones,Electronics,4.0,1323.22,5292.88,2023-12-03,South
ORD-001540,Sneakers,Clothing,3.0,1957.5,5872.5,2023-12-30,North
ORD-001541,Cricket Bat,Sports,1.0,1493.34,1493.34,2024-02-25,North
ORD-001542,Desk Lamp,Home & Kitchen,1.0,562.93,562.93,2024-04-26,South
ORD-001543,Formal Shirt,Clothing,2.0,941.15,1882.3,2023-04-22,South
ORD-001544,Sports Shorts,Clothing,3.0,779.44,2338.32,2024-03-20,West
ORD-001545,Bluetooth Speaker,Electronics,1.0,1743.05,1743.05,2023-10-19,West
ORD-001546,HD Webcam,Electronics,2.0,1192.55,2385.1,2024-11-13,West
ORD-001547,Coffee Maker,Home & Kitchen,2.0,2495.68,4991.36,2024-03-07,West
ORD-001548,Sports Shorts,Clothing,1.0,787.82,787.82,2024-02-14,West
ORD-001549,Machine Learning,Books,1.0,977.94,977.94,2023-04-23,North
ORD-001550,Non-Stick Pan,Home & Kitchen,2.0,841.74,1683.48,2024-12-01,South
ORD-001551,Yoga Mat,Sports,4.0,840.27,3361.08,2024-03-20,North
ORD-001552,Web Development,Books,3.0,701.36,2104.08,2024-09-24,North
ORD-001553,Power Bank 10000mAh,Electronics,2.0,985.47,1970.94,2024-12-18,North
ORD-001554,HD Webcam,Electronics,2.0,1232.83,2465.66,2023-07-13,West
ORD-001555,Denim Jeans,Clothing,1.0,1210.87,1210.87,2023-05-16,North
ORD-001556,Sneakers,Clothing,2.0,1753.68,3507.36,2023-01-19,North
ORD-001557,SQL Handbook,Books,5.0,458.79,2293.95,2024-12-17,South
ORD-001558,Python Programming,Books,1.0,518.43,518.43,2024-06-06,North
ORD-001559,Storage Containers,Home & Kitchen,3.0,322.51,967.53,2023-12-26,Central
ORD-001560,Cotton T-Shirt,Clothing,2.0,535.64,1071.28,2023-01-01,North
ORD-001561,SQL Handbook,Books,3.0,451.82,1355.46,2024-09-13,Central
ORD-001562,Blender,Home & Kitchen,1.0,1995.25,1995.25,2023-11-08,West
ORD-001563,Sports Shorts,Clothing,5.0,669.93,3349.65,2024-01-05,West
ORD-001564,Gym Gloves,Sports,4.0,455.59,1822.36,2023-09-01,South
ORD-001565,HD Webcam,Electronics,2.0,1063.33,2126.66,2024-10-06,East
ORD-001566,Winter Jacket,Clothing,1.0,3077.69,3077.69,2024-12-22,
ORD-001567,Gym Gloves,Sports,3.0,572.3,1716.9,2023-11-05,North
ORD-001568,Cotton T-Shirt,Clothing,3.0,506.56,1519.68,2023-05-11,South
ORD-001569,Gym Gloves,Sports,1.0,531.53,531.53,2024-01-10,Central
ORD-001570,Headphones,Electronics,1.0,1703.6,1703.6,2024-03-05,West
ORD-001571,Formal Shirt,Clothing,2.0,842.27,1684.54,2024-12-14,Central
ORD-001572,Bluetooth Speaker,Electronics,1.0,1817.53,1817.53,2024-02-12,East
ORD-001573,HD Webcam,Electronics,1.0,1158.29,1158.29,2024-03-24,West
ORD-001574,SQL Handbook,Books,2.0,448.1,896.2,2023-07-31,North
ORD-001575,Headphones,Electronics,1.0,1511.28,1511.28,2024-05-30,South
ORD-001576,Formal Shirt,Clothing,1.0,796.27,796.27,2024-12-26,North
ORD-001577,Football,Sports,1.0,714.66,714.66,2023-10-26,Central
ORD-001578,Formal Shirt,Clothing,5.0,831.31,4156.55,2023-02-22,West
ORD-001579,Dumbbells Set,Sports,1.0,2598.47,2598.47,2023-01-02,Central
ORD-001580,Coffee Maker,Home & Kitchen,1.0,2322.1,2322.1,2024-12-23,North
ORD-001581,Resistance Bands,Sports,3.0,414.08,1242.24,2023-11-29,North
ORD-001582,Desk Lamp,Home & Kitchen,3.0,683.75,2051.25,2023-10-14,East
ORD-001583,Dumbbells Set,Sports,1.0,2614.32,2614.32,2024-12-05,Central
ORD-001584,Football,Sports,1.0,743.58,743.58,2024-03-28,East
ORD-001585,Machine Learning,Books,1.0,960.03,960.03,2024-04-01,South
ORD-001586,Data Science Guide,Books,1.0,723.5,723.5,2024-05-22,Central
ORD-001587,Sunglasses,Clothing,4.0,684.2,2736.8,2023-07-04,North
ORD-001588,Sneakers,Clothing,2.0,1740.8,3481.6,2024-12-04,North
ORD-001589,Sunglasses,Clothing,1.0,703.18,703.18,2024-10-22,East
ORD-001590,USB Keyboard,Electronics,2.0,573.96,1147.92,2024-01-22,North
ORD-001591,HD Webcam,Electronics,1.0,1116.36,1116.36,2023-09-12,
ORD-001592,Yoga Mat,Sports,1.0,792.83,792.83,2023-01-10,West
ORD-001593,Coffee Maker,Home & Kitchen,1.0,2693.68,2693.68,2023-07-27,Central
ORD-001594,Formal Shirt,Clothing,1.0,829.91,829.91,2023-12-06,East
ORD-001595,Coffee Maker,Home & Kitchen,3.0,2201.23,6603.69,2023-01-22,South
ORD-001596,Water Bottle Sport,Sports,1.0,320.14,320.14,2023-05-26,North
ORD-001597,Machine Learning,Books,1.0,825.07,825.07,2023-12-28,Central
ORD-001598,Data Science Guide,Books,1.0,705.55,705.55,2024-05-18,North
ORD-001599,Blender,Home & Kitchen,2.0,1681.57,3363.14,2023-03-20,Central
ORD-001600,Wireless Mouse,Electronics,2.0,440.36,880.72,2024-09-11,South
ORD-001601,Sneakers,Clothing,1.0,2111.24,2111.24,2023-06-03,East
ORD-001602,Blender,Home & Kitchen,2.0,1898.57,3797.14,2023-04-17,South
ORD-001603,Coffee Maker,Home & Kitchen,2.0,2857.39,5714.78,2023-01-03,West
ORD-001604,Sports Shorts,Clothing,3.0,745.42,2236.26,2023-06-01,West
ORD-001605,Data Science Guide,Books,2.0,909.16,1818.32,2023-04-26,South
ORD-001606,USB-C Cable,Electronics,5.0,192.14,960.7,2023-05-11,South
ORD-001607,Cloud Computing,Books,1.0,771.86,771.86,2024-12-11,West
ORD-001608,Winter Jacket,Clothing,1.0,3495.96,3495.96,2024-01-28,East
ORD-001609,Football,Sports,2.0,850.52,1701.04,2024-01-29,East
ORD-001610,Denim Jeans,Clothing,1.0,1183.37,1183.37,2023-08-29,Central
ORD-001611,Towel Set,Home & Kitchen,2.0,519.86,1039.72,2023-05-17,South
ORD-001612,Formal Shirt,Clothing,1.0,994.29,994.29,2024-04-16,Central
ORD-001613,Web Development,Books,4.0,605.87,2423.48,2023-08-04,North
ORD-001614,Sneakers,Clothing,2.0,1953.85,3907.7,2023-01-27,North
ORD-001615,USB Keyboard,Electronics,1.0,722.24,722.24,2024-05-03,North
ORD-001616,Air Purifier,Home & Kitchen,1.0,4267.86,4267.86,2023-03-22,West
ORD-001617,Machine Learning,Books,1.0,801.94,801.94,2023-07-06,East
ORD-001618,Towel Set,Home & Kitchen,3.0,588.93,1766.79,2024-02-26,West
ORD-001619,Power Bank 10000mAh,Electronics,1.0,1001.8,1001.8,2023-04-24,North
ORD-001620,Running Shoes,Clothing,2.0,2441.74,4883.48,2023-01-12,Central
ORD-001621,SQL Handbook,Books,2.0,530.34,1060.68,2024-08-08,South
ORD-001622,Formal Shirt,Clothing,4.0,1027.9,4111.6,2023-04-05,North
ORD-001623,Sneakers,Clothing,1.0,1934.41,1934.41,2024-09-25,West
ORD-001624,Dumbbells Set,Sports,1.0,2358.95,2358.95,2024-12-10,West
ORD-001625,Machine Learning,Books,1.0,938.55,938.55,2023-02-25,North
ORD-001626,USB Keyboard,Electronics,1.0,704.37,704.37,2023-03-21,South
ORD-001627,Formal Shirt,Clothing,3.0,781.77,2345.31,2023-06-16,East
ORD-001628,Desk Lamp,Home & Kitchen,2.0,676.13,1352.26,2024-07-18,North
ORD-001629,Wireless Mouse,Electronics,1.0,447.81,447.81,2024-07-31,North
ORD-001630,Power Bank 10000mAh,Electronics,5.0,966.88,4834.4,2023-01-09,Central
ORD-001631,Football,Sports,1.0,853.1,853.1,2023-11-19,Central
ORD-001632,USB-C Cable,Electronics,9.0,199.21,1792.89,2024-02-22,East
ORD-001633,Cotton T-Shirt,Clothing,2.0,495.55,991.1,2024-08-24,Central
ORD-001634,Power Bank 10000mAh,Electronics,2.0,889.05,1778.1,2023-06-15,Central
ORD-001635,Bluetooth Speaker,Electronics,1.0,1883.28,1883.28,2023-08-09,West
ORD-001636,Sports Shorts,Clothing,1.0,665.24,665.24,2024-04-03,South
ORD-001637,Python Programming,Books,1.0,578.81,578.81,2024-12-30,North
ORD-001638,Dumbbells Set,Sports,1.0,2869.66,2869.66,2023-06-06,North
ORD-001639,HD Webcam,Electronics,1.0,1368.82,1368.82,2023-11-13,West
ORD-001640,Headphones,Electronics,2.0,1351.37,2702.74,2023-04-07,South
ORD-001641,Power Bank 10000mAh,Electronics,4.0,788.22,3152.88,2024-08-13,North
ORD-001642,SQL Handbook,Books,2.0,538.39,1076.78,2024-04-29,South
ORD-001643,Denim Jeans,Clothing,5.0,1245.8,6229.0,2024-08-05,South
ORD-001644,Machine Learning,Books,1.0,992.0,992.0,2024-03-27,Central
ORD-001645,Coffee Maker,Home & Kitchen,1.0,2461.58,2461.58,2024-11-29,Central
ORD-001646,Wireless Mouse,Electronics,1.0,458.21,458.21,2023-09-08,North
ORD-001647,Power Bank 10000mAh,Electronics,1.0,871.84,871.84,2024-01-20,North
ORD-001648,Cloud Computing,Books,1.0,741.33,741.33,2024-11-16,West
ORD-001649,Data Science Guide,Books,3.0,705.12,2115.36,2023-03-29,Central
ORD-001650,Statistics Book,Books,2.0,564.2,1128.4,2023-07-24,South
ORD-001651,Jump Rope,Sports,1.0,296.87,296.87,2023-08-06,South
ORD-001652,HD Webcam,Electronics,3.0,1096.85,3290.55,2024-04-26,East
ORD-001653,Water Bottle Sport,Sports,5.0,334.5,1672.5,2023-03-05,South
ORD-001654,Web Development,Books,3.0,598.96,1796.88,2023-02-25,West
ORD-001655,SQL Handbook,Books,2.0,436.66,873.32,2023-09-16,North
ORD-001656,Data Science Guide,Books,3.0,787.36,2362.08,2023-11-02,South
ORD-001657,Formal Shirt,Clothing,1.0,789.08,789.08,2023-07-08,Central
ORD-001658,Storage Containers,Home & Kitchen,6.0,395.27,2371.62,2023-06-18,East
ORD-001659,Cricket Bat,Sports,2.0,1684.55,3369.1,2024-12-14,East
ORD-001660,Bluetooth Speaker,Electronics,1.0,1842.38,1842.38,2023-03-21,North
ORD-001661,Non-Stick Pan,Home & Kitchen,1.0,902.99,902.99,2023-06-04,East
ORD-001662,Coffee Maker,Home & Kitchen,1.0,2514.51,2514.51,2024-11-21,North
ORD-001663,Machine Learning,Books,1.0,1025.61,1025.61,2024-10-11,North
ORD-001664,Winter Jacket,Clothing,2.0,3787.02,7574.04,2024-03-06,East
ORD-001665,Sports Shorts,Clothing,3.0,797.92,2393.76,2023-08-03,East
ORD-001666,USB-C Cable,Electronics,5.0,222.68,1113.4,2024-01-08,East
ORD-001667,Headphones,Electronics,1.0,1461.32,1461.32,2024-10-26,South
ORD-001668,Water Bottle Sport,Sports,3.0,331.81,995.43,2024-06-19,Central
ORD-001669,Statistics Book,Books,3.0,667.48,2002.44,2024-01-18,East
ORD-001670,SQL Handbook,Books,5.0,489.64,2448.2,2024-11-06,South
ORD-001671,Dumbbells Set,Sports,2.0,2201.98,4403.96,2023-03-31,West
ORD-001672,Water Bottle Sport,Sports,2.0,375.36,750.72,2023-04-17,Central
ORD-001673,Headphones,Electronics,3.0,1289.69,3869.07,2024-05-30,South
ORD-001674,Web Development,Books,1.0,709.82,709.82,2023-08-17,North
ORD-001675,Data Science Guide,Books,3.0,898.24,2694.72,2023-12-26,South
ORD-001676,Python Programming,Books,5.0,600.36,3001.8,2024-01-19,South
ORD-001677,Storage Containers,Home & Kitchen,6.0,297.09,1782.54,2024-02-29,Central
ORD-001678,Wireless Mouse,Electronics,2.0,433.04,866.08,2023-01-27,West
ORD-001679,Gym Gloves,Sports,4.0,509.81,2039.24,2023-12-10,South
ORD-001680,Water Bottle Sport,Sports,4.0,337.83,1351.32,2023-07-17,North
ORD-001681,Water Bottle Sport,Sports,1.0,337.53,337.53,2023-05-12,West
ORD-001682,AI Foundations,Books,2.0,918.37,1836.74,2024-06-13,West
ORD-001683,Denim Jeans,Clothing,1.0,1256.92,1256.92,2024-10-08,West
ORD-001684,Air Purifier,Home & Kitchen,1.0,4389.02,4389.02,2023-11-27,South
ORD-001685,Cricket Bat,Sports,2.0,1518.64,3037.28,2023-01-29,Central
ORD-001686,Water Bottle Sport,Sports,2.0,310.32,620.64,2023-01-26,East
ORD-001687,Air Purifier,Home & Kitchen,1.0,4581.72,4581.72,2023-09-03,North
ORD-001688,Sneakers,Clothing,2.0,1864.05,3728.1,2023-09-24,Central
ORD-001689,USB Keyboard,Electronics,2.0,668.7,1337.4,2023-04-24,North
ORD-001690,Storage Containers,Home & Kitchen,3.0,348.4,1045.2,2023-07-04,South
ORD-001691,Sneakers,Clothing,1.0,1712.32,1712.32,2023-04-14,North
ORD-001692,Bluetooth Speaker,Electronics,1.0,2010.45,2010.45,2024-12-04,West
ORD-001693,Machine Learning,Books,2.0,1007.86,2015.72,2023-07-04,West
ORD-001694,Yoga Mat,Sports,2.0,1032.16,2064.32,2023-05-01,East
ORD-001695,Yoga Mat,Sports,1.0,832.79,832.79,2023-06-12,North
ORD-001696,Yoga Mat,Sports,1.0,902.17,902.17,2024-07-02,North
ORD-001697,Coffee Maker,Home & Kitchen,3.0,2228.03,6684.09,2023-08-11,North
ORD-001698,Formal Shirt,Clothing,1.0,1021.24,1021.24,2023-10-08,South
ORD-001699,Resistance Bands,Sports,1.0,398.5,398.5,2024-04-23,East
ORD-001700,Web Development,Books,3.0,738.23,2214.69,2023-09-14,Central
ORD-001701,Water Bottle,Home & Kitchen,3.0,322.9,968.7,2023-04-16,South
ORD-001702,Sunglasses,Clothing,1.0,780.72,780.72,2024-03-19,West
ORD-001703,Coffee Maker,Home & Kitchen,1.0,2273.88,2273.88,2024-09-13,South
ORD-001704,Headphones,Electronics,2.0,1706.14,3412.28,2023-06-21,South
ORD-001705,SQL Handbook,Books,1.0,520.72,520.72,2024-09-10,Central
ORD-001706,Water Bottle,Home & Kitchen,4.0,326.72,1306.88,2023-01-31,South
ORD-001707,Sports Shorts,Clothing,3.0,731.91,2195.73,2023-09-09,South
ORD-001708,Coffee Maker,Home & Kitchen,1.0,2132.32,2132.32,2023-01-10,South
ORD-001709,AI Foundations,Books,3.0,964.71,2894.13,2023-08-27,East
ORD-001710,Football,Sports,1.0,850.84,850.84,2023-04-16,Central
ORD-001711,Laptop Stand,Electronics,3.0,1039.87,3119.61,2024-11-29,South
ORD-001712,Cotton T-Shirt,Clothing,2.0,572.39,1144.78,2024-05-20,South
ORD-001713,Headphones,Electronics,1.0,1541.03,1541.03,2023-06-25,North
ORD-001714,Power Bank 10000mAh,Electronics,3.0,995.04,2985.12,2023-01-19,Central
ORD-001715,SQL Handbook,Books,1.0,484.45,484.45,2023-05-15,Central
ORD-001716,Yoga Mat,Sports,1.0,782.88,782.88,2023-12-12,North
ORD-001717,SQL Handbook,Books,1.0,475.92,475.92,2023-10-09,North
ORD-001718,Towel Set,Home & Kitchen,1.0,562.78,562.78,2024-09-19,Central
ORD-001719,Data Science Guide,Books,4.0,703.78,2815.12,2024-01-18,North
ORD-001720,HD Webcam,Electronics,1.0,1330.1,1330.1,2023-04-18,West
ORD-001721,Running Shoes,Clothing,1.0,2800.59,2800.59,2023-04-01,South
ORD-001722,Yoga Mat,Sports,2.0,834.19,1668.38,2024-12-05,West
ORD-001723,Wireless Mouse,Electronics,1.0,426.96,426.96,2023-11-08,East
ORD-001724,SQL Handbook,Books,2.0,444.77,889.54,2024-12-16,East
ORD-001725,Sports Shorts,Clothing,1.0,780.32,780.32,2023-06-01,Central
ORD-001726,Cloud Computing,Books,1.0,755.2,755.2,2024-11-15,East
ORD-001727,SQL Handbook,Books,4.0,496.41,1985.64,2023-11-26,North
ORD-001728,Coffee Maker,Home & Kitchen,1.0,2778.54,2778.54,2023-12-28,West
ORD-001729,Denim Jeans,Clothing,1.0,1127.64,1127.64,2023-03-18,North
ORD-001730,Sunglasses,Clothing,6.0,704.21,4225.26,2024-01-30,North
ORD-001731,Gym Gloves,Sports,2.0,522.25,1044.5,2023-11-16,West
ORD-001732,HD Webcam,Electronics,1.0,1158.81,1158.81,2023-08-13,East
ORD-001733,Football,Sports,1.0,745.75,745.75,2024-02-14,North
ORD-001734,Coffee Maker,Home & Kitchen,1.0,2204.5,2204.5,2023-05-31,North
ORD-001735,Headphones,Electronics,1.0,1489.31,1489.31,2023-07-11,East
ORD-001736,Storage Containers,Home & Kitchen,3.0,305.45,916.35,2023-05-02,South
ORD-001737,Sneakers,Clothing,1.0,1899.29,1899.29,2024-05-29,South
ORD-001738,Coffee Maker,Home & Kitchen,1.0,2672.93,2672.93,2023-02-20,South
ORD-001739,Desk Lamp,Home & Kitchen,1.0,558.73,558.73,2024-02-17,East
ORD-001740,Water Bottle Sport,Sports,3.0,364.32,1092.96,2023-04-22,Central
ORD-001741,Denim Jeans,Clothing,1.0,1328.32,1328.32,2023-02-24,North
ORD-001742,Dumbbells Set,Sports,1.0,2589.13,2589.13,2023-10-10,West
ORD-001743,Statistics Book,Books,2.0,712.1,1424.2,2023-04-14,West
ORD-001744,Web Development,Books,1.0,667.05,667.05,2023-06-25,South
ORD-001745,Resistance Bands,Sports,3.0,399.39,1198.17,2023-01-04,West
ORD-001746,SQL Handbook,Books,2.0,471.32,942.64,2024-12-05,North
ORD-001747,Sports Shorts,Clothing,5.0,596.82,2984.1,2024-04-11,East
ORD-001748,Non-Stick Pan,Home & Kitchen,1.0,890.39,890.39,2023-07-01,North
ORD-001749,USB-C Cable,Electronics,2.0,198.3,396.6,2024-04-30,North
ORD-001750,Wireless Mouse,Electronics,3.0,516.21,1548.63,2023-01-18,West
ORD-001751,Cricket Bat,Sports,1.0,1319.12,1319.12,2023-05-31,West
ORD-001752,Towel Set,Home & Kitchen,1.0,687.02,687.02,2024-05-17,South
ORD-001753,SQL Handbook,Books,5.0,548.06,2740.3,2024-01-09,South
ORD-001754,Towel Set,Home & Kitchen,2.0,602.47,1204.94,2023-04-26,West
ORD-001755,Sneakers,Clothing,1.0,1784.09,1784.09,2023-08-14,East
ORD-001756,Sneakers,Clothing,3.0,1752.69,5258.07,2024-01-04,Central
ORD-001757,Data Science Guide,Books,2.0,841.86,1683.72,2023-10-08,Central
ORD-001758,Machine Learning,Books,1.0,858.23,858.23,2023-09-29,South
ORD-001759,Water Bottle Sport,Sports,1.0,300.95,300.95,2023-10-10,East
ORD-001760,Coffee Maker,Home & Kitchen,1.0,2548.98,2548.98,2024-03-19,West
ORD-001761,Storage Containers,Home & Kitchen,1.0,348.89,348.89,2023-04-23,West
ORD-001762,Machine Learning,Books,1.0,932.39,932.39,2024-06-19,West
ORD-001763,Towel Set,Home & Kitchen,1.0,562.11,562.11,2023-10-23,East
ORD-001764,Formal Shirt,Clothing,2.0,895.86,1791.72,2024-08-30,North
ORD-001765,Non-Stick Pan,Home & Kitchen,2.0,763.1,1526.2,2023-02-21,South
ORD-001766,Cricket Bat,Sports,2.0,1338.3,2676.6,2023-03-30,West
ORD-001767,Data Science Guide,Books,1.0,792.57,792.57,2023-10-25,South
ORD-001768,Statistics Book,Books,2.0,570.76,1141.52,2024-02-13,South
ORD-001769,Storage Containers,Home & Kitchen,4.0,367.73,1470.92,2023-06-27,South
ORD-001770,Cricket Bat,Sports,2.0,1386.58,2773.16,2024-11-30,South
ORD-001771,Formal Shirt,Clothing,2.0,916.98,1833.96,2023-11-09,East
ORD-001772,Cricket Bat,Sports,3.0,1649.13,4947.39,2024-01-20,North
ORD-001773,Jump Rope,Sports,6.0,338.01,2028.06,2024-12-11,West
ORD-001774,AI Foundations,Books,1.0,1137.3,1137.3,2024-03-13,East
ORD-001775,Yoga Mat,Sports,2.0,802.07,1604.14,2024-03-07,Central
ORD-001776,Sports Shorts,Clothing,6.0,782.86,4697.16,2023-05-11,Central
ORD-001777,Laptop Stand,Electronics,1.0,936.96,936.96,2023-05-09,West
ORD-001778,Jump Rope,Sports,4.0,278.38,1113.52,2023-02-25,Central
ORD-001779,USB-C Cable,Electronics,1.0,186.5,186.5,2024-08-31,East
ORD-001780,Non-Stick Pan,Home & Kitchen,2.0,840.81,1681.62,2023-05-05,West
ORD-001781,Bluetooth Speaker,Electronics,1.0,1929.83,1929.83,2024-06-12,East
ORD-001782,Running Shoes,Clothing,2.0,2663.29,5326.58,2023-11-05,Central
ORD-001783,Web Development,Books,4.0,626.24,2504.96,2023-04-28,Central
ORD-001784,Dumbbells Set,Sports,1.0,2479.31,2479.31,2023-09-11,West
ORD-001785,Statistics Book,Books,2.0,610.05,1220.1,2023-02-26,East
ORD-001786,Winter Jacket,Clothing,1.0,3617.36,3617.36,2024-07-13,South
ORD-001787,Dumbbells Set,Sports,1.0,2140.39,2140.39,2024-03-18,North
ORD-001788,Running Shoes,Clothing,1.0,2534.0,2534.0,2024-06-07,East
ORD-001789,Storage Containers,Home & Kitchen,1.0,358.29,358.29,2024-11-14,South
ORD-001790,Water Bottle,Home & Kitchen,5.0,263.78,1318.9,2024-01-31,South
ORD-001791,Machine Learning,Books,4.0,796.55,3186.2,2023-01-29,South
ORD-001792,Resistance Bands,Sports,3.0,446.07,1338.21,2023-02-04,East
ORD-001793,USB-C Cable,Electronics,2.0,212.32,424.64,2023-05-23,South
ORD-001794,Sports Shorts,Clothing,3.0,699.67,2099.01,2024-05-27,South
ORD-001795,Water Bottle Sport,Sports,3.0,365.32,1095.96,2024-06-09,South
ORD-001796,Gym Gloves,Sports,2.0,541.92,1083.84,2024-04-15,South
ORD-001797,Water Bottle,Home & Kitchen,3.0,312.02,936.06,2023-03-11,South
ORD-001798,Machine Learning,Books,1.0,900.88,900.88,2024-08-12,West
ORD-001799,Air Purifier,Home & Kitchen,1.0,5681.66,5681.66,2024-12-15,South
ORD-001800,Water Bottle Sport,Sports,1.0,385.86,385.86,2023-03-11,North
ORD-001801,USB Keyboard,Electronics,1.0,645.4,645.4,2024-05-26,West
ORD-001802,Denim Jeans,Clothing,6.0,1253.83,7522.98,2023-06-28,Central
ORD-001803,Wireless Mouse,Electronics,1.0,387.55,387.55,2024-09-18,West
ORD-001804,AI Foundations,Books,1.0,857.98,857.98,2024-09-13,North
ORD-001805,Headphones,Electronics,1.0,1561.83,1561.83,2024-01-22,East
ORD-001806,Formal Shirt,Clothing,2.0,841.31,1682.62,2024-05-17,North
ORD-001807,Sneakers,Clothing,1.0,1814.47,1814.47,2024-06-25,East
ORD-001808,Bluetooth Speaker,Electronics,1.0,2012.38,2012.38,2023-02-04,South
ORD-001809,Data Science Guide,Books,5.0,854.13,4270.65,2023-12-15,Central
ORD-001810,Jump Rope,Sports,5.0,305.31,1526.55,2023-07-14,East
ORD-001811,Blender,Home & Kitchen,1.0,2100.34,2100.34,2024-09-25,West
ORD-001812,Statistics Book,Books,1.0,565.45,565.45,2024-10-02,North
ORD-001813,Resistance Bands,Sports,1.0,366.75,366.75,2023-04-14,East
ORD-001814,Non-Stick Pan,Home & Kitchen,2.0,748.64,1497.28,2023-08-18,West
ORD-001815,AI Foundations,Books,1.0,896.46,896.46,2023-03-11,South
ORD-001816,Football,Sports,3.0,799.01,2397.03,2024-06-14,
ORD-001817,USB Keyboard,Electronics,1.0,731.39,731.39,2024-08-19,South
ORD-001818,Wireless Mouse,Electronics,1.0,409.57,409.57,2023-12-13,Central
ORD-001819,HD Webcam,Electronics,1.0,1284.19,1284.19,2023-07-29,Central
ORD-001820,Bluetooth Speaker,Electronics,1.0,2041.92,2041.92,2024-05-20,Central
ORD-001821,USB-C Cable,Electronics,3.0,204.86,614.58,2023-03-14,East
ORD-001822,Headphones,Electronics,3.0,1293.78,3881.34,2023-05-13,North
ORD-001823,Football,Sports,1.0,793.63,793.63,2024-10-27,West
ORD-001824,Cotton T-Shirt,Clothing,1.0,541.19,541.19,2023-02-26,North
ORD-001825,Water Bottle Sport,Sports,3.0,298.54,895.62,2024-11-29,East
ORD-001826,Statistics Book,Books,1.0,688.2,688.2,2024-12-13,East
ORD-001827,Headphones,Electronics,1.0,1717.14,1717.14,2023-05-01,South
ORD-001828,Sports Shorts,Clothing,1.0,644.09,644.09,2024-03-23,North
ORD-001829,Bluetooth Speaker,Electronics,1.0,2009.7,2009.7,2024-02-27,West
ORD-001830,Yoga Mat,Sports,1.0,831.55,831.55,2023-01-16,North
ORD-001831,HD Webcam,Electronics,1.0,1035.74,1035.74,2024-03-25,South
ORD-001832,Formal Shirt,Clothing,2.0,893.26,1786.52,2023-05-13,North
ORD-001833,USB Keyboard,Electronics,1.0,592.64,592.64,2023-09-14,West
ORD-001834,Desk Lamp,Home & Kitchen,2.0,678.32,1356.64,2024-03-30,West
ORD-001835,Desk Lamp,Home & Kitchen,2.0,566.45,1132.9,2024-06-23,East
ORD-001836,Wireless Mouse,Electronics,1.0,477.74,477.74,2023-12-21,East
ORD-001837,Coffee Maker,Home & Kitchen,5.0,2754.97,13774.85,2023-07-28,East
ORD-001838,Desk Lamp,Home & Kitchen,1.0,655.85,655.85,2023-05-06,North
ORD-001839,Sunglasses,Clothing,2.0,907.59,1815.18,2024-10-27,North
ORD-001840,Power Bank 10000mAh,Electronics,1.0,845.17,845.17,2023-10-12,Central
ORD-001841,Power Bank 10000mAh,Electronics,1.0,769.23,769.23,2024-09-16,South
ORD-001842,Python Programming,Books,3.0,542.29,1626.87,2023-08-18,South
ORD-001843,Power Bank 10000mAh,Electronics,2.0,857.95,1715.9,2023-02-02,North
ORD-001844,Gym Gloves,Sports,2.0,512.62,1025.24,2023-09-26,West
ORD-001845,Water Bottle,Home & Kitchen,1.0,337.44,337.44,2024-03-13,West
ORD-001846,Laptop Stand,Electronics,1.0,1261.99,1261.99,2024-11-25,East
ORD-001847,SQL Handbook,Books,1.0,494.11,494.11,2023-06-16,Central
ORD-001848,Running Shoes,Clothing,3.0,2635.89,7907.67,2023-01-16,South
ORD-001849,Formal Shirt,Clothing,7.0,774.56,5421.92,2023-12-12,South
ORD-001850,Storage Containers,Home & Kitchen,1.0,360.31,360.31,2024-10-30,North
ORD-001851,Gym Gloves,Sports,3.0,490.59,1471.77,2023-09-28,North
ORD-001852,Headphones,Electronics,1.0,1491.09,1491.09,2023-02-07,West
ORD-001853,Sneakers,Clothing,1.0,1746.85,1746.85,2023-03-01,Central
ORD-001854,Gym Gloves,Sports,1.0,462.77,462.77,2023-03-07,West
ORD-001855,Towel Set,Home & Kitchen,1.0,540.51,540.51,2023-05-11,Central
ORD-001856,Bluetooth Speaker,Electronics,1.0,1629.5,1629.5,2023-04-28,East
ORD-001857,AI Foundations,Books,1.0,917.47,917.47,2023-02-12,Central
ORD-001858,Storage Containers,Home & Kitchen,1.0,386.43,386.43,2023-01-17,South
ORD-001859,Bluetooth Speaker,Electronics,2.0,1803.75,3607.5,2023-12-25,North
ORD-001860,Bluetooth Speaker,Electronics,1.0,1730.53,1730.53,2023-07-28,West
ORD-001861,Data Science Guide,Books,1.0,747.01,747.01,2024-10-19,North
ORD-001862,Gym Gloves,Sports,3.0,558.49,1675.47,2023-12-10,South
ORD-001863,Non-Stick Pan,Home & Kitchen,2.0,748.87,1497.74,2023-06-14,North
ORD-001864,Yoga Mat,Sports,1.0,982.08,982.08,2023-04-19,East
ORD-001865,Gym Gloves,Sports,4.0,511.38,2045.52,2023-08-09,West
ORD-001866,Sneakers,Clothing,1.0,1745.51,1745.51,2024-10-26,Central
ORD-001867,Sneakers,Clothing,4.0,2207.45,8829.8,2024-07-05,East
ORD-001868,Headphones,Electronics,2.0,1473.46,2946.92,2024-11-06,South
ORD-001869,Resistance Bands,Sports,1.0,434.79,434.79,2023-09-07,Central
ORD-001870,Sunglasses,Clothing,5.0,706.82,3534.1,2023-11-19,North
ORD-001871,AI Foundations,Books,1.0,1000.69,1000.69,2023-03-23,Central
ORD-001872,Web Development,Books,2.0,642.33,1284.66,2024-04-04,West
ORD-001873,Winter Jacket,Clothing,1.0,3673.15,3673.15,2024-02-22,East
ORD-001874,Blender,Home & Kitchen,1.0,1846.87,1846.87,2023-11-18,East
ORD-001875,Sunglasses,Clothing,2.0,726.64,1453.28,2024-10-09,North
ORD-001876,Python Programming,Books,2.0,556.48,1112.96,2023-06-20,East
ORD-001877,Data Science Guide,Books,1.0,879.03,879.03,2023-05-10,North
ORD-001878,Denim Jeans,Clothing,1.0,1310.42,1310.42,2023-05-16,South
ORD-001879,AI Foundations,Books,1.0,1016.07,1016.07,2023-05-11,West
ORD-001880,USB-C Cable,Electronics,2.0,205.96,411.92,2023-12-11,
ORD-001881,USB Keyboard,Electronics,2.0,730.08,1460.16,2023-12-30,West
ORD-001882,SQL Handbook,Books,3.0,533.95,1601.85,2024-05-03,West
ORD-001883,Dumbbells Set,Sports,1.0,2569.14,2569.14,2023-06-05,South
ORD-001884,Statistics Book,Books,2.0,650.69,1301.38,2023-11-25,East
ORD-001885,Bluetooth Speaker,Electronics,2.0,1556.08,3112.16,2023-11-01,East
ORD-001886,Water Bottle Sport,Sports,5.0,330.01,1650.05,2023-10-20,North
ORD-001887,Cotton T-Shirt,Clothing,4.0,465.8,1863.2,2023-08-04,Central
ORD-001888,Coffee Maker,Home & Kitchen,1.0,2213.03,2213.03,2023-12-22,South
ORD-001889,Web Development,Books,2.0,786.59,1573.18,2023-06-23,Central
ORD-001890,Bluetooth Speaker,Electronics,1.0,1581.83,1581.83,2024-11-13,East
ORD-001891,Cricket Bat,Sports,1.0,1292.02,1292.02,2023-01-29,Central
ORD-001892,Football,Sports,2.0,876.28,1752.56,2023-01-07,South
ORD-001893,Water Bottle,Home & Kitchen,3.0,328.69,986.07,2024-03-31,South
ORD-001894,USB Keyboard,Electronics,1.0,648.68,648.68,2024-03-31,North
ORD-001895,Formal Shirt,Clothing,1.0,859.55,859.55,2024-11-15,North
ORD-001896,Denim Jeans,Clothing,3.0,1234.83,3704.49,2023-12-01,East
ORD-001897,Dumbbells Set,Sports,1.0,2793.09,2793.09,2024-12-24,North
ORD-001898,USB-C Cable,Electronics,5.0,208.62,1043.1,2023-07-14,Central
ORD-001899,Wireless Mouse,Electronics,4.0,433.29,1733.16,2023-09-09,Central
ORD-001900,Formal Shirt,Clothing,1.0,983.65,983.65,2024-04-26,West
ORD-001901,Air Purifier,Home & Kitchen,1.0,4382.19,4382.19,2023-07-23,East
ORD-001902,Cotton T-Shirt,Clothing,1.0,507.64,507.64,2024-03-20,North
ORD-001903,Cotton T-Shirt,Clothing,1.0,515.97,515.97,2024-03-04,West
ORD-001904,Sports Shorts,Clothing,1.0,794.27,794.27,2024-05-10,Central
ORD-001905,Formal Shirt,Clothing,3.0,979.03,2937.09,2024-11-15,South
ORD-001906,Towel Set,Home & Kitchen,1.0,529.34,529.34,2023-10-30,Central
ORD-001907,Water Bottle,Home & Kitchen,4.0,313.57,1254.28,2024-04-02,North
ORD-001908,AI Foundations,Books,3.0,1058.03,3174.09,2024-11-07,West
ORD-001909,Cloud Computing,Books,3.0,689.42,2068.26,2024-09-07,South
ORD-001910,Football,Sports,1.0,864.15,864.15,2024-02-23,South
ORD-001911,Water Bottle,Home & Kitchen,3.0,292.29,876.87,2024-02-05,South
ORD-001912,Power Bank 10000mAh,Electronics,1.0,855.81,855.81,2024-05-12,West
ORD-001913,Towel Set,Home & Kitchen,1.0,666.5,666.5,2024-02-24,East
ORD-001914,USB-C Cable,Electronics,1.0,170.34,170.34,2023-05-13,West
ORD-001915,Data Science Guide,Books,1.0,763.69,763.69,2024-12-22,West
ORD-001916,Wireless Mouse,Electronics,1.0,454.79,454.79,2024-06-15,Central
ORD-001917,Water Bottle Sport,Sports,1.0,313.55,313.55,2023-08-23,South
ORD-001918,Web Development,Books,3.0,791.27,2373.81,2024-07-20,North
ORD-001919,USB Keyboard,Electronics,2.0,647.06,1294.12,2024-05-28,North
ORD-001920,Non-Stick Pan,Home & Kitchen,2.0,844.08,1688.16,2023-08-24,North
ORD-001921,Laptop Stand,Electronics,1.0,1205.04,1205.04,2024-11-02,Central
ORD-001922,USB Keyboard,Electronics,2.0,689.68,1379.36,2023-03-17,West
ORD-001923,Wireless Mouse,Electronics,1.0,403.0,403.0,2024-07-08,West
ORD-001924,Web Development,Books,3.0,758.72,2276.16,2024-09-12,South
ORD-001925,Power Bank 10000mAh,Electronics,2.0,791.03,1582.06,2023-10-08,Central
ORD-001926,Jump Rope,Sports,4.0,262.5,1050.0,2024-01-21,Central
ORD-001927,Resistance Bands,Sports,1.0,423.28,423.28,2024-05-09,East
ORD-001928,Python Programming,Books,4.0,680.13,2720.52,2024-05-23,West
ORD-001929,Headphones,Electronics,1.0,1286.2,1286.2,2023-08-18,West
ORD-001930,AI Foundations,Books,1.0,1041.8,1041.8,2024-05-03,South
ORD-001931,USB Keyboard,Electronics,2.0,721.14,1442.28,2024-07-28,East
ORD-001932,Denim Jeans,Clothing,2.0,1430.75,2861.5,2023-05-25,East
ORD-001933,Football,Sports,1.0,739.56,739.56,2023-03-02,South
ORD-001934,Air Purifier,Home & Kitchen,1.0,5096.95,5096.95,2023-02-07,South
ORD-001935,Power Bank 10000mAh,Electronics,2.0,915.83,1831.66,2024-12-07,East
ORD-001936,AI Foundations,Books,1.0,987.42,987.42,2024-10-29,East
ORD-001937,Dumbbells Set,Sports,1.0,2182.26,2182.26,2023-04-18,North
ORD-001938,HD Webcam,Electronics,,1079.83,3239.49,2024-06-16,South
ORD-001939,Wireless Mouse,Electronics,3.0,467.03,1401.09,2024-03-10,East
ORD-001940,Sneakers,Clothing,1.0,1769.66,1769.66,2024-02-13,Central
ORD-001941,Blender,Home & Kitchen,1.0,1935.35,1935.35,2024-09-21,North
ORD-001942,Desk Lamp,Home & Kitchen,4.0,575.86,2303.44,2024-09-20,East
ORD-001943,Cloud Computing,Books,2.0,844.96,1689.92,2023-08-04,West
ORD-001944,Running Shoes,Clothing,1.0,2479.41,2479.41,2024-06-20,South
ORD-001945,Running Shoes,Clothing,1.0,2856.59,2856.59,2024-04-26,South
ORD-001946,Winter Jacket,Clothing,1.0,3455.54,3455.54,2024-12-11,North
ORD-001947,Jump Rope,Sports,1.0,285.59,285.59,2024-08-31,East
ORD-001948,Sports Shorts,Clothing,1.0,634.55,634.55,2024-10-05,South
ORD-001949,SQL Handbook,Books,2.0,484.52,969.04,2024-01-12,South
ORD-001950,Football,Sports,1.0,703.83,703.83,2023-03-21,North
ORD-001951,Formal Shirt,Clothing,1.0,979.07,979.07,2024-07-31,East
ORD-001952,AI Foundations,Books,2.0,1026.62,2053.24,2024-08-12,South
ORD-001953,Jump Rope,Sports,3.0,324.42,973.26,2023-08-03,Central
ORD-001954,HD Webcam,Electronics,1.0,1334.86,1334.86,2023-05-27,South
ORD-001955,HD Webcam,Electronics,1.0,1173.15,1173.15,2024-06-07,East
ORD-001956,Coffee Maker,Home & Kitchen,1.0,2407.02,2407.02,2023-09-04,South
ORD-001957,AI Foundations,Books,2.0,944.15,1888.3,2023-11-16,North
ORD-001958,Football,Sports,1.0,878.97,878.97,2023-06-20,West
ORD-001959,Cloud Computing,Books,2.0,692.95,1385.9,2024-05-16,North
ORD-001960,AI Foundations,Books,1.0,958.75,958.75,2023-07-02,East
ORD-001961,Water Bottle,Home & Kitchen,2.0,332.75,665.5,2023-08-07,Central
ORD-001962,Sneakers,Clothing,2.0,2147.5,4295.0,2024-01-19,North
ORD-001963,AI Foundations,Books,1.0,1024.83,1024.83,2024-06-22,South
ORD-001964,Storage Containers,Home & Kitchen,1.0,360.18,360.18,2024-05-29,North
ORD-001965,Towel Set,Home & Kitchen,1.0,634.13,634.13,2024-02-12,South
ORD-001966,Wireless Mouse,Electronics,1.0,467.85,467.85,2024-04-27,East
ORD-001967,Data Science Guide,Books,1.0,826.07,826.07,2023-02-09,West
ORD-001968,Running Shoes,Clothing,3.0,2758.25,8274.75,2023-03-26,North
ORD-001969,USB-C Cable,Electronics,1.0,185.72,185.72,2023-04-10,Central
ORD-001970,Yoga Mat,Sports,2.0,992.92,1985.84,2023-12-07,South
ORD-001971,Sports Shorts,Clothing,5.0,733.49,3667.45,2024-06-12,South
ORD-001972,USB Keyboard,Electronics,1.0,650.3,650.3,2023-07-17,West
ORD-001973,HD Webcam,Electronics,1.0,1239.07,1239.07,2024-03-30,West
ORD-001974,Machine Learning,Books,1.0,990.12,990.12,2024-10-12,North
ORD-001975,Blender,Home & Kitchen,2.0,1937.84,3875.68,2023-05-01,West
ORD-001976,Jump Rope,Sports,2.0,262.27,524.54,2023-04-01,West
ORD-001977,Sports Shorts,Clothing,3.0,598.37,1795.11,2024-08-28,North
ORD-001978,Bluetooth Speaker,Electronics,2.0,1573.89,3147.78,2024-10-15,West
ORD-001979,Formal Shirt,Clothing,,1007.28,3021.84,2024-11-28,North
ORD-001980,Formal Shirt,Clothing,4.0,841.57,3366.28,2023-02-24,South
ORD-001981,Gym Gloves,Sports,2.0,452.33,904.66,2024-02-28,Central
ORD-001982,Formal Shirt,Clothing,2.0,835.5,1671.0,2023-09-23,East
ORD-001983,Gym Gloves,Sports,2.0,502.45,1004.9,2023-12-24,West
ORD-001984,Cotton T-Shirt,Clothing,2.0,504.68,1009.36,2024-08-22,North
ORD-001985,AI Foundations,Books,3.0,1087.79,3263.37,2024-10-23,North
ORD-001986,Resistance Bands,Sports,3.0,364.37,1093.11,2023-04-03,North
ORD-001987,Non-Stick Pan,Home & Kitchen,3.0,830.43,2491.29,2023-04-29,East
ORD-001988,AI Foundations,Books,1.0,1046.44,1046.44,2024-01-17,Central
ORD-001989,Coffee Maker,Home & Kitchen,1.0,2799.65,2799.65,2024-10-06,North
ORD-001990,AI Foundations,Books,1.0,879.18,879.18,2023-12-11,Central
ORD-001991,Air Purifier,Home & Kitchen,1.0,5376.99,5376.99,2024-04-23,South
ORD-001992,Jump Rope,Sports,2.0,293.17,586.34,2024-08-30,South
ORD-001993,Formal Shirt,Clothing,3.0,,2682.9,2024-01-18,South
ORD-001994,Bluetooth Speaker,Electronics,1.0,1759.98,1759.98,2024-06-03,South
ORD-001995,Water Bottle Sport,Sports,3.0,350.28,1050.84,2024-08-30,Central
ORD-001996,Football,Sports,4.0,710.28,2841.12,2024-08-04,South
ORD-001997,USB Keyboard,Electronics,1.0,580.08,580.08,2023-11-13,South
ORD-001998,Machine Learning,Books,1.0,803.93,803.93,2024-04-16,Central
ORD-001999,Storage Containers,Home & Kitchen,1.0,386.46,386.46,2023-03-24,South
ORD-002000,Running Shoes,Clothing,1.0,2705.62,2705.62,2024-12-02,North
ORD-002001,Sports Shorts,Clothing,4.0,738.17,2952.68,2023-04-13,West
ORD-002002,Statistics Book,Books,1.0,700.22,700.22,2024-04-19,North
ORD-002003,Sports Shorts,Clothing,3.0,662.75,1988.25,2023-05-17,South
ORD-002004,Statistics Book,Books,2.0,646.72,1293.44,2024-06-30,West
ORD-002005,Yoga Mat,Sports,5.0,812.2,4061.0,2023-08-16,North
ORD-002006,Blender,Home & Kitchen,2.0,1961.99,3923.98,2024-05-28,West
ORD-002007,Bluetooth Speaker,Electronics,1.0,1553.89,1553.89,2023-05-22,South
ORD-002008,USB-C Cable,Electronics,4.0,194.56,778.24,2024-01-29,South
ORD-002009,Cloud Computing,Books,2.0,851.24,1702.48,2023-02-05,North
ORD-002010,Data Science Guide,Books,1.0,762.15,762.15,2024-04-21,West
ORD-002011,Python Programming,Books,4.0,612.42,2449.68,2023-06-14,South
ORD-002012,Python Programming,Books,,629.58,629.58,2024-05-12,South
ORD-002013,Power Bank 10000mAh,Electronics,2.0,935.17,1870.34,2024-03-11,East
ORD-002014,AI Foundations,Books,1.0,1102.15,1102.15,2024-04-29,Central
ORD-002015,HD Webcam,Electronics,1.0,1158.05,1158.05,2024-03-10,West
ORD-002016,Cotton T-Shirt,Clothing,5.0,530.07,2650.35,2023-12-12,South
ORD-002017,Jump Rope,Sports,4.0,279.42,1117.68,2024-03-21,North
ORD-002018,Cloud Computing,Books,1.0,771.32,771.32,2024-01-11,South
ORD-002019,AI Foundations,Books,2.0,1094.66,2189.32,2024-11-22,East
ORD-002020,Formal Shirt,Clothing,4.0,884.64,3538.56,2024-01-01,South
ORD-002021,USB Keyboard,Electronics,1.0,656.1,656.1,2024-01-01,South
ORD-002022,Denim Jeans,Clothing,1.0,1387.38,1387.38,2024-07-01,West
ORD-002023,SQL Handbook,Books,5.0,527.29,2636.45,2023-12-20,North
ORD-002024,Jump Rope,Sports,2.0,287.59,575.18,2023-02-11,North
ORD-002025,Laptop Stand,Electronics,2.0,960.99,1921.98,2024-06-08,Central
ORD-002026,Water Bottle,Home & Kitchen,1.0,339.4,339.4,2024-02-15,South
ORD-002027,Laptop Stand,Electronics,1.0,1123.4,1123.4,2023-04-30,Central
ORD-002028,Football,Sports,2.0,768.85,1537.7,2024-12-11,East
ORD-002029,SQL Handbook,Books,2.0,465.6,931.2,2024-12-06,West
ORD-002030,Water Bottle Sport,Sports,2.0,325.2,650.4,2023-07-05,South
ORD-002031,Laptop Stand,Electronics,1.0,1023.13,1023.13,2024-11-03,East
ORD-002032,Coffee Maker,Home & Kitchen,1.0,2655.69,2655.69,2023-08-15,North
ORD-002033,Resistance Bands,Sports,5.0,394.29,1971.45,2024-12-30,South
ORD-002034,Gym Gloves,Sports,1.0,563.35,563.35,2024-07-08,North
ORD-002035,Blender,Home & Kitchen,1.0,1700.62,1700.62,2023-12-21,Central
ORD-002036,Web Development,Books,4.0,735.28,2941.12,2024-06-29,South
ORD-002037,USB Keyboard,Electronics,1.0,744.56,744.56,2024-10-08,North
ORD-002038,Gym Gloves,Sports,6.0,471.36,2828.16,2023-11-08,West
ORD-002039,HD Webcam,Electronics,2.0,1244.74,2489.48,2024-10-01,East
ORD-002040,Python Programming,Books,3.0,597.34,1792.02,2023-10-18,North
ORD-002041,Cricket Bat,Sports,1.0,1656.25,1656.25,2024-01-23,North
ORD-002042,Winter Jacket,Clothing,1.0,3161.65,3161.65,2023-04-24,North
ORD-002043,Statistics Book,Books,3.0,633.07,1899.21,2023-12-27,East
ORD-002044,Blender,Home & Kitchen,1.0,2118.2,2118.2,2024-10-07,Central
ORD-002045,Water Bottle,Home & Kitchen,3.0,298.54,895.62,2023-08-19,East
ORD-002046,Machine Learning,Books,1.0,765.05,765.05,2023-07-01,West
ORD-002047,Machine Learning,Books,1.0,867.54,867.54,2024-11-30,West
ORD-002048,Statistics Book,Books,2.0,672.15,1344.3,2023-07-13,North
ORD-002049,Dumbbells Set,Sports,1.0,2430.61,2430.61,2024-09-05,North
ORD-002050,Football,Sports,2.0,792.27,1584.54,2023-06-20,North
ORD-002051,Non-Stick Pan,Home & Kitchen,1.0,835.94,835.94,2024-09-07,East
ORD-002052,Running Shoes,Clothing,1.0,2779.88,2779.88,2024-04-13,North
ORD-002053,Sports Shorts,Clothing,3.0,781.72,2345.16,2023-05-16,North
ORD-002054,Cloud Computing,Books,2.0,736.34,1472.68,2023-09-08,North
ORD-002055,Sunglasses,Clothing,4.0,871.79,3487.16,2024-05-27,West
ORD-002056,Winter Jacket,Clothing,1.0,3047.46,3047.46,2024-04-18,West
ORD-002057,Cloud Computing,Books,1.0,730.37,730.37,2024-01-30,South
ORD-002058,Dumbbells Set,Sports,1.0,2524.62,2524.62,2024-09-13,North
ORD-002059,Python Programming,Books,1.0,658.0,658.0,2023-10-27,West
ORD-002060,USB-C Cable,Electronics,3.0,199.69,599.07,2024-02-14,West
ORD-002061,Data Science Guide,Books,1.0,742.07,742.07,2023-04-17,West
ORD-002062,HD Webcam,Electronics,1.0,1142.34,1142.34,2024-01-11,Central
ORD-002063,Web Development,Books,1.0,728.78,728.78,2023-09-28,North
ORD-002064,Web Development,Books,3.0,738.67,2216.01,2023-09-24,South
ORD-002065,SQL Handbook,Books,4.0,429.5,1718.0,2024-08-04,North
ORD-002066,Resistance Bands,Sports,1.0,383.54,383.54,2023-01-27,South
ORD-002067,Storage Containers,Home & Kitchen,5.0,328.56,1642.8,2023-06-12,West
ORD-002068,Air Purifier,Home & Kitchen,1.0,5160.14,5160.14,2024-12-12,Central
ORD-002069,Desk Lamp,Home & Kitchen,5.0,613.96,3069.8,2023-01-29,North
ORD-002070,Power Bank 10000mAh,Electronics,5.0,965.2,4826.0,2024-01-08,Central
ORD-002071,Cloud Computing,Books,1.0,855.15,855.15,2024-09-25,West
ORD-002072,Gym Gloves,Sports,3.0,553.7,1661.1,2024-06-19,East
ORD-002073,Sunglasses,Clothing,2.0,770.21,1540.42,2023-06-29,West
ORD-002074,USB-C Cable,Electronics,4.0,182.54,730.16,2023-08-19,South
ORD-002075,Bluetooth Speaker,Electronics,1.0,1837.48,1837.48,2024-01-01,West
ORD-002076,Bluetooth Speaker,Electronics,1.0,1547.73,1547.73,2023-07-27,East
ORD-002077,Coffee Maker,Home & Kitchen,1.0,2525.05,2525.05,2023-10-05,West
ORD-002078,Wireless Mouse,Electronics,1.0,415.98,415.98,2024-04-02,South
ORD-002079,Winter Jacket,Clothing,1.0,3452.88,3452.88,2023-08-22,North
ORD-002080,Resistance Bands,Sports,1.0,428.1,428.1,2024-07-19,West
ORD-002081,HD Webcam,Electronics,1.0,1094.78,1094.78,2024-06-19,North
ORD-002082,Jump Rope,Sports,4.0,333.23,1332.92,2024-04-20,North
ORD-002083,Bluetooth Speaker,Electronics,1.0,1575.03,1575.03,2024-05-04,North
ORD-002084,Football,Sports,4.0,815.62,3262.48,2024-09-04,East
ORD-002085,Headphones,Electronics,1.0,1637.59,1637.59,2024-10-20,East
ORD-002086,Python Programming,Books,3.0,617.21,1851.63,2023-09-15,East
ORD-002087,Sports Shorts,Clothing,1.0,653.65,653.65,2024-06-03,West
ORD-002088,Desk Lamp,Home & Kitchen,3.0,610.01,1830.03,2023-12-16,South
ORD-002089,Data Science Guide,Books,3.0,755.66,2266.98,2023-07-06,Central
ORD-002090,Cloud Computing,Books,1.0,807.52,807.52,2023-06-17,West
ORD-002091,Headphones,Electronics,3.0,1517.37,4552.11,2023-12-17,North
ORD-002092,Bluetooth Speaker,Electronics,1.0,1694.91,1694.91,2023-08-07,West
ORD-002093,Data Science Guide,Books,1.0,825.25,825.25,2024-12-02,East
ORD-002094,Sports Shorts,Clothing,5.0,677.24,3386.2,2023-06-10,North
ORD-002095,Running Shoes,Clothing,1.0,2859.72,2859.72,2023-11-30,West
ORD-002096,SQL Handbook,Books,1.0,494.81,494.81,2023-08-23,Central
ORD-002097,Blender,Home & Kitchen,1.0,2028.16,2028.16,2023-05-29,West
ORD-002098,Towel Set,Home & Kitchen,5.0,579.87,2899.35,2023-11-12,South
ORD-002099,Python Programming,Books,4.0,653.88,2615.52,2024-02-23,Central
ORD-002100,Non-Stick Pan,Home & Kitchen,1.0,837.84,837.84,2024-12-22,South
ORD-002101,Non-Stick Pan,Home & Kitchen,1.0,770.81,770.81,2023-11-26,East
ORD-002102,Winter Jacket,Clothing,1.0,3873.12,3873.12,2024-09-24,North
ORD-002103,Running Shoes,Clothing,2.0,2829.99,5659.98,2023-11-30,East
ORD-002104,Laptop Stand,Electronics,1.0,1168.14,1168.14,2024-12-05,North
ORD-002105,Water Bottle Sport,Sports,1.0,363.62,363.62,2023-03-02,South
ORD-002106,Towel Set,Home & Kitchen,4.0,533.28,2133.12,2023-10-19,West
ORD-002107,Water Bottle,Home & Kitchen,1.0,307.06,307.06,2023-06-05,East
ORD-002108,Dumbbells Set,Sports,1.0,2553.53,2553.53,2024-03-24,West
ORD-002109,Storage Containers,Home & Kitchen,3.0,377.49,1132.47,2024-12-07,North
ORD-002110,Blender,Home & Kitchen,1.0,1736.53,1736.53,2024-04-01,South
ORD-002111,Sunglasses,Clothing,2.0,841.59,1683.18,2024-01-06,West
ORD-002112,Non-Stick Pan,Home & Kitchen,2.0,777.61,1555.22,2023-05-24,South
ORD-002113,Python Programming,Books,2.0,686.99,1373.98,2024-06-25,South
ORD-002114,Water Bottle Sport,Sports,4.0,388.06,1552.24,2023-02-02,South
ORD-002115,Jump Rope,Sports,2.0,311.05,622.1,2023-10-17,West
ORD-002116,Dumbbells Set,Sports,1.0,2522.81,2522.81,2024-07-25,West
ORD-002117,Headphones,Electronics,2.0,1360.9,2721.8,2024-09-16,North
ORD-002118,SQL Handbook,Books,5.0,555.97,2779.85,2024-04-21,West
ORD-002119,Coffee Maker,Home & Kitchen,1.0,2378.91,2378.91,2023-07-06,East
ORD-002120,Python Programming,Books,3.0,510.29,1530.87,2024-02-16,West
ORD-002121,Wireless Mouse,Electronics,3.0,402.82,1208.46,2023-08-19,Central
ORD-002122,Gym Gloves,Sports,1.0,523.76,523.76,2024-06-29,West
ORD-002123,Gym Gloves,Sports,1.0,539.87,539.87,2024-08-13,North
ORD-002124,Denim Jeans,Clothing,3.0,1472.22,4416.66,2023-01-27,North
ORD-002125,Sports Shorts,Clothing,1.0,660.28,660.28,2023-03-12,North
ORD-002126,Winter Jacket,Clothing,1.0,4014.41,4014.41,2023-11-07,North
ORD-002127,Sports Shorts,Clothing,4.0,782.65,3130.6,2023-01-28,South
ORD-002128,Python Programming,Books,3.0,662.65,1987.95,2024-03-30,North
ORD-002129,Headphones,Electronics,1.0,1367.53,1367.53,2024-03-25,South
ORD-002130,USB Keyboard,Electronics,1.0,665.27,665.27,2023-06-29,East
ORD-002131,Winter Jacket,Clothing,1.0,3751.6,3751.6,2023-05-04,South
ORD-002132,Water Bottle,Home & Kitchen,5.0,262.29,1311.45,2023-07-15,East
ORD-002133,SQL Handbook,Books,1.0,492.56,492.56,2024-06-04,North
ORD-002134,Statistics Book,Books,3.0,735.78,2207.34,2023-04-13,West
ORD-002135,SQL Handbook,Books,1.0,436.79,436.79,2023-08-23,West
ORD-002136,Cloud Computing,Books,1.0,698.38,698.38,2023-01-17,West
ORD-002137,Non-Stick Pan,Home & Kitchen,1.0,721.66,721.66,2023-05-25,North
ORD-002138,Cricket Bat,Sports,2.0,1616.95,3233.9,2023-05-24,North
ORD-002139,Formal Shirt,Clothing,1.0,986.18,986.18,2024-01-16,South
ORD-002140,Running Shoes,Clothing,2.0,2783.19,5566.38,2024-11-15,North
ORD-002141,Cotton T-Shirt,Clothing,3.0,,1453.74,2024-05-24,South
ORD-002142,Blender,Home & Kitchen,1.0,1803.05,1803.05,2023-01-30,Central
ORD-002143,HD Webcam,Electronics,1.0,1155.73,1155.73,2024-02-22,East
ORD-002144,Cricket Bat,Sports,2.0,1430.95,2861.9,2023-06-11,North
ORD-002145,Data Science Guide,Books,3.0,790.47,2371.41,2023-04-26,South
ORD-002146,Jump Rope,Sports,2.0,326.76,653.52,2023-05-18,North
ORD-002147,Cloud Computing,Books,3.0,784.14,2352.42,2023-09-21,South
ORD-002148,Dumbbells Set,Sports,2.0,2747.22,5494.44,2024-05-04,East
ORD-002149,Winter Jacket,Clothing,1.0,3963.27,3963.27,2024-06-11,North
ORD-002150,USB Keyboard,Electronics,1.0,672.43,672.43,2024-02-18,North
ORD-002151,Air Purifier,Home & Kitchen,1.0,5314.63,5314.63,2024-11-06,East
ORD-002152,Resistance Bands,Sports,1.0,384.01,384.01,2023-05-15,North
ORD-002153,Laptop Stand,Electronics,1.0,1000.31,1000.31,2024-10-09,North
ORD-002154,Cotton T-Shirt,Clothing,1.0,472.43,472.43,2023-09-01,East
ORD-002155,AI Foundations,Books,3.0,1094.0,3282.0,2023-07-12,East
ORD-002156,Web Development,Books,1.0,708.62,708.62,2024-04-09,North
ORD-002157,Blender,Home & Kitchen,2.0,1720.3,3440.6,2023-12-12,South
ORD-002158,Cloud Computing,Books,,829.04,829.04,2024-11-10,West
ORD-002159,Coffee Maker,Home & Kitchen,1.0,2143.2,2143.2,2024-01-10,East
ORD-002160,Bluetooth Speaker,Electronics,2.0,1594.95,3189.9,2024-04-13,West
ORD-002161,Sports Shorts,Clothing,4.0,710.18,2840.72,2023-11-11,Central
ORD-002162,Cricket Bat,Sports,2.0,1672.42,3344.84,2024-02-12,East
ORD-002163,Winter Jacket,Clothing,1.0,3755.75,3755.75,2023-01-18,East
ORD-002164,Cotton T-Shirt,Clothing,6.0,458.64,2751.84,2024-06-29,Central
ORD-002165,Cricket Bat,Sports,1.0,1580.12,1580.12,2024-01-19,West
ORD-002166,Football,Sports,1.0,908.09,908.09,2023-06-05,South
ORD-002167,Formal Shirt,Clothing,3.0,1020.07,3060.21,2023-02-20,South
ORD-002168,Water Bottle Sport,Sports,1.0,310.9,310.9,2024-05-02,Central
ORD-002169,USB Keyboard,Electronics,1.0,682.78,682.78,2023-09-15,North
ORD-002170,Dumbbells Set,Sports,1.0,2229.34,2229.34,2023-03-02,East
ORD-002171,Winter Jacket,Clothing,1.0,3652.35,3652.35,2024-02-05,South
ORD-002172,Winter Jacket,Clothing,1.0,3985.39,3985.39,2023-12-25,South
ORD-002173,Data Science Guide,Books,1.0,715.55,715.55,2024-08-22,South
ORD-002174,Blender,Home & Kitchen,1.0,1910.75,1910.75,2023-01-12,East
ORD-002175,Jump Rope,Sports,2.0,280.95,561.9,2023-08-26,North
ORD-002176,Jump Rope,Sports,2.0,341.97,683.94,2023-06-07,Central
ORD-002177,Storage Containers,Home & Kitchen,1.0,389.95,389.95,2023-02-11,North
ORD-002178,Statistics Book,Books,2.0,689.84,1379.68,2024-08-22,Central
ORD-002179,SQL Handbook,Books,5.0,437.41,2187.05,2023-08-19,West
ORD-002180,Gym Gloves,Sports,3.0,523.69,1571.07,2023-09-05,West
ORD-002181,Statistics Book,Books,3.0,720.1,2160.3,2023-02-28,South
ORD-002182,Storage Containers,Home & Kitchen,2.0,340.59,681.18,2024-10-17,West
ORD-002183,Coffee Maker,Home & Kitchen,1.0,2728.4,2728.4,2023-01-14,North
ORD-002184,Web Development,Books,2.0,649.88,1299.76,2024-08-28,Central
ORD-002185,Statistics Book,Books,,731.79,731.79,2024-09-13,South
ORD-002186,Dumbbells Set,Sports,1.0,2605.97,2605.97,2024-08-27,North
ORD-002187,USB Keyboard,Electronics,1.0,683.66,683.66,2023-09-02,Central
ORD-002188,Statistics Book,Books,1.0,705.1,705.1,2023-02-10,Central
ORD-002189,Yoga Mat,Sports,2.0,933.55,1867.1,2024-02-13,West
ORD-002190,Bluetooth Speaker,Electronics,1.0,1870.48,1870.48,2024-08-03,South
ORD-002191,Water Bottle,Home & Kitchen,5.0,330.34,1651.7,2023-01-30,South
ORD-002192,Blender,Home & Kitchen,1.0,2060.63,2060.63,2023-09-12,South
ORD-002193,Air Purifier,Home & Kitchen,1.0,5544.12,5544.12,2023-08-03,West
ORD-002194,AI Foundations,Books,2.0,1105.89,2211.78,2023-06-26,South
ORD-002195,Football,Sports,1.0,703.43,703.43,2023-11-21,West
ORD-002196,AI Foundations,Books,1.0,904.95,904.95,2024-09-28,South
ORD-002197,Towel Set,Home & Kitchen,2.0,587.82,1175.64,2023-12-26,South
ORD-002198,Running Shoes,Clothing,1.0,2266.44,2266.44,2023-11-27,South
ORD-002199,Resistance Bands,Sports,3.0,386.79,1160.37,2024-07-27,West
ORD-002200,Denim Jeans,Clothing,3.0,1460.61,4381.83,2023-04-03,West
ORD-002201,Air Purifier,Home & Kitchen,1.0,4844.17,4844.17,2023-12-15,Central
ORD-002202,Power Bank 10000mAh,Electronics,1.0,786.32,786.32,2024-09-20,Central
ORD-002203,Python Programming,Books,3.0,629.1,1887.3,2023-09-09,South
ORD-002204,Web Development,Books,6.0,645.6,3873.6,2024-12-12,North
ORD-002205,Running Shoes,Clothing,1.0,2847.3,2847.3,2023-01-13,Central
ORD-002206,Cloud Computing,Books,1.0,860.98,860.98,2024-02-29,North
ORD-002207,Sneakers,Clothing,1.0,2240.28,2240.28,2024-10-04,South
ORD-002208,Blender,Home & Kitchen,3.0,1821.81,5465.43,2023-09-27,Central
ORD-002209,Sports Shorts,Clothing,1.0,795.06,795.06,2024-07-07,North
ORD-002210,Running Shoes,Clothing,1.0,2712.08,2712.08,2023-04-09,East
ORD-002211,AI Foundations,Books,2.0,1030.2,2060.4,2023-04-18,West
ORD-002212,Football,Sports,1.0,879.69,879.69,2024-04-21,East
ORD-002213,Cloud Computing,Books,1.0,850.83,850.83,2024-08-28,North
ORD-002214,Jump Rope,Sports,5.0,334.51,1672.55,2024-07-26,East
ORD-002215,Denim Jeans,Clothing,3.0,1476.21,4428.63,2024-11-29,South
ORD-002216,Non-Stick Pan,Home & Kitchen,4.0,782.42,3129.68,2024-12-31,West
ORD-002217,Sneakers,Clothing,1.0,1884.95,1884.95,2023-08-09,West
ORD-002218,Blender,Home & Kitchen,1.0,2113.19,2113.19,2023-08-27,Central
ORD-002219,Sports Shorts,Clothing,1.0,605.26,605.26,2023-01-07,West
ORD-002220,Dumbbells Set,Sports,2.0,2521.32,5042.64,2023-03-14,West
ORD-002221,Winter Jacket,Clothing,1.0,4012.92,4012.92,2024-09-07,West
ORD-002222,Headphones,Electronics,1.0,1317.37,1317.37,2023-05-03,South
ORD-002223,Statistics Book,Books,1.0,578.62,578.62,2024-01-26,South
ORD-002224,Power Bank 10000mAh,Electronics,3.0,880.22,2640.66,2023-12-30,South
ORD-002225,HD Webcam,Electronics,1.0,1101.59,1101.59,2023-09-24,Central
ORD-002226,USB-C Cable,Electronics,1.0,200.42,200.42,2024-04-07,North
ORD-002227,Yoga Mat,Sports,1.0,864.79,864.79,2024-07-24,North
ORD-002228,Yoga Mat,Sports,3.0,846.75,2540.25,2023-01-05,West
ORD-002229,Gym Gloves,Sports,1.0,452.37,452.37,2023-03-13,East
ORD-002230,Winter Jacket,Clothing,1.0,3691.29,3691.29,2023-12-20,North
ORD-002231,Air Purifier,Home & Kitchen,1.0,5568.39,5568.39,2024-03-27,North
ORD-002232,Sunglasses,Clothing,1.0,903.34,903.34,2023-02-01,Central
ORD-002233,Power Bank 10000mAh,Electronics,1.0,948.36,948.36,2023-10-26,East
ORD-002234,Denim Jeans,Clothing,2.0,1164.65,2329.3,2024-05-24,East
ORD-002235,Towel Set,Home & Kitchen,1.0,579.03,579.03,2024-11-05,South
ORD-002236,USB Keyboard,Electronics,5.0,580.07,2900.35,2023-12-13,Central
ORD-002237,Web Development,Books,2.0,606.44,1212.88,2024-02-18,Central
ORD-002238,Data Science Guide,Books,1.0,836.11,836.11,2024-06-16,Central
ORD-002239,Water Bottle Sport,Sports,4.0,326.23,1304.92,2024-07-13,North
ORD-002240,Formal Shirt,Clothing,2.0,881.51,1763.02,2024-10-03,North
ORD-002241,Headphones,Electronics,1.0,1492.85,1492.85,2023-04-17,South
ORD-002242,SQL Handbook,Books,2.0,503.12,1006.24,2024-12-01,North
ORD-002243,Power Bank 10000mAh,Electronics,3.0,918.22,2754.66,2024-08-24,North
ORD-002244,Non-Stick Pan,Home & Kitchen,1.0,910.88,910.88,2024-07-01,South
ORD-002245,Non-Stick Pan,Home & Kitchen,2.0,856.18,1712.36,2024-12-01,East
ORD-002246,Sports Shorts,Clothing,2.0,785.12,1570.24,2024-11-28,North
ORD-002247,Winter Jacket,Clothing,1.0,3723.67,3723.67,2024-12-30,East
ORD-002248,Yoga Mat,Sports,5.0,819.72,4098.6,2023-02-16,West
ORD-002249,Non-Stick Pan,Home & Kitchen,1.0,898.53,898.53,2023-09-04,South
ORD-002250,Sneakers,Clothing,2.0,2201.57,4403.14,2023-08-22,North
ORD-002251,Winter Jacket,Clothing,2.0,3899.93,7799.86,2024-09-28,South
ORD-002252,Resistance Bands,Sports,2.0,417.35,834.7,2023-07-29,Central
ORD-002253,Python Programming,Books,3.0,576.92,1730.76,2024-03-01,West
ORD-002254,Sunglasses,Clothing,2.0,829.33,1658.66,2023-09-17,South
ORD-002255,Machine Learning,Books,1.0,783.17,783.17,2024-11-09,North
ORD-002256,Sunglasses,Clothing,1.0,757.62,757.62,2023-03-10,Central
ORD-002257,Water Bottle,Home & Kitchen,5.0,279.69,1398.45,2023-10-19,East
ORD-002258,USB Keyboard,Electronics,1.0,724.89,724.89,2024-02-09,Central
ORD-002259,Jump Rope,Sports,4.0,343.45,1373.8,2023-07-25,East
ORD-002260,USB Keyboard,Electronics,1.0,628.17,628.17,2023-08-23,North
ORD-002261,Bluetooth Speaker,Electronics,1.0,1766.58,1766.58,2024-03-22,North
ORD-002262,Yoga Mat,Sports,3.0,970.95,2912.85,2024-11-09,North
ORD-002263,Sports Shorts,Clothing,3.0,793.07,2379.21,2023-02-14,South
ORD-002264,Air Purifier,Home & Kitchen,1.0,5601.22,5601.22,2023-12-25,North
ORD-002265,Machine Learning,Books,1.0,824.9,824.9,2023-10-26,East
ORD-002266,Towel Set,Home & Kitchen,4.0,521.62,2086.48,2023-01-26,North
ORD-002267,Resistance Bands,Sports,4.0,404.64,1618.56,2024-07-24,South
ORD-002268,USB Keyboard,Electronics,1.0,555.91,555.91,2024-02-24,West
ORD-002269,Blender,Home & Kitchen,2.0,1673.28,3346.56,2023-02-09,North
ORD-002270,Python Programming,Books,3.0,578.79,1736.37,2024-07-30,East
ORD-002271,Cotton T-Shirt,Clothing,5.0,427.11,2135.55,2024-07-31,West
ORD-002272,Statistics Book,Books,1.0,626.95,626.95,2023-10-17,Central
ORD-002273,Sunglasses,Clothing,1.0,914.09,914.09,2024-09-19,West
ORD-002274,Machine Learning,Books,2.0,861.28,1722.56,2024-04-10,North
ORD-002275,Sneakers,Clothing,2.0,1919.89,3839.78,2023-09-21,North
ORD-002276,Air Purifier,Home & Kitchen,1.0,5314.97,5314.97,2023-02-13,East
ORD-002277,Sneakers,Clothing,4.0,1910.81,7643.24,2023-05-09,Central
ORD-002278,Statistics Book,Books,2.0,638.08,1276.16,2024-04-16,South
ORD-002279,Blender,Home & Kitchen,1.0,1689.99,1689.99,2023-11-30,East
ORD-002280,Winter Jacket,Clothing,1.0,3178.42,3178.42,2024-12-30,Central
ORD-002281,Gym Gloves,Sports,3.0,538.52,1615.56,2024-04-19,South
ORD-002282,Desk Lamp,Home & Kitchen,1.0,528.67,528.67,2024-02-07,West
ORD-002283,Water Bottle,Home & Kitchen,4.0,284.44,1137.76,2023-02-22,Central
ORD-002284,Statistics Book,Books,1.0,556.29,556.29,2023-07-04,North
ORD-002285,Cricket Bat,Sports,1.0,1580.23,1580.23,2023-10-07,West
ORD-002286,Web Development,Books,2.0,692.41,1384.82,2023-06-04,Central
ORD-002287,Sunglasses,Clothing,2.0,862.14,1724.28,2023-11-20,East
ORD-002288,USB Keyboard,Electronics,1.0,554.19,554.19,2023-03-08,Central
ORD-002289,USB-C Cable,Electronics,3.0,222.99,668.97,2023-04-03,North
ORD-002290,Winter Jacket,Clothing,1.0,3355.13,3355.13,2023-11-11,Central
ORD-002291,Jump Rope,Sports,6.0,269.87,1619.22,2024-05-01,South
ORD-002292,Cricket Bat,Sports,1.0,1327.41,1327.41,2023-06-05,Central
ORD-002293,Machine Learning,Books,1.0,890.79,890.79,2024-07-29,Central
ORD-002294,Denim Jeans,Clothing,4.0,1458.46,5833.84,2024-11-10,North
ORD-002295,HD Webcam,Electronics,2.0,1191.68,2383.36,2024-01-26,West
ORD-002296,Gym Gloves,Sports,3.0,451.37,1354.11,2024-03-27,Central
ORD-002297,AI Foundations,Books,1.0,1114.83,1114.83,2023-12-14,North
ORD-002298,Formal Shirt,Clothing,6.0,804.47,4826.82,2024-11-24,Central
ORD-002299,Sports Shorts,Clothing,1.0,793.11,793.11,2023-10-27,North
ORD-002300,Jump Rope,Sports,4.0,307.1,1228.4,2023-01-17,Central
ORD-002301,Storage Containers,Home & Kitchen,1.0,399.47,399.47,2023-07-16,Central
ORD-002302,Headphones,Electronics,4.0,1298.4,5193.6,2023-11-23,North
ORD-002303,Storage Containers,Home & Kitchen,3.0,331.99,995.97,2024-04-04,South
ORD-002304,Data Science Guide,Books,3.0,710.47,2131.41,2023-12-07,Central
ORD-002305,Yoga Mat,Sports,2.0,866.82,1733.64,2024-08-10,Central
ORD-002306,Statistics Book,Books,2.0,604.27,1208.54,2023-02-06,South
ORD-002307,Water Bottle,Home & Kitchen,3.0,266.02,798.06,2024-02-21,South
ORD-002308,Desk Lamp,Home & Kitchen,1.0,524.12,524.12,2024-05-15,South
ORD-002309,USB-C Cable,Electronics,5.0,170.52,852.6,2024-06-05,North
ORD-002310,Bluetooth Speaker,Electronics,1.0,1565.08,1565.08,2023-03-18,East
ORD-002311,Denim Jeans,Clothing,1.0,1109.39,1109.39,2023-03-19,West
ORD-002312,Dumbbells Set,Sports,,2848.09,5696.18,2023-06-09,Central
ORD-002313,Coffee Maker,Home & Kitchen,1.0,2652.05,2652.05,2024-09-19,North
ORD-002314,HD Webcam,Electronics,2.0,1052.97,2105.94,2023-04-04,South
ORD-002315,Winter Jacket,Clothing,1.0,3380.28,3380.28,2023-02-21,East
ORD-002316,Sunglasses,Clothing,1.0,797.87,797.87,2023-07-22,West
ORD-002317,SQL Handbook,Books,2.0,553.03,1106.06,2024-11-23,South
ORD-002318,Yoga Mat,Sports,1.0,817.48,817.48,2023-03-23,North
ORD-002319,Football,Sports,1.0,861.72,861.72,2024-12-17,North
ORD-002320,Desk Lamp,Home & Kitchen,4.0,659.39,2637.56,2023-06-16,South
ORD-002321,SQL Handbook,Books,4.0,547.57,2190.28,2023-08-12,West
ORD-002322,Yoga Mat,Sports,3.0,948.5,2845.5,2024-11-01,South
ORD-002323,Denim Jeans,Clothing,1.0,1238.29,1238.29,2023-03-05,West
ORD-002324,Water Bottle Sport,Sports,1.0,390.74,390.74,2023-03-23,South
ORD-002325,USB-C Cable,Electronics,4.0,223.74,894.96,2024-08-25,West
ORD-002326,Dumbbells Set,Sports,1.0,2753.69,2753.69,2024-08-05,East
ORD-002327,AI Foundations,Books,3.0,995.73,2987.19,2024-05-26,East
ORD-002328,Winter Jacket,Clothing,2.0,3699.35,7398.7,2024-08-24,South
ORD-002329,AI Foundations,Books,2.0,1118.61,2237.22,2024-02-17,East
ORD-002330,Sneakers,Clothing,1.0,2222.91,2222.91,2024-03-05,West
ORD-002331,Machine Learning,Books,2.0,881.3,1762.6,2024-02-14,West
ORD-002332,Running Shoes,Clothing,1.0,2286.83,2286.83,2024-08-30,North
ORD-002333,Machine Learning,Books,1.0,770.0,770.0,2023-10-05,South
ORD-002334,Storage Containers,Home & Kitchen,3.0,360.18,1080.54,2023-08-22,East
ORD-002335,Machine Learning,Books,2.0,780.27,1560.54,2024-05-14,Central
ORD-002336,USB-C Cable,Electronics,3.0,186.42,559.26,2024-12-23,North
ORD-002337,Web Development,Books,1.0,794.8,794.8,2024-03-02,West
ORD-002338,Storage Containers,Home & Kitchen,3.0,,1082.07,2024-12-01,East
ORD-002339,Resistance Bands,Sports,1.0,435.76,435.76,2023-12-16,Central
ORD-002340,Towel Set,Home & Kitchen,1.0,575.64,575.64,2023-03-06,North
ORD-002341,Desk Lamp,Home & Kitchen,5.0,671.21,3356.05,2023-11-17,East
ORD-002342,Blender,Home & Kitchen,3.0,2011.99,6035.97,2024-08-14,Central
ORD-002343,Desk Lamp,Home & Kitchen,4.0,551.74,2206.96,2024-12-26,West
ORD-002344,Cloud Computing,Books,1.0,834.55,834.55,2023-01-20,South
ORD-002345,Sports Shorts,Clothing,2.0,691.18,1382.36,2023-03-25,Central
ORD-002346,Coffee Maker,Home & Kitchen,1.0,2268.98,2268.98,2024-04-05,West
ORD-002347,Sports Shorts,Clothing,1.0,640.98,640.98,2023-03-02,North
ORD-002348,Towel Set,Home & Kitchen,3.0,558.16,1674.48,2024-07-29,South
ORD-002349,Desk Lamp,Home & Kitchen,2.0,675.14,1350.28,2024-10-23,East
ORD-002350,Non-Stick Pan,Home & Kitchen,1.0,799.99,799.99,2023-07-19,North
ORD-002351,Statistics Book,Books,3.0,553.77,1661.31,2024-12-18,South
ORD-002352,Formal Shirt,Clothing,4.0,937.83,3751.32,2023-01-26,South
ORD-002353,Towel Set,Home & Kitchen,1.0,577.8,577.8,2023-06-01,North
ORD-002354,AI Foundations,Books,1.0,985.8,985.8,2023-04-21,North
ORD-002355,Jump Rope,Sports,1.0,265.68,265.68,2023-10-19,Central
ORD-002356,Wireless Mouse,Electronics,3.0,432.29,1296.87,2023-12-01,South
ORD-002357,Python Programming,Books,3.0,567.35,1702.05,2024-10-05,North
ORD-002358,Yoga Mat,Sports,2.0,916.7,1833.4,2024-10-21,East
ORD-002359,Yoga Mat,Sports,1.0,781.38,781.38,2024-12-31,North
ORD-002360,Denim Jeans,Clothing,1.0,1382.34,1382.34,2024-06-19,North
ORD-002361,Blender,Home & Kitchen,1.0,1809.88,1809.88,2023-12-13,North
ORD-002362,Python Programming,Books,2.0,651.06,1302.12,2024-06-21,West
ORD-002363,Dumbbells Set,Sports,1.0,2210.55,2210.55,2023-08-01,Central
ORD-002364,Desk Lamp,Home & Kitchen,1.0,631.98,631.98,2023-09-03,North
ORD-002365,Sunglasses,Clothing,1.0,860.97,860.97,2023-02-13,Central
ORD-002366,Sports Shorts,Clothing,4.0,727.17,2908.68,2023-11-27,South
ORD-002367,Resistance Bands,Sports,3.0,424.7,1274.1,2024-05-19,South
ORD-002368,Wireless Mouse,Electronics,2.0,410.69,821.38,2023-07-24,East
ORD-002369,USB-C Cable,Electronics,1.0,221.78,221.78,2024-12-19,East
ORD-002370,Sneakers,Clothing,2.0,1703.56,3407.12,2023-08-06,East
ORD-002371,Resistance Bands,Sports,3.0,400.3,1200.9,2023-09-30,North
ORD-002372,Formal Shirt,Clothing,1.0,1006.32,1006.32,2023-12-09,South
ORD-002373,Towel Set,Home & Kitchen,4.0,683.05,2732.2,2023-01-30,West
ORD-002374,Web Development,Books,2.0,675.4,1350.8,2023-07-09,North
ORD-002375,Winter Jacket,Clothing,1.0,3287.6,3287.6,2024-08-06,West
ORD-002376,Formal Shirt,Clothing,5.0,938.87,4694.35,2024-01-05,North
ORD-002377,Desk Lamp,Home & Kitchen,1.0,511.37,511.37,2024-06-07,West
ORD-002378,Desk Lamp,Home & Kitchen,1.0,578.98,578.98,2024-05-26,South
ORD-002379,Machine Learning,Books,1.0,925.09,925.09,2024-05-18,West
ORD-002380,Denim Jeans,Clothing,1.0,1104.26,1104.26,2024-09-23,North
ORD-002381,Wireless Mouse,Electronics,1.0,423.47,423.47,2023-10-08,South
ORD-002382,Cricket Bat,Sports,1.0,1370.97,1370.97,2023-04-10,North
ORD-002383,AI Foundations,Books,1.0,1045.04,1045.04,2023-03-19,South
ORD-002384,USB Keyboard,Electronics,1.0,641.6,641.6,2023-11-06,Central
ORD-002385,Denim Jeans,Clothing,4.0,1369.86,5479.44,2024-10-13,North
ORD-002386,Machine Learning,Books,1.0,959.63,959.63,2023-01-15,East
ORD-002387,Resistance Bands,Sports,3.0,406.57,1219.71,2023-10-04,North
ORD-002388,Winter Jacket,Clothing,1.0,3370.33,3370.33,2023-03-08,North
ORD-002389,Cloud Computing,Books,1.0,639.63,639.63,2024-02-27,Central
ORD-002390,Power Bank 10000mAh,Electronics,5.0,893.38,4466.9,2024-12-27,West
ORD-002391,Power Bank 10000mAh,Electronics,5.0,884.97,4424.85,2023-07-12,North
ORD-002392,Laptop Stand,Electronics,1.0,1096.21,1096.21,2024-07-26,North
ORD-002393,Power Bank 10000mAh,Electronics,1.0,863.21,863.21,2024-01-08,West
ORD-002394,Cricket Bat,Sports,1.0,1441.11,1441.11,2024-01-18,East
ORD-002395,Sports Shorts,Clothing,1.0,630.63,630.63,2024-10-16,South
ORD-002396,AI Foundations,Books,1.0,1050.75,1050.75,2023-10-27,Central
ORD-002397,Water Bottle Sport,Sports,5.0,305.7,1528.5,2024-01-04,South
ORD-002398,Sports Shorts,Clothing,2.0,688.68,1377.36,2024-01-03,East
ORD-002399,Cotton T-Shirt,Clothing,3.0,552.85,1658.55,2023-12-18,East
ORD-002400,Gym Gloves,Sports,1.0,535.65,535.65,2024-07-07,Central
ORD-002401,Cricket Bat,Sports,1.0,1452.39,1452.39,2023-07-30,West
ORD-002402,Wireless Mouse,Electronics,2.0,383.05,766.1,2024-06-16,Central
ORD-002403,Winter Jacket,Clothing,1.0,3325.69,3325.69,2024-12-01,North
ORD-002404,Water Bottle,Home & Kitchen,4.0,289.38,1157.52,2024-06-19,East
ORD-002405,Data Science Guide,Books,1.0,787.89,787.89,2023-08-20,West
ORD-002406,Cotton T-Shirt,Clothing,3.0,498.28,1494.84,2024-05-31,Central
ORD-002407,Desk Lamp,Home & Kitchen,2.0,546.75,1093.5,2024-02-20,West
ORD-002408,Cotton T-Shirt,Clothing,6.0,442.28,2653.68,2023-01-17,North
ORD-002409,USB Keyboard,Electronics,2.0,575.7,1151.4,2023-09-17,Central
ORD-002410,Python Programming,Books,5.0,570.82,2854.1,2024-12-15,South
ORD-002411,Water Bottle,Home & Kitchen,2.0,297.07,594.14,2024-09-26,East
ORD-002412,Headphones,Electronics,4.0,1433.17,5732.68,2023-02-02,South
ORD-002413,Statistics Book,Books,1.0,633.95,633.95,2024-07-05,East
ORD-002414,Towel Set,Home & Kitchen,2.0,682.16,1364.32,2023-01-28,West
ORD-002415,Headphones,Electronics,2.0,1312.33,2624.66,2023-09-16,West
ORD-002416,Headphones,Electronics,1.0,1383.62,1383.62,2024-01-24,Central
ORD-002417,USB-C Cable,Electronics,4.0,211.18,844.72,2023-11-14,East
ORD-002418,Water Bottle Sport,Sports,2.0,310.09,620.18,2023-04-08,Central
ORD-002419,Headphones,Electronics,1.0,1483.43,1483.43,2023-03-12,West
ORD-002420,Python Programming,Books,2.0,634.62,1269.24,2023-09-17,East
ORD-002421,SQL Handbook,Books,2.0,514.14,1028.28,2023-06-16,South
ORD-002422,Denim Jeans,Clothing,1.0,1201.2,1201.2,2023-07-23,South
ORD-002423,Sneakers,Clothing,4.0,1833.14,7332.56,2023-02-14,Central
ORD-002424,Jump Rope,Sports,1.0,326.67,326.67,2023-08-23,Central
ORD-002425,USB Keyboard,Electronics,2.0,696.87,1393.74,2023-06-18,Central
ORD-002426,Yoga Mat,Sports,1.0,978.38,978.38,2024-03-24,South
ORD-002427,Gym Gloves,Sports,1.0,486.82,486.82,2024-10-12,North
ORD-002428,Statistics Book,Books,1.0,602.81,602.81,2023-03-10,Central
ORD-002429,Towel Set,Home & Kitchen,4.0,552.86,2211.44,2024-02-15,Central
ORD-002430,Denim Jeans,Clothing,1.0,1326.44,1326.44,2023-01-25,West
ORD-002431,AI Foundations,Books,1.0,869.18,869.18,2024-07-24,West
ORD-002432,Sneakers,Clothing,1.0,1838.43,1838.43,2023-04-29,North
ORD-002433,Sneakers,Clothing,4.0,2005.11,8020.44,2023-01-12,North
ORD-002434,Resistance Bands,Sports,1.0,375.46,375.46,2024-08-22,West
ORD-002435,Desk Lamp,Home & Kitchen,2.0,543.05,1086.1,2024-05-06,East
ORD-002436,Web Development,Books,1.0,710.12,710.12,2023-04-12,East
ORD-002437,HD Webcam,Electronics,1.0,1203.55,1203.55,2024-11-14,Central
ORD-002438,Headphones,Electronics,1.0,1307.67,1307.67,2024-06-09,North
ORD-002439,AI Foundations,Books,1.0,970.95,970.95,2023-08-19,West
ORD-002440,USB-C Cable,Electronics,7.0,209.25,1464.75,2024-02-09,Central
ORD-002441,Cloud Computing,Books,1.0,687.14,687.14,2024-09-12,Central
ORD-002442,Statistics Book,Books,1.0,675.35,675.35,2024-10-23,North
ORD-002443,Resistance Bands,Sports,3.0,390.95,1172.85,2024-05-24,North
ORD-002444,USB Keyboard,Electronics,1.0,580.88,580.88,2024-12-22,West
ORD-002445,Storage Containers,Home & Kitchen,1.0,364.72,364.72,2024-02-07,Central
ORD-002446,Storage Containers,Home & Kitchen,1.0,392.9,392.9,2024-07-02,Central
ORD-002447,Cloud Computing,Books,1.0,825.29,825.29,2024-01-31,East
ORD-002448,Cricket Bat,Sports,2.0,1585.08,3170.16,2024-04-25,Central
ORD-002449,Dumbbells Set,Sports,1.0,2824.49,2824.49,2023-09-15,Central
ORD-002450,Football,Sports,2.0,756.85,1513.7,2023-11-17,North
ORD-002451,Sports Shorts,Clothing,1.0,664.4,664.4,2023-11-10,West
ORD-002452,Storage Containers,Home & Kitchen,2.0,365.66,731.32,2024-09-04,West
ORD-002453,Formal Shirt,Clothing,4.0,861.64,3446.56,2023-07-14,East
ORD-002454,Desk Lamp,Home & Kitchen,3.0,540.31,1620.93,2024-04-18,West
ORD-002455,Desk Lamp,Home & Kitchen,2.0,622.98,1245.96,2023-07-30,South
ORD-002456,AI Foundations,Books,1.0,1064.05,1064.05,2023-09-09,Central
ORD-002457,AI Foundations,Books,1.0,870.74,870.74,2023-05-30,North
ORD-002458,Statistics Book,Books,3.0,709.74,2129.22,2023-01-04,South
ORD-002459,Cloud Computing,Books,1.0,698.91,698.91,2024-07-17,East
ORD-002460,Formal Shirt,Clothing,3.0,933.55,2800.65,2023-02-22,East
ORD-002461,Headphones,Electronics,1.0,1328.75,1328.75,2024-03-23,North
ORD-002462,Non-Stick Pan,Home & Kitchen,1.0,745.63,745.63,2023-02-12,East
ORD-002463,Air Purifier,Home & Kitchen,1.0,5279.03,5279.03,2023-04-09,North
ORD-002464,Yoga Mat,Sports,2.0,1027.6,2055.2,2023-01-11,West
ORD-002465,Water Bottle,Home & Kitchen,1.0,309.61,309.61,2023-09-04,East
ORD-002466,Blender,Home & Kitchen,1.0,1929.6,1929.6,2023-08-31,South
ORD-002467,Running Shoes,Clothing,3.0,2586.19,7758.57,2024-01-28,Central
ORD-002468,Power Bank 10000mAh,Electronics,2.0,830.55,1661.1,2024-05-12,South
ORD-002469,Sunglasses,Clothing,2.0,720.75,1441.5,2024-09-16,North
ORD-002470,Wireless Mouse,Electronics,2.0,441.25,882.5,2023-09-02,Central
ORD-002471,Cloud Computing,Books,1.0,827.03,827.03,2023-08-07,South
ORD-002472,Cloud Computing,Books,1.0,723.04,723.04,2023-06-03,East
ORD-002473,Python Programming,Books,3.0,546.01,1638.03,2024-07-08,West
ORD-002474,AI Foundations,Books,1.0,1001.27,1001.27,2023-11-26,South
ORD-002475,Web Development,Books,2.0,610.37,1220.74,2024-01-17,West
ORD-002476,Machine Learning,Books,1.0,848.89,848.89,2024-02-18,South
ORD-002477,Formal Shirt,Clothing,3.0,1000.87,3002.61,2023-08-25,Central
ORD-002478,Football,Sports,1.0,787.55,787.55,2024-10-22,West
ORD-002479,AI Foundations,Books,2.0,996.29,1992.58,2024-01-04,West
ORD-002480,Data Science Guide,Books,1.0,733.94,733.94,2024-03-23,South
ORD-002481,Towel Set,Home & Kitchen,4.0,662.55,2650.2,2023-06-11,West
ORD-002482,Football,Sports,3.0,766.54,2299.62,2023-02-07,West
ORD-002483,HD Webcam,Electronics,1.0,1219.02,1219.02,2023-04-05,South
ORD-002484,Resistance Bands,Sports,1.0,356.1,356.1,2024-04-08,South
ORD-002485,Winter Jacket,Clothing,1.0,3520.53,3520.53,2024-02-24,North
ORD-002486,Wireless Mouse,Electronics,1.0,488.38,488.38,2024-08-09,Central
ORD-002487,Formal Shirt,Clothing,2.0,878.3,1756.6,2024-07-15,North
ORD-002488,Bluetooth Speaker,Electronics,1.0,1566.39,1566.39,2024-09-09,North
ORD-002489,Denim Jeans,Clothing,3.0,1247.92,3743.76,2024-04-18,North
ORD-002490,Cricket Bat,Sports,1.0,1420.52,1420.52,2023-09-09,North
ORD-002491,Non-Stick Pan,Home & Kitchen,1.0,692.78,692.78,2024-05-27,North
ORD-002492,Headphones,Electronics,1.0,1383.87,1383.87,2023-06-09,East
ORD-002493,Storage Containers,Home & Kitchen,3.0,314.99,944.97,2024-04-18,North
ORD-002494,Running Shoes,Clothing,1.0,2155.84,2155.84,2024-10-17,Central
ORD-002495,Cotton T-Shirt,Clothing,3.0,543.74,1631.22,2023-10-22,West
ORD-002496,Statistics Book,Books,2.0,677.69,1355.38,2024-06-21,East
ORD-002497,Water Bottle Sport,Sports,2.0,339.33,678.66,2023-09-15,East
ORD-002498,Machine Learning,Books,1.0,925.92,925.92,2023-02-07,South
ORD-002499,Coffee Maker,Home & Kitchen,2.0,2410.96,4821.92,2024-09-10,South
ORD-002500,USB-C Cable,Electronics,3.0,170.11,510.33,2024-05-13,South
ORD-002501,Sunglasses,Clothing,2.0,858.74,1717.48,2024-08-27,West
ORD-002502,Water Bottle,Home & Kitchen,2.0,334.93,669.86,2023-09-08,Central
ORD-002503,Towel Set,Home & Kitchen,2.0,592.75,1185.5,2024-02-13,Central
ORD-002504,Machine Learning,Books,2.0,830.33,1660.66,2024-03-01,North
ORD-002505,Power Bank 10000mAh,Electronics,1.0,889.58,889.58,2024-01-19,South
ORD-002506,Data Science Guide,Books,2.0,875.97,1751.94,2024-09-04,East
ORD-002507,Headphones,Electronics,,1362.07,4086.21,2023-03-11,Central
ORD-002508,Cotton T-Shirt,Clothing,3.0,530.6,1591.8,2023-04-14,South
ORD-002509,Bluetooth Speaker,Electronics,1.0,1543.04,1543.04,2024-10-07,South
ORD-002510,Jump Rope,Sports,4.0,279.71,1118.84,2023-12-22,North
ORD-002511,Dumbbells Set,Sports,1.0,2449.08,2449.08,2024-03-24,East
ORD-002512,Dumbbells Set,Sports,1.0,2407.48,2407.48,2023-06-07,West
ORD-002513,SQL Handbook,Books,4.0,561.12,2244.48,2023-05-28,North
ORD-002514,SQL Handbook,Books,4.0,430.74,1722.96,2024-02-08,North
ORD-002515,Winter Jacket,Clothing,1.0,3412.49,3412.49,2024-03-04,West
ORD-002516,Sneakers,Clothing,2.0,2293.11,4586.22,2024-07-14,North
ORD-002517,HD Webcam,Electronics,1.0,1193.76,1193.76,2023-02-08,North
ORD-002518,Machine Learning,Books,2.0,785.72,1571.44,2024-11-19,East
ORD-002519,Blender,Home & Kitchen,1.0,1761.18,1761.18,2024-04-25,East
ORD-002520,Blender,Home & Kitchen,3.0,2002.66,6007.98,2024-06-23,West
ORD-002521,Resistance Bands,Sports,2.0,368.51,737.02,2024-08-31,West
ORD-002522,Cloud Computing,Books,1.0,750.99,750.99,2023-10-06,East
ORD-002523,Python Programming,Books,3.0,664.25,1992.75,2024-08-28,North
ORD-002524,Winter Jacket,Clothing,1.0,3235.25,3235.25,2023-08-13,Central
ORD-002525,USB-C Cable,Electronics,2.0,194.18,388.36,2024-02-27,South
ORD-002526,Bluetooth Speaker,Electronics,1.0,2042.19,2042.19,2023-06-16,West
ORD-002527,Non-Stick Pan,Home & Kitchen,1.0,782.74,782.74,2024-03-22,South
ORD-002528,USB-C Cable,Electronics,3.0,183.22,549.66,2024-01-15,Central
ORD-002529,Statistics Book,Books,1.0,635.39,635.39,2024-08-25,North
ORD-002530,Running Shoes,Clothing,5.0,2369.41,11847.05,2023-12-11,South
ORD-002531,USB Keyboard,Electronics,1.0,696.3,696.3,2023-03-26,North
ORD-002532,Cloud Computing,Books,2.0,814.97,1629.94,2023-04-05,West
ORD-002533,Cotton T-Shirt,Clothing,6.0,429.04,2574.24,2023-01-03,South
ORD-002534,Blender,Home & Kitchen,2.0,1637.18,3274.36,2024-11-13,Central
ORD-002535,Coffee Maker,Home & Kitchen,1.0,2185.88,2185.88,2023-02-09,North
ORD-002536,Bluetooth Speaker,Electronics,1.0,1975.06,1975.06,2023-06-24,East
ORD-002537,Storage Containers,Home & Kitchen,3.0,304.16,912.48,2024-09-22,East
ORD-002538,Denim Jeans,Clothing,1.0,1205.47,1205.47,2024-04-18,West
ORD-002539,Dumbbells Set,Sports,2.0,2640.72,5281.44,2024-05-23,North
ORD-002540,Air Purifier,Home & Kitchen,1.0,4927.78,4927.78,2024-12-12,Central
ORD-002541,Storage Containers,Home & Kitchen,1.0,338.64,338.64,2024-10-31,West
ORD-002542,Formal Shirt,Clothing,7.0,829.06,5803.42,2024-11-13,North
ORD-002543,Cotton T-Shirt,Clothing,1.0,555.16,555.16,2023-03-23,North
ORD-002544,Machine Learning,Books,1.0,840.33,840.33,2023-06-02,South
ORD-002545,Desk Lamp,Home & Kitchen,1.0,531.18,531.18,2024-05-08,West
ORD-002546,Resistance Bands,Sports,3.0,395.8,1187.4,2024-12-27,North
ORD-002547,Sneakers,Clothing,1.0,1728.48,1728.48,2023-07-16,West
ORD-002548,Water Bottle,Home & Kitchen,6.0,295.73,1774.38,2023-07-11,Central
ORD-002549,Towel Set,Home & Kitchen,2.0,643.08,1286.16,2023-05-17,West
ORD-002550,Air Purifier,Home & Kitchen,1.0,4495.37,4495.37,2023-01-08,South
ORD-002551,Headphones,Electronics,1.0,,1672.9,2023-12-09,North
ORD-002552,Jump Rope,Sports,2.0,318.8,637.6,2023-10-12,South
ORD-002553,USB-C Cable,Electronics,3.0,205.86,617.58,2024-12-29,South
ORD-002554,Headphones,Electronics,1.0,1341.51,1341.51,2024-05-28,West
ORD-002555,Resistance Bands,Sports,,402.44,804.88,2024-06-27,East
ORD-002556,Football,Sports,1.0,854.44,854.44,2024-03-21,North
ORD-002557,Resistance Bands,Sports,3.0,393.79,1181.37,2024-07-05,South
ORD-002558,Laptop Stand,Electronics,1.0,1196.31,1196.31,2024-08-26,East
ORD-002559,Cloud Computing,Books,1.0,844.07,844.07,2024-09-15,West
ORD-002560,Sunglasses,Clothing,4.0,835.45,3341.8,2023-09-29,North
ORD-002561,Formal Shirt,Clothing,3.0,907.29,2721.87,2024-02-09,North
ORD-002562,Web Development,Books,1.0,604.17,604.17,2024-02-11,North
ORD-002563,Water Bottle,Home & Kitchen,4.0,339.6,1358.4,2023-01-17,West
ORD-002564,Non-Stick Pan,Home & Kitchen,2.0,730.31,1460.62,2024-05-23,West
ORD-002565,Coffee Maker,Home & Kitchen,1.0,2415.8,2415.8,2023-08-29,West
ORD-002566,Winter Jacket,Clothing,1.0,3057.79,3057.79,2023-01-15,West
ORD-002567,Python Programming,Books,2.0,643.82,1287.64,2023-04-12,South
ORD-002568,Storage Containers,Home & Kitchen,2.0,341.3,682.6,2024-03-01,West
ORD-002569,Coffee Maker,Home & Kitchen,1.0,2530.73,2530.73,2023-10-23,East
ORD-002570,USB Keyboard,Electronics,4.0,718.84,2875.36,2023-06-09,North
ORD-002571,Denim Jeans,Clothing,1.0,1148.33,1148.33,2023-10-04,East
ORD-002572,Headphones,Electronics,1.0,1575.6,1575.6,2024-06-07,South
ORD-002573,USB-C Cable,Electronics,4.0,192.31,769.24,2023-04-05,North
ORD-002574,Non-Stick Pan,Home & Kitchen,2.0,869.31,1738.62,2024-09-27,North
ORD-002575,HD Webcam,Electronics,2.0,1207.95,2415.9,2023-05-30,West
ORD-002576,Sunglasses,Clothing,2.0,760.69,1521.38,2024-10-08,South
ORD-002577,Data Science Guide,Books,2.0,775.62,1551.24,2024-06-08,North
ORD-002578,Jump Rope,Sports,4.0,260.15,1040.6,2024-08-23,Central
ORD-002579,Sunglasses,Clothing,2.0,771.98,1543.96,2024-07-24,West
ORD-002580,Cotton T-Shirt,Clothing,5.0,424.71,2123.55,2023-02-07,South
ORD-002581,Blender,Home & Kitchen,3.0,1618.39,4855.17,2024-03-01,South
ORD-002582,Data Science Guide,Books,1.0,821.69,821.69,2023-05-18,East
ORD-002583,HD Webcam,Electronics,1.0,1378.61,1378.61,2024-04-29,West
ORD-002584,Coffee Maker,Home & Kitchen,2.0,2713.52,5427.04,2024-10-01,West
ORD-002585,Formal Shirt,Clothing,4.0,843.29,3373.16,2024-07-03,Central
ORD-002586,Power Bank 10000mAh,Electronics,3.0,801.08,2403.24,2024-11-11,South
ORD-002587,Machine Learning,Books,2.0,875.27,1750.54,2023-10-15,North
ORD-002588,Gym Gloves,Sports,4.0,534.72,2138.88,2023-03-18,South
ORD-002589,Power Bank 10000mAh,Electronics,1.0,789.25,789.25,2023-12-02,North
ORD-002590,Dumbbells Set,Sports,1.0,2854.84,2854.84,2024-01-07,West
ORD-002591,Coffee Maker,Home & Kitchen,1.0,2560.65,2560.65,2023-07-07,North
ORD-002592,Power Bank 10000mAh,Electronics,4.0,912.54,3650.16,2023-11-15,East
ORD-002593,Power Bank 10000mAh,Electronics,2.0,791.24,1582.48,2024-07-19,South
ORD-002594,Power Bank 10000mAh,Electronics,6.0,854.03,5124.18,2024-03-06,West
ORD-002595,Denim Jeans,Clothing,1.0,1333.41,1333.41,2023-04-07,North
ORD-002596,Python Programming,Books,4.0,582.11,2328.44,2024-04-25,North
ORD-002597,Winter Jacket,Clothing,1.0,3168.48,3168.48,2023-03-25,Central
ORD-002598,Wireless Mouse,Electronics,1.0,478.1,478.1,2024-04-26,North
ORD-002599,Football,Sports,1.0,804.51,804.51,2024-02-22,South
ORD-002600,Sunglasses,Clothing,2.0,782.15,1564.3,2024-07-14,East
ORD-002601,Web Development,Books,4.0,622.71,2490.84,2024-06-24,Central
ORD-002602,SQL Handbook,Books,1.0,552.31,552.31,2023-10-03,North
ORD-002603,SQL Handbook,Books,2.0,424.37,848.74,2024-10-25,North
ORD-002604,Football,Sports,2.0,817.36,1634.72,2023-09-17,West
ORD-002605,Dumbbells Set,Sports,3.0,2657.24,7971.72,2024-11-18,North
ORD-002606,Cotton T-Shirt,Clothing,3.0,444.05,1332.15,2023-03-15,North
ORD-002607,Wireless Mouse,Electronics,1.0,397.45,397.45,2024-10-29,West
ORD-002608,Data Science Guide,Books,2.0,713.76,1427.52,2023-12-16,West
ORD-002609,USB-C Cable,Electronics,2.0,191.76,383.52,2023-11-29,East
ORD-002610,Towel Set,Home & Kitchen,1.0,623.27,623.27,2024-11-10,North
ORD-002611,Desk Lamp,Home & Kitchen,2.0,628.17,1256.34,2024-11-12,East
ORD-002612,Water Bottle,Home & Kitchen,4.0,293.02,1172.08,2023-02-20,North
ORD-002613,Headphones,Electronics,2.0,1461.03,2922.06,2024-06-20,Central
ORD-002614,Formal Shirt,Clothing,1.0,971.56,971.56,2023-10-14,East
ORD-002615,Dumbbells Set,Sports,1.0,2351.46,2351.46,2024-08-23,North
ORD-002616,Formal Shirt,Clothing,1.0,836.87,836.87,2024-05-03,East
ORD-002617,Machine Learning,Books,1.0,938.17,938.17,2023-01-18,South
ORD-002618,Cricket Bat,Sports,1.0,1440.91,1440.91,2023-04-23,South
ORD-002619,Power Bank 10000mAh,Electronics,6.0,847.82,5086.92,2024-11-05,South
ORD-002620,USB Keyboard,Electronics,1.0,601.66,601.66,2023-09-05,North
ORD-002621,Cricket Bat,Sports,1.0,1511.74,1511.74,2024-10-04,North
ORD-002622,USB-C Cable,Electronics,5.0,194.21,971.05,2024-12-07,South
ORD-002623,Web Development,Books,1.0,658.39,658.39,2023-07-11,West
ORD-002624,Storage Containers,Home & Kitchen,1.0,338.73,338.73,2024-08-23,West
ORD-002625,Gym Gloves,Sports,3.0,517.66,1552.98,2023-04-09,Central
ORD-002626,Non-Stick Pan,Home & Kitchen,1.0,861.06,861.06,2023-12-11,East
ORD-002627,Web Development,Books,3.0,597.6,1792.8,2024-03-17,North
ORD-002628,Cricket Bat,Sports,1.0,1293.88,1293.88,2023-08-25,East
ORD-002629,Dumbbells Set,Sports,1.0,2855.8,2855.8,2023-04-16,South
ORD-002630,Winter Jacket,Clothing,1.0,3075.82,3075.82,2023-08-08,South
ORD-002631,Water Bottle Sport,Sports,3.0,363.97,1091.91,2023-05-04,Central
ORD-002632,Denim Jeans,Clothing,2.0,1342.56,2685.12,2023-12-15,North
ORD-002633,Desk Lamp,Home & Kitchen,2.0,558.94,1117.88,2023-02-15,North
ORD-002634,Headphones,Electronics,1.0,1674.36,1674.36,2023-08-10,North
ORD-002635,Football,Sports,3.0,781.53,2344.59,2024-08-12,South
ORD-002636,Towel Set,Home & Kitchen,1.0,513.98,513.98,2024-07-23,North
ORD-002637,Yoga Mat,Sports,2.0,810.56,1621.12,2024-11-14,North
ORD-002638,HD Webcam,Electronics,2.0,1091.15,2182.3,2023-07-20,South
ORD-002639,Headphones,Electronics,1.0,1289.17,1289.17,2023-08-20,West
ORD-002640,Sports Shorts,Clothing,1.0,753.75,753.75,2024-10-04,West
ORD-002641,Machine Learning,Books,3.0,1007.19,3021.57,2024-12-05,East
ORD-002642,HD Webcam,Electronics,1.0,1083.03,1083.03,2024-01-19,West
ORD-002643,Data Science Guide,Books,2.0,729.91,1459.82,2023-03-28,North
ORD-002644,Laptop Stand,Electronics,3.0,989.84,2969.52,2023-08-23,West
ORD-002645,Gym Gloves,Sports,3.0,573.43,1720.29,2024-04-08,East
ORD-002646,Football,Sports,2.0,825.59,1651.18,2024-04-04,West
ORD-002647,Blender,Home & Kitchen,1.0,2141.81,2141.81,2023-09-24,West
ORD-002648,Bluetooth Speaker,Electronics,1.0,1947.18,1947.18,2024-02-20,East
ORD-002649,USB Keyboard,Electronics,3.0,562.99,1688.97,2024-12-12,West
ORD-002650,Dumbbells Set,Sports,1.0,2805.88,2805.88,2024-07-27,East
ORD-002651,Cotton T-Shirt,Clothing,1.0,555.26,555.26,2024-06-14,West
ORD-002652,Cotton T-Shirt,Clothing,2.0,505.54,1011.08,2024-06-04,North
ORD-002653,Dumbbells Set,Sports,1.0,2194.27,2194.27,2023-12-14,South
ORD-002654,Cricket Bat,Sports,3.0,1494.73,4484.19,2023-07-02,West
ORD-002655,Winter Jacket,Clothing,1.0,3517.85,3517.85,2024-12-16,East
ORD-002656,Laptop Stand,Electronics,1.0,1178.45,1178.45,2024-10-11,South
ORD-002657,Formal Shirt,Clothing,2.0,970.6,1941.2,2023-12-12,West
ORD-002658,Wireless Mouse,Electronics,2.0,484.77,969.54,2023-03-27,West
ORD-002659,Dumbbells Set,Sports,1.0,2484.59,2484.59,2023-03-26,West
ORD-002660,AI Foundations,Books,1.0,1073.47,1073.47,2023-02-28,East
ORD-002661,Sports Shorts,Clothing,3.0,618.3,1854.9,2023-11-17,Central
ORD-002662,Storage Containers,Home & Kitchen,3.0,353.79,1061.37,2023-09-25,North
ORD-002663,Jump Rope,Sports,3.0,335.8,1007.4,2023-10-22,
ORD-002664,Formal Shirt,Clothing,2.0,775.6,1551.2,2024-05-28,South
ORD-002665,Laptop Stand,Electronics,1.0,1132.74,1132.74,2024-04-23,North
ORD-002666,Desk Lamp,Home & Kitchen,3.0,570.52,1711.56,2024-01-22,South
ORD-002667,Resistance Bands,Sports,1.0,384.36,384.36,2024-06-26,North
ORD-002668,Machine Learning,Books,1.0,1031.33,1031.33,2023-10-03,South
ORD-002669,USB-C Cable,Electronics,5.0,216.02,1080.1,2023-11-14,
ORD-002670,Wireless Mouse,Electronics,1.0,437.41,437.41,2024-10-02,North
ORD-002671,Jump Rope,Sports,2.0,343.74,687.48,2024-09-24,West
ORD-002672,Cricket Bat,Sports,1.0,1394.58,1394.58,2023-05-09,North
ORD-002673,Laptop Stand,Electronics,1.0,976.01,976.01,2023-09-16,East
ORD-002674,Yoga Mat,Sports,1.0,833.91,833.91,2023-09-25,Central
ORD-002675,Sunglasses,Clothing,2.0,738.84,1477.68,2024-05-25,North
ORD-002676,Denim Jeans,Clothing,1.0,1164.5,1164.5,2024-02-14,North
ORD-002677,SQL Handbook,Books,1.0,520.73,520.73,2023-06-24,West
ORD-002678,Water Bottle,Home & Kitchen,3.0,275.92,827.76,2023-11-01,South
ORD-002679,Sports Shorts,Clothing,2.0,615.98,1231.96,2024-06-25,Central
ORD-002680,Coffee Maker,Home & Kitchen,1.0,2740.43,2740.43,2024-04-18,South
ORD-002681,Machine Learning,Books,2.0,864.93,1729.86,2023-12-30,South
ORD-002682,HD Webcam,Electronics,3.0,1279.6,3838.8,2024-02-17,South
ORD-002683,Cricket Bat,Sports,1.0,1663.35,1663.35,2023-10-28,West
ORD-002684,Headphones,Electronics,,1631.44,1631.44,2024-01-22,Central
ORD-002685,Yoga Mat,Sports,1.0,863.5,863.5,2023-08-20,East
ORD-002686,Cricket Bat,Sports,1.0,1711.47,1711.47,2023-10-10,East
ORD-002687,USB-C Cable,Electronics,4.0,207.3,829.2,2023-02-08,Central
ORD-002688,Desk Lamp,Home & Kitchen,2.0,546.7,1093.4,2023-07-29,West
ORD-002689,Desk Lamp,Home & Kitchen,3.0,565.77,1697.31,2024-06-22,West
ORD-002690,Web Development,Books,1.0,613.04,613.04,2023-05-25,West
ORD-002691,Cloud Computing,Books,2.0,772.92,1545.84,2023-05-07,North
ORD-002692,Dumbbells Set,Sports,1.0,2493.44,2493.44,2024-10-08,North
ORD-002693,Desk Lamp,Home & Kitchen,3.0,662.76,1988.28,2023-02-10,West
ORD-002694,Headphones,Electronics,4.0,1317.89,5271.56,2023-12-02,Central
ORD-002695,Python Programming,Books,4.0,546.65,2186.6,2023-01-11,North
ORD-002696,USB Keyboard,Electronics,1.0,574.34,574.34,2023-12-09,North
ORD-002697,Yoga Mat,Sports,1.0,854.19,854.19,2023-09-08,West
ORD-002698,SQL Handbook,Books,3.0,513.38,1540.14,2023-10-18,Central
ORD-002699,Python Programming,Books,1.0,579.55,579.55,2024-09-27,East
ORD-002700,Air Purifier,Home & Kitchen,1.0,5154.51,5154.51,2023-03-01,West
ORD-002701,Resistance Bands,Sports,2.0,366.18,732.36,2023-04-22,South
ORD-002702,AI Foundations,Books,4.0,1075.88,4303.52,2023-01-28,South
ORD-002703,Running Shoes,Clothing,1.0,2503.39,2503.39,2023-08-09,North
ORD-002704,SQL Handbook,Books,3.0,435.64,1306.92,2023-12-10,South
ORD-002705,Power Bank 10000mAh,Electronics,1.0,873.98,873.98,2023-05-14,West
ORD-002706,Non-Stick Pan,Home & Kitchen,2.0,903.41,1806.82,2023-12-12,South
ORD-002707,USB Keyboard,Electronics,1.0,635.67,635.67,2023-04-30,West
ORD-002708,Bluetooth Speaker,Electronics,2.0,1639.72,3279.44,2023-02-26,South
ORD-002709,Dumbbells Set,Sports,1.0,2637.63,2637.63,2023-01-28,North
ORD-002710,Denim Jeans,Clothing,1.0,1203.14,1203.14,2023-06-29,South
ORD-002711,Laptop Stand,Electronics,1.0,1078.96,1078.96,2024-06-05,North
ORD-002712,Statistics Book,Books,1.0,579.41,579.41,2024-07-28,North
ORD-002713,Resistance Bands,Sports,4.0,343.98,1375.92,2023-10-25,North
ORD-002714,Yoga Mat,Sports,1.0,974.58,974.58,2024-06-24,South
ORD-002715,Sunglasses,Clothing,1.0,855.73,855.73,2024-11-14,East
ORD-002716,Python Programming,Books,1.0,576.41,576.41,2023-08-06,West
ORD-002717,USB Keyboard,Electronics,,687.27,687.27,2024-11-14,North
ORD-002718,USB-C Cable,Electronics,5.0,173.02,865.1,2024-08-01,South
ORD-002719,Cricket Bat,Sports,2.0,1477.91,2955.82,2023-01-17,South
ORD-002720,Sneakers,Clothing,1.0,2073.23,2073.23,2024-09-04,East
ORD-002721,Water Bottle Sport,Sports,5.0,354.52,1772.6,2024-11-03,East
ORD-002722,Jump Rope,Sports,4.0,280.66,1122.64,2023-04-02,East
ORD-002723,Water Bottle,Home & Kitchen,1.0,276.41,276.41,2024-10-14,South
ORD-002724,Power Bank 10000mAh,Electronics,2.0,1003.47,2006.94,2023-01-22,East
ORD-002725,Running Shoes,Clothing,1.0,2753.29,2753.29,2023-07-14,West
ORD-002726,Formal Shirt,Clothing,1.0,880.09,880.09,2023-05-25,East
ORD-002727,Laptop Stand,Electronics,2.0,1261.71,2523.42,2024-09-29,East
ORD-002728,Data Science Guide,Books,2.0,912.22,1824.44,2024-04-13,North
ORD-002729,Machine Learning,Books,1.0,1018.49,1018.49,2023-08-10,West
ORD-002730,Football,Sports,4.0,823.55,3294.2,2023-11-30,South
ORD-002731,Running Shoes,Clothing,1.0,2691.68,2691.68,2024-11-04,West
ORD-002732,Non-Stick Pan,Home & Kitchen,4.0,891.83,3567.32,2023-12-19,North
ORD-002733,Sneakers,Clothing,2.0,,4363.32,2023-12-16,West
ORD-002734,AI Foundations,Books,1.0,979.26,979.26,2024-07-11,South
ORD-002735,Water Bottle Sport,Sports,1.0,339.26,339.26,2024-08-09,North
ORD-002736,Cotton T-Shirt,Clothing,4.0,487.92,1951.68,2024-07-29,West
ORD-002737,Winter Jacket,Clothing,1.0,3327.74,3327.74,2024-06-25,Central
ORD-002738,Power Bank 10000mAh,Electronics,1.0,871.67,871.67,2023-07-16,North
ORD-002739,Resistance Bands,Sports,2.0,446.76,893.52,2024-06-05,Central
ORD-002740,Sunglasses,Clothing,1.0,839.2,839.2,2023-08-18,East
ORD-002741,Water Bottle Sport,Sports,4.0,302.42,1209.68,2024-02-03,West
ORD-002742,Web Development,Books,2.0,634.69,1269.38,2023-03-18,East
ORD-002743,Wireless Mouse,Electronics,2.0,390.06,780.12,2023-03-09,West
ORD-002744,Power Bank 10000mAh,Electronics,4.0,995.51,3982.04,2024-10-06,
ORD-002745,Statistics Book,Books,3.0,653.25,1959.75,2023-07-01,Central
ORD-002746,Statistics Book,Books,1.0,693.78,693.78,2024-10-04,North
ORD-002747,Storage Containers,Home & Kitchen,2.0,342.79,685.58,2023-01-18,East
ORD-002748,Machine Learning,Books,1.0,885.25,885.25,2023-03-01,North
ORD-002749,Statistics Book,Books,2.0,578.36,1156.72,2024-11-18,North
ORD-002750,Headphones,Electronics,1.0,1690.27,1690.27,2024-10-02,Central
ORD-002751,Denim Jeans,Clothing,2.0,1469.13,2938.26,2023-09-27,West
ORD-002752,Coffee Maker,Home & Kitchen,1.0,2464.41,2464.41,2023-07-19,North
ORD-002753,Sports Shorts,Clothing,1.0,630.06,630.06,2024-01-02,South
ORD-002754,Data Science Guide,Books,1.0,698.12,698.12,2024-04-23,North
ORD-002755,Denim Jeans,Clothing,1.0,1104.33,1104.33,2023-03-22,North
ORD-002756,Web Development,Books,6.0,660.78,3964.68,2024-06-09,East
ORD-002757,Gym Gloves,Sports,1.0,456.82,456.82,2024-01-21,North
ORD-002758,Resistance Bands,Sports,4.0,345.04,1380.16,2023-11-11,Central
ORD-002759,Gym Gloves,Sports,4.0,483.37,1933.48,2023-02-18,East
ORD-002760,Laptop Stand,Electronics,1.0,952.46,952.46,2023-10-10,East
ORD-002761,Coffee Maker,Home & Kitchen,1.0,2205.33,2205.33,2024-02-12,North
ORD-002762,Cloud Computing,Books,3.0,842.29,2526.87,2024-11-14,North
ORD-002763,Denim Jeans,Clothing,1.0,1333.68,1333.68,2024-05-18,West
ORD-002764,Bluetooth Speaker,Electronics,2.0,2055.79,4111.58,2023-09-25,North
ORD-002765,Gym Gloves,Sports,1.0,526.96,526.96,2024-05-18,South
ORD-002766,Web Development,Books,3.0,618.26,1854.78,2024-07-06,East
ORD-002767,Gym Gloves,Sports,1.0,458.42,458.42,2024-02-23,West
ORD-002768,Headphones,Electronics,4.0,1598.63,6394.52,2024-12-20,South
ORD-002769,Headphones,Electronics,2.0,1456.2,2912.4,2024-05-04,Central
ORD-002770,Sneakers,Clothing,3.0,1787.03,5361.09,2024-06-14,West
ORD-002771,Non-Stick Pan,Home & Kitchen,1.0,699.37,699.37,2024-01-21,West
ORD-002772,Winter Jacket,Clothing,1.0,3681.53,3681.53,2024-10-06,North
ORD-002773,AI Foundations,Books,2.0,1010.71,2021.42,2023-01-16,South
ORD-002774,Power Bank 10000mAh,Electronics,1.0,961.7,961.7,2024-02-19,East
ORD-002775,Denim Jeans,Clothing,1.0,1325.45,1325.45,2024-08-07,Central
ORD-002776,Yoga Mat,Sports,1.0,972.51,972.51,2024-07-24,South
ORD-002777,SQL Handbook,Books,5.0,566.83,2834.15,2024-07-13,North
ORD-002778,USB-C Cable,Electronics,1.0,210.45,210.45,2023-02-04,North
ORD-002779,Water Bottle Sport,Sports,2.0,322.91,645.82,2024-09-04,Central
ORD-002780,Formal Shirt,Clothing,1.0,962.49,962.49,2024-09-12,East
ORD-002781,USB Keyboard,Electronics,2.0,674.58,1349.16,2023-10-18,East
ORD-002782,Headphones,Electronics,1.0,1355.57,1355.57,2023-04-04,Central
ORD-002783,Cloud Computing,Books,1.0,757.82,757.82,2024-02-04,Central
ORD-002784,Cotton T-Shirt,Clothing,2.0,481.1,962.2,2024-09-22,North
ORD-002785,Dumbbells Set,Sports,1.0,2470.07,2470.07,2024-10-04,East
ORD-002786,Statistics Book,Books,1.0,673.07,673.07,2024-07-08,Central
ORD-002787,Jump Rope,Sports,3.0,265.77,797.31,2023-06-07,East
ORD-002788,Sunglasses,Clothing,2.0,806.7,1613.4,2023-02-09,West
ORD-002789,Laptop Stand,Electronics,1.0,1141.32,1141.32,2024-10-20,North
ORD-002790,Power Bank 10000mAh,Electronics,2.0,998.19,1996.38,2023-01-31,West
ORD-002791,Statistics Book,Books,1.0,640.56,640.56,2024-09-26,North
ORD-002792,HD Webcam,Electronics,1.0,1083.33,1083.33,2023-10-14,West
ORD-002793,Storage Containers,Home & Kitchen,4.0,351.47,1405.88,2023-09-15,East
ORD-002794,Web Development,Books,1.0,765.1,765.1,2023-05-24,South
ORD-002795,Running Shoes,Clothing,3.0,2556.02,7668.06,2024-11-30,South
ORD-002796,Web Development,Books,1.0,783.2,783.2,2023-07-19,East
ORD-002797,USB-C Cable,Electronics,2.0,173.9,347.8,2024-02-19,West
ORD-002798,Air Purifier,Home & Kitchen,1.0,5332.56,5332.56,2024-06-29,Central
ORD-002799,Sports Shorts,Clothing,2.0,714.82,1429.64,2024-02-03,South
ORD-002800,Football,Sports,3.0,806.13,2418.39,2024-12-12,West
ORD-002801,Coffee Maker,Home & Kitchen,1.0,2828.55,2828.55,2023-08-17,North
ORD-002802,AI Foundations,Books,1.0,1042.7,1042.7,2024-01-10,East
ORD-002803,AI Foundations,Books,2.0,1075.72,2151.44,2023-01-17,West
ORD-002804,Storage Containers,Home & Kitchen,1.0,328.75,328.75,2023-08-18,East
ORD-002805,Dumbbells Set,Sports,1.0,2573.22,2573.22,2023-04-26,North
ORD-002806,Sports Shorts,Clothing,1.0,760.54,760.54,2024-08-18,North
ORD-002807,Desk Lamp,Home & Kitchen,2.0,567.6,1135.2,2024-02-08,East
ORD-002808,Blender,Home & Kitchen,1.0,2029.42,2029.42,2023-07-27,South
ORD-002809,Sneakers,Clothing,1.0,2269.24,2269.24,2024-05-02,North
ORD-002810,Cloud Computing,Books,1.0,852.32,852.32,2023-11-21,South
ORD-002811,Denim Jeans,Clothing,1.0,1412.97,1412.97,2023-10-18,North
ORD-002812,Air Purifier,Home & Kitchen,1.0,5042.81,5042.81,2024-04-12,Central
ORD-002813,Jump Rope,Sports,1.0,319.86,319.86,2024-07-28,North
ORD-002814,Python Programming,Books,2.0,551.38,1102.76,2023-10-06,East
ORD-002815,Gym Gloves,Sports,1.0,444.64,444.64,2024-02-16,South
ORD-002816,Statistics Book,Books,1.0,719.88,719.88,2023-03-01,East
ORD-002817,Cloud Computing,Books,1.0,703.76,703.76,2024-07-05,North
ORD-002818,AI Foundations,Books,1.0,1071.17,1071.17,2024-06-06,West
ORD-002819,Gym Gloves,Sports,1.0,478.6,478.6,2024-08-25,Central
ORD-002820,Resistance Bands,Sports,4.0,375.6,1502.4,2023-07-02,East
ORD-002821,USB Keyboard,Electronics,2.0,617.3,1234.6,2024-12-10,North
ORD-002822,Wireless Mouse,Electronics,3.0,423.92,1271.76,2023-02-13,West
ORD-002823,Football,Sports,1.0,710.58,710.58,2023-03-16,Central
ORD-002824,USB-C Cable,Electronics,2.0,169.48,338.96,2023-11-21,South
ORD-002825,Bluetooth Speaker,Electronics,1.0,1829.99,1829.99,2024-10-10,North
ORD-002826,Power Bank 10000mAh,Electronics,5.0,904.34,4521.7,2023-11-07,East
ORD-002827,Cloud Computing,Books,1.0,827.72,827.72,2023-05-28,Central
ORD-002828,Sneakers,Clothing,3.0,2172.21,6516.63,2024-04-04,West
ORD-002829,Water Bottle,Home & Kitchen,2.0,265.79,531.58,2023-06-03,West
ORD-002830,Sports Shorts,Clothing,2.0,795.19,1590.38,2023-10-22,East
ORD-002831,Denim Jeans,Clothing,1.0,1128.67,1128.67,2023-05-17,North
ORD-002832,Cotton T-Shirt,Clothing,2.0,438.01,876.02,2024-10-03,South
ORD-002833,USB Keyboard,Electronics,1.0,603.67,603.67,2024-06-16,North
ORD-002834,Jump Rope,Sports,1.0,268.96,268.96,2023-12-20,East
ORD-002835,Dumbbells Set,Sports,1.0,2714.11,2714.11,2024-11-12,Central
ORD-002836,Cloud Computing,Books,1.0,855.35,855.35,2023-11-25,East
ORD-002837,Towel Set,Home & Kitchen,1.0,664.18,664.18,2023-05-19,Central
ORD-002838,Air Purifier,Home & Kitchen,1.0,5473.91,5473.91,2024-09-25,Central
ORD-002839,Statistics Book,Books,2.0,693.69,1387.38,2024-11-04,South
ORD-002840,Cricket Bat,Sports,1.0,1564.4,1564.4,2024-03-26,North
ORD-002841,Web Development,Books,5.0,744.55,3722.75,2023-07-23,North
ORD-002842,Cricket Bat,Sports,1.0,1351.74,1351.74,2023-01-30,East
ORD-002843,Football,Sports,1.0,908.15,908.15,2024-02-26,West
ORD-002844,Coffee Maker,Home & Kitchen,1.0,2538.84,2538.84,2024-10-17,North
ORD-002845,Sports Shorts,Clothing,2.0,796.33,1592.66,2024-10-30,West
ORD-002846,Football,Sports,2.0,752.99,1505.98,2023-11-24,South
ORD-002847,Cloud Computing,Books,1.0,818.26,818.26,2024-05-19,South
ORD-002848,USB-C Cable,Electronics,1.0,203.63,203.63,2023-09-25,Central
ORD-002849,Data Science Guide,Books,3.0,823.83,2471.49,2023-07-04,West
ORD-002850,Jump Rope,Sports,5.0,269.79,1348.95,2023-01-03,North
ORD-002851,USB-C Cable,Electronics,1.0,204.72,204.72,2023-09-10,West
ORD-002852,Data Science Guide,Books,1.0,893.77,893.77,2023-08-08,South
ORD-002853,Football,Sports,1.0,873.86,873.86,2023-05-14,West
ORD-002854,HD Webcam,Electronics,1.0,1304.61,1304.61,2024-01-09,Central
ORD-002855,Football,Sports,2.0,689.81,1379.62,2023-06-27,West
ORD-002856,Cloud Computing,Books,1.0,830.71,830.71,2024-06-15,South
ORD-002857,Sports Shorts,Clothing,1.0,632.87,632.87,2024-11-14,West
ORD-002858,Python Programming,Books,2.0,559.13,1118.26,2023-02-11,South
ORD-002859,Data Science Guide,Books,1.0,816.7,816.7,2024-08-09,North
ORD-002860,USB-C Cable,Electronics,3.0,221.21,663.63,2023-06-16,East
ORD-002861,Wireless Mouse,Electronics,1.0,405.11,405.11,2023-06-02,Central
ORD-002862,Gym Gloves,Sports,5.0,469.48,2347.4,2024-11-10,East
ORD-002863,Football,Sports,3.0,726.21,2178.63,2023-02-28,North
ORD-002864,Cloud Computing,Books,1.0,770.01,770.01,2023-03-26,North
ORD-002865,HD Webcam,Electronics,1.0,1074.34,1074.34,2024-02-12,North
ORD-002866,Running Shoes,Clothing,2.0,2816.86,5633.72,2023-05-01,Central
ORD-002867,Cloud Computing,Books,1.0,662.53,662.53,2024-11-07,West
ORD-002868,USB Keyboard,Electronics,2.0,572.88,1145.76,2023-04-26,Central
ORD-002869,USB Keyboard,Electronics,1.0,639.57,639.57,2024-09-24,West
ORD-002870,Jump Rope,Sports,3.0,310.03,930.09,2023-09-12,West
ORD-002871,Power Bank 10000mAh,Electronics,1.0,866.71,866.71,2024-08-08,North
ORD-002872,HD Webcam,Electronics,1.0,1259.45,1259.45,2024-04-11,South
ORD-002873,Dumbbells Set,Sports,2.0,2335.6,4671.2,2023-06-03,North
ORD-002874,Non-Stick Pan,Home & Kitchen,1.0,829.05,829.05,2024-07-25,North
ORD-002875,Non-Stick Pan,Home & Kitchen,1.0,914.53,914.53,2024-08-13,North
ORD-002876,Water Bottle,Home & Kitchen,2.0,327.99,655.98,2023-05-12,North
ORD-002877,Blender,Home & Kitchen,2.0,1651.76,3303.52,2024-01-25,West
ORD-002878,Bluetooth Speaker,Electronics,1.0,1716.43,1716.43,2024-11-13,West
ORD-002879,Jump Rope,Sports,4.0,274.68,1098.72,2023-01-18,East
ORD-002880,Formal Shirt,Clothing,2.0,860.98,1721.96,2023-07-15,South
ORD-002881,Water Bottle,Home & Kitchen,7.0,265.84,1860.88,2023-11-11,West
ORD-002882,Coffee Maker,Home & Kitchen,1.0,2866.43,2866.43,2023-06-09,Central
ORD-002883,Data Science Guide,Books,5.0,794.04,3970.2,2024-01-06,East
ORD-002884,Non-Stick Pan,Home & Kitchen,1.0,693.9,693.9,2023-06-20,West
ORD-002885,Laptop Stand,Electronics,1.0,942.39,942.39,2024-03-12,North
ORD-002886,Formal Shirt,Clothing,1.0,1007.18,1007.18,2024-06-27,South
ORD-002887,Air Purifier,Home & Kitchen,1.0,4260.51,4260.51,2024-12-01,West
ORD-002888,Non-Stick Pan,Home & Kitchen,2.0,683.19,1366.38,2023-09-13,South
ORD-002889,Cloud Computing,Books,2.0,780.42,1560.84,2024-07-31,South
ORD-002890,Coffee Maker,Home & Kitchen,2.0,2631.75,5263.5,2024-01-15,Central
ORD-002891,Storage Containers,Home & Kitchen,3.0,395.67,1187.01,2024-03-11,South
ORD-002892,HD Webcam,Electronics,1.0,1020.98,1020.98,2023-09-15,North
ORD-002893,USB Keyboard,Electronics,1.0,592.91,592.91,2024-06-10,West
ORD-002894,Web Development,Books,3.0,652.06,1956.18,2023-04-13,Central
ORD-002895,Machine Learning,Books,2.0,910.97,1821.94,2024-03-09,East
ORD-002896,Towel Set,Home & Kitchen,3.0,514.63,1543.89,2023-04-20,West
ORD-002897,Non-Stick Pan,Home & Kitchen,2.0,801.0,1602.0,2024-04-19,South
ORD-002898,Bluetooth Speaker,Electronics,2.0,1653.76,3307.52,2023-02-25,North
ORD-002899,Power Bank 10000mAh,Electronics,2.0,1021.41,2042.82,2024-01-05,East
ORD-002900,Sneakers,Clothing,1.0,1817.02,1817.02,2023-06-29,North
ORD-002901,Machine Learning,Books,2.0,906.58,1813.16,2023-12-24,South
ORD-002902,Statistics Book,Books,2.0,557.43,1114.86,2024-09-02,North
ORD-002903,USB-C Cable,Electronics,1.0,217.13,217.13,2023-07-23,West
ORD-002904,Water Bottle Sport,Sports,1.0,392.92,392.92,2023-06-10,South
ORD-002905,Water Bottle,Home & Kitchen,1.0,267.51,267.51,2024-02-08,South
ORD-002906,Bluetooth Speaker,Electronics,1.0,1786.5,1786.5,2023-05-22,North
ORD-002907,Water Bottle,Home & Kitchen,1.0,282.01,282.01,2024-02-29,South
ORD-002908,Yoga Mat,Sports,4.0,777.79,3111.16,2023-03-11,East
ORD-002909,Data Science Guide,Books,1.0,858.69,858.69,2023-09-16,South
ORD-002910,Denim Jeans,Clothing,3.0,1438.48,4315.44,2024-07-30,West
ORD-002911,Non-Stick Pan,Home & Kitchen,3.0,918.25,2754.75,2023-11-19,North
ORD-002912,Cotton T-Shirt,Clothing,3.0,,1497.81,2023-09-19,West
ORD-002913,Towel Set,Home & Kitchen,3.0,604.25,1812.75,2024-02-09,East
ORD-002914,Denim Jeans,Clothing,2.0,1275.24,2550.48,2023-07-23,North
ORD-002915,Statistics Book,Books,1.0,608.62,608.62,2024-09-09,South
ORD-002916,Data Science Guide,Books,1.0,747.86,747.86,2023-06-02,North
ORD-002917,SQL Handbook,Books,1.0,450.23,450.23,2023-09-12,South
ORD-002918,Winter Jacket,Clothing,1.0,3677.17,3677.17,2024-12-06,East
ORD-002919,Dumbbells Set,Sports,1.0,2135.14,2135.14,2024-09-17,West
ORD-002920,Air Purifier,Home & Kitchen,1.0,5682.49,5682.49,2024-03-17,North
ORD-002921,Sunglasses,Clothing,2.0,875.66,1751.32,2023-02-22,East
ORD-002922,Denim Jeans,Clothing,5.0,1431.9,7159.5,2023-04-02,West
ORD-002923,Power Bank 10000mAh,Electronics,1.0,1007.4,1007.4,2023-04-08,East
ORD-002924,Bluetooth Speaker,Electronics,1.0,1935.5,1935.5,2024-01-14,East
ORD-002925,Jump Rope,Sports,5.0,261.64,1308.2,2023-05-31,South
ORD-002926,Power Bank 10000mAh,Electronics,4.0,984.04,3936.16,2024-11-08,Central
ORD-002927,Water Bottle Sport,Sports,2.0,311.12,622.24,2023-09-24,West
ORD-002928,AI Foundations,Books,2.0,1127.0,2254.0,2024-06-18,East
ORD-002929,AI Foundations,Books,1.0,1010.72,1010.72,2024-03-24,North
ORD-002930,Power Bank 10000mAh,Electronics,2.0,892.07,1784.14,2024-07-07,East
ORD-002931,HD Webcam,Electronics,1.0,1050.65,1050.65,2023-07-13,East
ORD-002932,USB Keyboard,Electronics,1.0,649.94,649.94,2023-06-11,West
ORD-002933,Air Purifier,Home & Kitchen,1.0,5088.52,5088.52,2024-09-06,East
ORD-002934,Statistics Book,Books,1.0,682.15,682.15,2024-08-15,West
ORD-002935,Power Bank 10000mAh,Electronics,3.0,826.0,2478.0,2023-02-14,North
ORD-002936,Laptop Stand,Electronics,1.0,949.53,949.53,2023-04-26,Central
ORD-002937,Running Shoes,Clothing,2.0,2794.2,5588.4,2024-05-14,West
ORD-002938,Football,Sports,1.0,764.01,764.01,2023-12-08,West
ORD-002939,Statistics Book,Books,2.0,560.44,1120.88,2023-07-06,East
ORD-002940,SQL Handbook,Books,1.0,506.01,506.01,2024-09-16,West
ORD-002941,Water Bottle Sport,Sports,4.0,350.23,1400.92,2023-01-27,North
ORD-002942,Python Programming,Books,2.0,527.52,1055.04,2023-06-06,North
ORD-002943,Desk Lamp,Home & Kitchen,1.0,606.66,606.66,2024-10-07,North
ORD-002944,Football,Sports,1.0,806.84,806.84,2023-09-30,East
ORD-002945,Yoga Mat,Sports,2.0,833.88,1667.76,2024-03-22,East
ORD-002946,Jump Rope,Sports,3.0,292.26,876.78,2024-09-08,East
ORD-002947,USB Keyboard,Electronics,1.0,747.25,747.25,2023-11-04,North
ORD-002948,Sports Shorts,Clothing,3.0,719.91,2159.73,2024-11-08,West
ORD-002949,Sneakers,Clothing,1.0,1984.07,1984.07,2023-04-21,South
ORD-002950,USB-C Cable,Electronics,4.0,171.76,687.04,2023-07-11,South
ORD-002951,Dumbbells Set,Sports,1.0,2746.45,2746.45,2024-02-15,North
ORD-002952,Sports Shorts,Clothing,2.0,698.08,1396.16,2023-10-13,South
ORD-002953,Dumbbells Set,Sports,1.0,2147.81,2147.81,2024-03-15,North
ORD-002954,Storage Containers,Home & Kitchen,1.0,340.25,340.25,2023-01-29,West
ORD-002955,Cloud Computing,Books,1.0,665.14,665.14,2023-03-08,South
ORD-002956,Yoga Mat,Sports,1.0,1008.92,1008.92,2024-07-13,North
ORD-002957,Cloud Computing,Books,1.0,697.66,697.66,2024-07-18,South
ORD-002958,Data Science Guide,Books,1.0,828.37,828.37,2023-08-20,Central
ORD-002959,SQL Handbook,Books,3.0,523.43,1570.29,2024-07-13,East
ORD-002960,Sneakers,Clothing,3.0,1963.23,5889.69,2024-12-14,Central
ORD-002961,SQL Handbook,Books,4.0,437.67,1750.68,2024-12-06,South
ORD-002962,Blender,Home & Kitchen,1.0,1684.86,1684.86,2024-11-06,North
ORD-002963,Cricket Bat,Sports,1.0,1625.39,1625.39,2023-03-01,Central
ORD-002964,Sneakers,Clothing,3.0,1767.15,5301.45,2024-12-12,East
ORD-002965,Python Programming,Books,1.0,605.8,605.8,2023-08-21,West
ORD-002966,Web Development,Books,1.0,680.29,680.29,2024-03-07,West
ORD-002967,Denim Jeans,Clothing,1.0,1231.84,1231.84,2024-06-11,East
ORD-002968,Cloud Computing,Books,1.0,770.15,770.15,2023-01-08,West
ORD-002969,Air Purifier,Home & Kitchen,1.0,5119.52,5119.52,2023-11-02,North
ORD-002970,Water Bottle,Home & Kitchen,4.0,278.73,1114.92,2024-01-20,Central
ORD-002971,Water Bottle Sport,Sports,3.0,301.89,905.67,2024-03-17,West
ORD-002972,Air Purifier,Home & Kitchen,1.0,5645.96,5645.96,2023-01-15,South
ORD-002973,Towel Set,Home & Kitchen,2.0,669.53,1339.06,2024-03-29,East
ORD-002974,Blender,Home & Kitchen,1.0,1902.66,1902.66,2023-08-15,East
ORD-002975,Machine Learning,Books,1.0,863.81,863.81,2023-09-06,West
ORD-002976,Machine Learning,Books,1.0,877.08,877.08,2024-10-10,West
ORD-002977,USB Keyboard,Electronics,1.0,670.21,670.21,2024-02-11,South
ORD-002978,Wireless Mouse,Electronics,3.0,439.94,1319.82,2024-12-12,Central
ORD-002979,HD Webcam,Electronics,1.0,1366.78,1366.78,2023-06-05,West
ORD-002980,Cloud Computing,Books,2.0,706.45,1412.9,2024-12-11,North
ORD-002981,Coffee Maker,Home & Kitchen,2.0,2183.43,4366.86,2024-02-04,South
ORD-002982,USB Keyboard,Electronics,1.0,718.6,718.6,2024-01-17,West
ORD-002983,Water Bottle,Home & Kitchen,2.0,335.28,670.56,2023-03-03,East
ORD-002984,Headphones,Electronics,4.0,1453.24,5812.96,2024-08-25,West
ORD-002985,Cricket Bat,Sports,1.0,1351.9,1351.9,2023-07-20,East
ORD-002986,Towel Set,Home & Kitchen,4.0,558.24,2232.96,2023-01-14,North
ORD-002987,SQL Handbook,Books,1.0,487.77,487.77,2023-06-18,North
ORD-002988,HD Webcam,Electronics,1.0,1110.44,1110.44,2023-02-24,West
ORD-002989,AI Foundations,Books,1.0,1057.87,1057.87,2023-08-22,West
ORD-002990,Yoga Mat,Sports,2.0,1026.76,2053.52,2024-04-17,West
ORD-002991,Storage Containers,Home & Kitchen,2.0,310.04,620.08,2024-06-10,West
ORD-002992,Sports Shorts,Clothing,1.0,751.93,751.93,2023-09-17,Central
ORD-002993,Wireless Mouse,Electronics,4.0,416.85,1667.4,2024-11-23,West
ORD-002994,Towel Set,Home & Kitchen,1.0,665.47,665.47,2023-12-13,West
ORD-002995,USB Keyboard,Electronics,3.0,582.56,1747.68,2023-05-24,West
ORD-002996,SQL Handbook,Books,3.0,534.4,1603.2,2024-07-04,Central
ORD-002997,Dumbbells Set,Sports,1.0,2704.08,2704.08,2024-04-06,West
ORD-002998,Formal Shirt,Clothing,3.0,964.34,2893.02,2024-10-22,East
ORD-002999,Bluetooth Speaker,Electronics,1.0,1899.94,1899.94,2024-07-22,West
ORD-003000,AI Foundations,Books,3.0,867.37,2602.11,2023-01-13,West
ORD-003001,Water Bottle Sport,Sports,1.0,323.34,323.34,2023-09-10,West
ORD-003002,Cotton T-Shirt,Clothing,5.0,542.84,2714.2,2024-01-31,North
ORD-003003,Cricket Bat,Sports,1.0,1377.33,1377.33,2023-10-01,West
ORD-003004,Non-Stick Pan,Home & Kitchen,1.0,886.06,886.06,2023-02-06,West
ORD-003005,USB Keyboard,Electronics,1.0,651.01,651.01,2024-02-10,East
ORD-003006,Laptop Stand,Electronics,1.0,1027.02,1027.02,2023-12-20,South
ORD-003007,Storage Containers,Home & Kitchen,1.0,383.12,383.12,2023-09-26,North
ORD-003008,Gym Gloves,Sports,2.0,514.38,1028.76,2024-12-05,North
ORD-003009,Dumbbells Set,Sports,3.0,2612.14,7836.42,2023-01-16,Central
ORD-003010,Desk Lamp,Home & Kitchen,1.0,535.58,535.58,2024-10-21,East
ORD-003011,Resistance Bands,Sports,2.0,435.38,870.76,2024-07-05,East
ORD-003012,Machine Learning,Books,1.0,846.7,846.7,2024-12-08,Central
ORD-003013,Machine Learning,Books,1.0,990.63,990.63,2024-05-05,West
ORD-003014,Water Bottle,Home & Kitchen,6.0,262.18,1573.08,2023-08-27,West
ORD-003015,Water Bottle Sport,Sports,7.0,324.69,2272.83,2024-12-28,Central
ORD-003016,Football,Sports,1.0,804.14,804.14,2024-08-29,North
ORD-003017,HD Webcam,Electronics,2.0,1257.43,2514.86,2023-04-26,East
ORD-003018,Machine Learning,Books,1.0,810.65,810.65,2024-08-03,Central
ORD-003019,Bluetooth Speaker,Electronics,1.0,1554.18,1554.18,2023-06-21,North
ORD-003020,Winter Jacket,Clothing,1.0,2991.24,2991.24,2023-06-29,West
ORD-003021,Cloud Computing,Books,2.0,646.83,1293.66,2024-03-20,North
ORD-003022,Jump Rope,Sports,2.0,303.28,606.56,2024-01-31,West
ORD-003023,Sports Shorts,Clothing,1.0,654.7,654.7,2024-01-28,Central
ORD-003024,Formal Shirt,Clothing,2.0,937.07,1874.14,2023-11-23,North
ORD-003025,Yoga Mat,Sports,1.0,975.34,975.34,2024-05-09,West
ORD-003026,Cricket Bat,Sports,1.0,1457.93,1457.93,2023-07-19,Central
ORD-003027,Coffee Maker,Home & Kitchen,1.0,2673.93,2673.93,2023-02-05,Central
ORD-003028,Statistics Book,Books,2.0,710.79,1421.58,2023-07-06,South
ORD-003029,Water Bottle,Home & Kitchen,2.0,283.88,567.76,2024-03-24,Central
ORD-003030,Laptop Stand,Electronics,1.0,1155.59,1155.59,2024-03-19,South
ORD-003031,USB Keyboard,Electronics,1.0,629.13,629.13,2023-01-14,South
ORD-003032,USB Keyboard,Electronics,2.0,746.16,1492.32,2024-12-21,North
ORD-003033,Non-Stick Pan,Home & Kitchen,1.0,703.26,703.26,2024-04-02,East
ORD-003034,Resistance Bands,Sports,2.0,401.73,803.46,2024-09-25,North
ORD-003035,Football,Sports,2.0,727.64,1455.28,2024-03-16,East
ORD-003036,Statistics Book,Books,1.0,641.04,641.04,2023-06-13,North
ORD-003037,Sneakers,Clothing,1.0,2237.5,2237.5,2024-07-25,East
ORD-003038,Cloud Computing,Books,3.0,643.53,1930.59,2024-09-21,West
ORD-003039,Machine Learning,Books,3.0,785.06,2355.18,2024-01-07,East
ORD-003040,Python Programming,Books,5.0,531.88,2659.4,2024-12-10,Central
ORD-003041,Sneakers,Clothing,1.0,1914.15,1914.15,2024-12-19,West
ORD-003042,Cricket Bat,Sports,1.0,1713.86,1713.86,2024-01-25,East
ORD-003043,USB-C Cable,Electronics,4.0,215.95,863.8,2023-05-23,South
ORD-003044,Gym Gloves,Sports,1.0,492.55,492.55,2023-05-01,West
ORD-003045,Sunglasses,Clothing,1.0,723.47,723.47,2023-10-31,North
ORD-003046,Cricket Bat,Sports,2.0,1594.68,3189.36,2023-10-15,South
ORD-003047,Sneakers,Clothing,1.0,1783.66,1783.66,2023-09-30,Central
ORD-003048,Coffee Maker,Home & Kitchen,1.0,2654.29,2654.29,2024-04-05,Central
ORD-003049,Blender,Home & Kitchen,1.0,1674.1,1674.1,2023-09-30,East
ORD-003050,Blender,Home & Kitchen,1.0,1640.0,1640.0,2024-05-12,South
ORD-003051,Cricket Bat,Sports,1.0,1337.8,1337.8,2023-01-03,West
ORD-003052,Towel Set,Home & Kitchen,1.0,512.4,512.4,2023-01-01,West
ORD-003053,Laptop Stand,Electronics,1.0,1231.5,1231.5,2023-08-13,South
ORD-003054,Headphones,Electronics,1.0,1336.21,1336.21,2023-06-25,West
ORD-003055,Machine Learning,Books,1.0,915.18,915.18,2024-05-30,South
ORD-003056,Non-Stick Pan,Home & Kitchen,1.0,803.83,803.83,2023-03-01,Central
ORD-003057,Cricket Bat,Sports,2.0,1596.62,3193.24,2023-06-14,North
ORD-003058,Sneakers,Clothing,1.0,2259.25,2259.25,2023-03-16,Central
ORD-003059,Non-Stick Pan,Home & Kitchen,1.0,867.63,867.63,2024-05-08,Central
ORD-003060,USB Keyboard,Electronics,1.0,742.57,742.57,2023-04-29,East
ORD-003061,Data Science Guide,Books,2.0,723.72,1447.44,2024-11-03,North
ORD-003062,USB-C Cable,Electronics,3.0,220.62,661.86,2023-08-21,South
ORD-003063,Cricket Bat,Sports,1.0,1482.08,1482.08,2023-07-24,West
ORD-003064,Gym Gloves,Sports,2.0,567.41,1134.82,2024-11-27,South
ORD-003065,Power Bank 10000mAh,Electronics,3.0,952.7,2858.1,2024-07-29,North
ORD-003066,Sunglasses,Clothing,3.0,816.52,2449.56,2024-02-28,Central
ORD-003067,AI Foundations,Books,2.0,932.77,1865.54,2023-05-15,East
ORD-003068,Laptop Stand,Electronics,2.0,1196.7,2393.4,2023-04-01,East
ORD-003069,Sunglasses,Clothing,2.0,873.53,1747.06,2023-07-27,North
ORD-003070,Wireless Mouse,Electronics,1.0,403.25,403.25,2023-09-22,West
ORD-003071,Water Bottle Sport,Sports,1.0,303.85,303.85,2023-08-16,Central
ORD-003072,Sports Shorts,Clothing,1.0,754.35,754.35,2024-03-24,West
ORD-003073,Air Purifier,Home & Kitchen,1.0,4857.48,4857.48,2024-03-06,South
ORD-003074,Water Bottle Sport,Sports,2.0,343.54,687.08,2023-02-09,East
ORD-003075,Formal Shirt,Clothing,1.0,899.91,899.91,2023-11-03,East
ORD-003076,Sports Shorts,Clothing,3.0,799.95,2399.85,2023-08-22,Central
ORD-003077,Water Bottle,Home & Kitchen,2.0,283.83,567.66,2023-05-22,North
ORD-003078,SQL Handbook,Books,1.0,478.06,478.06,2024-12-22,East
ORD-003079,Coffee Maker,Home & Kitchen,1.0,2243.69,2243.69,2024-01-08,East
ORD-003080,Wireless Mouse,Electronics,2.0,504.31,1008.62,2024-07-07,South
ORD-003081,Headphones,Electronics,3.0,1603.78,4811.34,2024-10-06,West
ORD-003082,Dumbbells Set,Sports,1.0,2186.63,2186.63,2023-08-28,North
ORD-003083,Water Bottle Sport,Sports,2.0,368.55,737.1,2023-04-08,North
ORD-003084,Towel Set,Home & Kitchen,3.0,632.56,1897.68,2024-11-29,North
ORD-003085,Laptop Stand,Electronics,2.0,1012.16,2024.32,2024-09-27,West
ORD-003086,Coffee Maker,Home & Kitchen,1.0,2124.64,2124.64,2024-11-29,North
ORD-003087,Running Shoes,Clothing,3.0,2712.61,8137.83,2024-03-24,Central
ORD-003088,Non-Stick Pan,Home & Kitchen,3.0,779.27,2337.81,2023-01-11,West
ORD-003089,USB Keyboard,Electronics,2.0,594.35,1188.7,2023-11-24,West
ORD-003090,Sports Shorts,Clothing,2.0,717.5,1435.0,2024-11-01,South
ORD-003091,Gym Gloves,Sports,1.0,430.71,430.71,2023-02-02,West
ORD-003092,Headphones,Electronics,4.0,1333.11,5332.44,2024-12-22,East
ORD-003093,USB-C Cable,Electronics,1.0,209.39,209.39,2024-12-26,West
ORD-003094,Denim Jeans,Clothing,3.0,1257.17,3771.51,2023-02-19,Central
ORD-003095,Football,Sports,6.0,682.08,4092.48,2023-11-08,West
ORD-003096,Dumbbells Set,Sports,1.0,2218.65,2218.65,2023-01-04,North
ORD-003097,Sneakers,Clothing,2.0,2118.18,4236.36,2023-02-16,West
ORD-003098,USB Keyboard,Electronics,1.0,672.12,672.12,2024-07-09,North
ORD-003099,Sports Shorts,Clothing,1.0,630.69,630.69,2024-09-22,East
ORD-003100,Desk Lamp,Home & Kitchen,3.0,570.33,1710.99,2024-01-18,North
ORD-003101,Data Science Guide,Books,1.0,910.16,910.16,2023-02-04,East
ORD-003102,Yoga Mat,Sports,3.0,918.2,2754.6,2024-10-21,Central
ORD-003103,Yoga Mat,Sports,4.0,957.56,3830.24,2023-03-17,East
ORD-003104,Bluetooth Speaker,Electronics,2.0,1904.97,3809.94,2024-05-05,North
ORD-003105,Winter Jacket,Clothing,1.0,3296.15,3296.15,2024-08-06,West
ORD-003106,Desk Lamp,Home & Kitchen,2.0,597.34,1194.68,2023-01-22,South
ORD-003107,Sports Shorts,Clothing,2.0,627.84,1255.68,2023-12-02,South
ORD-003108,USB Keyboard,Electronics,1.0,626.5,626.5,2024-05-20,South
ORD-003109,Machine Learning,Books,1.0,909.04,909.04,2023-10-20,North
ORD-003110,HD Webcam,Electronics,1.0,1272.88,1272.88,2024-11-08,North
ORD-003111,Formal Shirt,Clothing,4.0,782.96,3131.84,2023-12-05,West
ORD-003112,Wireless Mouse,Electronics,3.0,439.44,1318.32,2024-10-20,West
ORD-003113,Desk Lamp,Home & Kitchen,2.0,681.5,1363.0,2023-01-06,East
ORD-003114,SQL Handbook,Books,3.0,556.84,1670.52,2023-09-06,North
ORD-003115,Statistics Book,Books,1.0,578.14,578.14,2024-03-30,Central
ORD-003116,Blender,Home & Kitchen,1.0,2113.47,2113.47,2024-04-12,East
ORD-003117,Jump Rope,Sports,5.0,331.36,1656.8,2023-11-28,North
ORD-003118,Water Bottle Sport,Sports,4.0,301.51,1206.04,2023-11-16,Central
ORD-003119,Sneakers,Clothing,3.0,1806.6,5419.8,2024-11-18,North
ORD-003120,Sunglasses,Clothing,2.0,723.86,1447.72,2024-01-14,South
ORD-003121,Python Programming,Books,1.0,509.35,509.35,2024-12-12,South
ORD-003122,USB-C Cable,Electronics,2.0,214.04,428.08,2023-06-15,North
ORD-003123,Sneakers,Clothing,2.0,1758.51,3517.02,2024-12-18,West
ORD-003124,Denim Jeans,Clothing,3.0,1308.52,3925.56,2023-12-28,North
ORD-003125,Jump Rope,Sports,3.0,304.88,914.64,2023-01-05,South
ORD-003126,Laptop Stand,Electronics,1.0,1044.66,1044.66,2023-08-05,East
ORD-003127,Gym Gloves,Sports,3.0,527.48,1582.44,2024-08-05,East
ORD-003128,Laptop Stand,Electronics,1.0,1168.91,1168.91,2024-07-23,West
ORD-003129,Desk Lamp,Home & Kitchen,2.0,654.4,1308.8,2024-05-05,East
ORD-003130,Denim Jeans,Clothing,2.0,1341.34,2682.68,2024-07-14,North
ORD-003131,Jump Rope,Sports,1.0,278.92,278.92,2023-06-26,Central
ORD-003132,Non-Stick Pan,Home & Kitchen,2.0,802.34,1604.68,2024-11-04,North
ORD-003133,Machine Learning,Books,1.0,912.81,912.81,2023-01-02,East
ORD-003134,Cricket Bat,Sports,1.0,1714.58,1714.58,2024-10-02,North
ORD-003135,Cotton T-Shirt,Clothing,2.0,465.88,931.76,2023-09-16,Central
ORD-003136,Running Shoes,Clothing,1.0,2173.66,2173.66,2024-06-21,Central
ORD-003137,Desk Lamp,Home & Kitchen,3.0,531.89,1595.67,2024-12-18,East
ORD-003138,HD Webcam,Electronics,1.0,1372.32,1372.32,2023-02-06,South
ORD-003139,Winter Jacket,Clothing,1.0,3434.87,3434.87,2023-05-15,South
ORD-003140,Denim Jeans,Clothing,1.0,1179.74,1179.74,2023-09-07,Central
ORD-003141,Denim Jeans,Clothing,2.0,1122.48,2244.96,2024-03-03,South
ORD-003142,Cotton T-Shirt,Clothing,3.0,432.75,1298.25,2024-11-29,West
ORD-003143,Football,Sports,1.0,764.45,764.45,2024-03-26,Central
ORD-003144,Bluetooth Speaker,Electronics,2.0,1899.24,3798.48,2023-05-16,West
ORD-003145,Dumbbells Set,Sports,1.0,2733.62,2733.62,2024-03-01,Central
ORD-003146,Headphones,Electronics,2.0,1548.65,3097.3,2023-11-02,Central
ORD-003147,Winter Jacket,Clothing,1.0,3004.77,3004.77,2023-05-03,North
ORD-003148,Resistance Bands,Sports,2.0,386.06,772.12,2023-03-10,North
ORD-003149,Bluetooth Speaker,Electronics,1.0,1537.56,1537.56,2023-05-02,North
ORD-003150,AI Foundations,Books,1.0,1121.1,1121.1,2024-03-03,East
ORD-003151,Laptop Stand,Electronics,1.0,1241.85,1241.85,2023-08-28,North
ORD-003152,Water Bottle Sport,Sports,2.0,328.39,656.78,2024-01-06,South
ORD-003153,Storage Containers,Home & Kitchen,5.0,397.72,1988.6,2024-11-02,South
ORD-003154,Formal Shirt,Clothing,3.0,957.6,2872.8,2024-09-11,East
ORD-003155,Non-Stick Pan,Home & Kitchen,2.0,769.5,1539.0,2023-11-06,East
ORD-003156,Running Shoes,Clothing,1.0,2785.43,2785.43,2024-01-30,North
ORD-003157,Air Purifier,Home & Kitchen,1.0,4865.43,4865.43,2023-09-19,North
ORD-003158,Blender,Home & Kitchen,1.0,1671.92,1671.92,2023-09-30,East
ORD-003159,Yoga Mat,Sports,4.0,1020.13,4080.52,2024-06-30,East
ORD-003160,Dumbbells Set,Sports,2.0,2234.74,4469.48,2024-09-29,North
ORD-003161,Coffee Maker,Home & Kitchen,1.0,2635.97,2635.97,2024-11-04,South
ORD-003162,Sports Shorts,Clothing,1.0,745.17,745.17,2023-09-03,Central
ORD-003163,Towel Set,Home & Kitchen,3.0,628.96,1886.88,2023-07-11,South
ORD-003164,Winter Jacket,Clothing,1.0,3186.51,3186.51,2023-09-09,West
ORD-003165,Denim Jeans,Clothing,1.0,1246.72,1246.72,2023-03-22,West
ORD-003166,Statistics Book,Books,2.0,691.59,1383.18,2023-01-29,South
ORD-003167,Statistics Book,Books,3.0,603.94,1811.82,2024-12-07,South
ORD-003168,Statistics Book,Books,1.0,691.94,691.94,2024-08-23,Central
ORD-003169,Desk Lamp,Home & Kitchen,3.0,587.6,1762.8,2024-01-05,East
ORD-003170,Water Bottle,Home & Kitchen,2.0,307.49,614.98,2024-01-31,East
ORD-003171,Laptop Stand,Electronics,1.0,976.74,976.74,2023-08-02,North
ORD-003172,Blender,Home & Kitchen,1.0,2131.58,2131.58,2023-01-23,East
ORD-003173,Resistance Bands,Sports,1.0,380.05,380.05,2024-06-04,West
ORD-003174,Cricket Bat,Sports,1.0,1441.09,1441.09,2023-11-27,South
ORD-003175,Towel Set,Home & Kitchen,1.0,674.95,674.95,2023-07-06,North
ORD-003176,Air Purifier,Home & Kitchen,1.0,5325.04,5325.04,2023-09-03,Central
ORD-003177,Air Purifier,Home & Kitchen,1.0,5469.36,5469.36,2024-01-30,North
ORD-003178,Desk Lamp,Home & Kitchen,3.0,537.44,1612.32,2023-09-11,South
ORD-003179,Power Bank 10000mAh,Electronics,2.0,821.73,1643.46,2023-11-21,West
ORD-003180,Statistics Book,Books,3.0,640.8,1922.4,2023-08-14,North
ORD-003181,Wireless Mouse,Electronics,2.0,481.17,962.34,2024-06-30,East
ORD-003182,Gym Gloves,Sports,1.0,442.15,442.15,2023-06-21,South
ORD-003183,Jump Rope,Sports,1.0,304.11,304.11,2023-04-05,South
ORD-003184,Sports Shorts,Clothing,3.0,782.1,2346.3,2024-11-04,South
ORD-003185,Jump Rope,Sports,3.0,315.17,945.51,2023-09-23,Central
ORD-003186,Python Programming,Books,1.0,624.66,624.66,2023-04-26,North
ORD-003187,Laptop Stand,Electronics,1.0,1205.72,1205.72,2023-12-16,North
ORD-003188,Cloud Computing,Books,1.0,733.27,733.27,2024-04-08,West
ORD-003189,Web Development,Books,3.0,617.53,1852.59,2023-07-19,Central
ORD-003190,USB-C Cable,Electronics,2.0,224.82,449.64,2023-06-06,North
ORD-003191,Blender,Home & Kitchen,1.0,2174.78,2174.78,2024-10-26,North
ORD-003192,Sunglasses,Clothing,3.0,709.84,2129.52,2024-11-29,South
ORD-003193,Towel Set,Home & Kitchen,2.0,544.17,1088.34,2024-11-09,South
ORD-003194,Resistance Bands,Sports,2.0,422.02,844.04,2023-08-21,North
ORD-003195,Sneakers,Clothing,5.0,2115.42,10577.1,2024-06-25,East
ORD-003196,Cotton T-Shirt,Clothing,1.0,480.75,480.75,2023-07-23,South
ORD-003197,Sneakers,Clothing,2.0,1715.22,3430.44,2023-06-30,West
ORD-003198,Jump Rope,Sports,3.0,318.66,955.98,2023-09-10,Central
ORD-003199,Desk Lamp,Home & Kitchen,1.0,536.24,536.24,2023-08-29,West
ORD-003200,Web Development,Books,2.0,781.54,1563.08,2024-12-17,East
ORD-003201,Cotton T-Shirt,Clothing,1.0,495.06,495.06,2023-10-22,West
ORD-003202,Sports Shorts,Clothing,2.0,682.9,1365.8,2023-08-19,North
ORD-003203,Non-Stick Pan,Home & Kitchen,1.0,896.65,896.65,2024-04-25,East
ORD-003204,Python Programming,Books,2.0,618.25,1236.5,2024-06-07,West
ORD-003205,HD Webcam,Electronics,2.0,1055.52,2111.04,2023-07-24,East
ORD-003206,Sneakers,Clothing,3.0,2206.09,6618.27,2023-04-13,West
ORD-003207,Football,Sports,2.0,830.67,1661.34,2024-07-25,North
ORD-003208,Headphones,Electronics,1.0,1558.62,1558.62,2024-11-13,Central
ORD-003209,Storage Containers,Home & Kitchen,4.0,330.61,1322.44,2024-02-17,West
ORD-003210,Running Shoes,Clothing,2.0,2846.99,5693.98,2023-08-03,Central
ORD-003211,Running Shoes,Clothing,2.0,2505.27,5010.54,2023-06-15,West
ORD-003212,Resistance Bands,Sports,1.0,380.58,380.58,2023-09-17,Central
ORD-003213,Cricket Bat,Sports,3.0,1558.06,4674.18,2024-11-11,North
ORD-003214,Water Bottle,Home & Kitchen,2.0,327.8,655.6,2023-02-28,East
ORD-003215,Desk Lamp,Home & Kitchen,4.0,670.92,2683.68,2024-01-16,North
ORD-003216,Web Development,Books,1.0,618.21,618.21,2023-03-10,North
ORD-003217,Cloud Computing,Books,1.0,689.75,689.75,2023-10-10,East
ORD-003218,Desk Lamp,Home & Kitchen,2.0,647.91,1295.82,2024-07-26,West
ORD-003219,Air Purifier,Home & Kitchen,1.0,4356.73,4356.73,2023-01-14,West
ORD-003220,Sneakers,Clothing,1.0,2169.64,2169.64,2024-11-07,West
ORD-003221,Sunglasses,Clothing,2.0,694.31,1388.62,2024-11-03,West
ORD-003222,Python Programming,Books,4.0,611.34,2445.36,2024-01-06,West
ORD-003223,USB-C Cable,Electronics,1.0,212.16,212.16,2023-03-30,North
ORD-003224,Gym Gloves,Sports,4.0,426.68,1706.72,2023-12-04,Central
ORD-003225,Laptop Stand,Electronics,1.0,1130.01,1130.01,2024-08-29,East
ORD-003226,AI Foundations,Books,1.0,1089.94,1089.94,2023-07-09,West
ORD-003227,Power Bank 10000mAh,Electronics,1.0,806.84,806.84,2023-06-22,North
ORD-003228,Jump Rope,Sports,5.0,313.5,1567.5,2023-04-09,North
ORD-003229,Bluetooth Speaker,Electronics,1.0,1916.88,1916.88,2024-08-08,Central
ORD-003230,Water Bottle Sport,Sports,6.0,364.42,2186.52,2024-04-18,South
ORD-003231,Jump Rope,Sports,1.0,292.39,292.39,2023-08-09,Central
ORD-003232,Denim Jeans,Clothing,3.0,1176.39,3529.17,2024-09-08,South
ORD-003233,Python Programming,Books,2.0,634.12,1268.24,2024-04-16,Central
ORD-003234,Jump Rope,Sports,2.0,285.76,571.52,2024-10-26,West
ORD-003235,Formal Shirt,Clothing,2.0,788.88,1577.76,2023-07-27,West
ORD-003236,Storage Containers,Home & Kitchen,2.0,350.31,700.62,2023-07-12,West
ORD-003237,Gym Gloves,Sports,1.0,445.82,445.82,2023-07-06,North
ORD-003238,Dumbbells Set,Sports,3.0,2704.86,8114.58,2023-12-27,East
ORD-003239,SQL Handbook,Books,2.0,492.43,984.86,2023-10-17,Central
ORD-003240,Python Programming,Books,4.0,534.36,2137.44,2024-12-29,Central
ORD-003241,Statistics Book,Books,4.0,681.2,2724.8,2023-11-10,South
ORD-003242,SQL Handbook,Books,2.0,491.54,983.08,2024-08-09,South
ORD-003243,Laptop Stand,Electronics,1.0,1049.69,1049.69,2023-07-26,West
ORD-003244,Power Bank 10000mAh,Electronics,5.0,873.84,4369.2,2023-12-05,South
ORD-003245,Sunglasses,Clothing,2.0,856.32,1712.64,2023-07-23,Central
ORD-003246,Water Bottle Sport,Sports,4.0,345.27,1381.08,2024-09-23,North
ORD-003247,Gym Gloves,Sports,1.0,481.06,481.06,2023-05-21,South
ORD-003248,USB-C Cable,Electronics,1.0,169.63,169.63,2024-08-30,South
ORD-003249,HD Webcam,Electronics,1.0,1168.87,1168.87,2024-06-25,North
ORD-003250,Desk Lamp,Home & Kitchen,1.0,619.5,619.5,2023-03-22,Central
ORD-003251,Gym Gloves,Sports,2.0,562.26,1124.52,2024-09-18,South
ORD-003252,Web Development,Books,6.0,752.2,4513.2,2023-11-02,Central
ORD-003253,Desk Lamp,Home & Kitchen,1.0,650.32,650.32,2023-11-11,West
ORD-003254,Coffee Maker,Home & Kitchen,1.0,2576.58,2576.58,2024-02-10,North
ORD-003255,Football,Sports,4.0,741.11,2964.44,2024-12-23,East
ORD-003256,Desk Lamp,Home & Kitchen,2.0,666.76,1333.52,2024-08-11,South
ORD-003257,Cricket Bat,Sports,1.0,1540.97,1540.97,2023-05-30,East
ORD-003258,Sunglasses,Clothing,1.0,,839.51,2023-08-12,East
ORD-003259,Resistance Bands,Sports,4.0,351.55,1406.2,2023-04-13,North
ORD-003260,Jump Rope,Sports,2.0,269.7,539.4,2023-05-13,Central
ORD-003261,Headphones,Electronics,3.0,1658.23,4974.69,2023-12-01,South
ORD-003262,Water Bottle,Home & Kitchen,1.0,325.94,325.94,2024-01-15,North
ORD-003263,Cotton T-Shirt,Clothing,1.0,469.33,469.33,2023-09-08,East
ORD-003264,Water Bottle,Home & Kitchen,1.0,308.95,308.95,2023-03-07,East
ORD-003265,HD Webcam,Electronics,1.0,1300.36,1300.36,2023-12-31,North
ORD-003266,AI Foundations,Books,1.0,1007.62,1007.62,2024-02-07,East
ORD-003267,Sports Shorts,Clothing,2.0,736.23,1472.46,2024-08-19,East
ORD-003268,Laptop Stand,Electronics,1.0,1136.13,1136.13,2023-03-22,Central
ORD-003269,Blender,Home & Kitchen,1.0,1761.92,1761.92,2024-07-19,South
ORD-003270,Web Development,Books,1.0,790.12,790.12,2023-03-28,East
ORD-003271,Bluetooth Speaker,Electronics,2.0,1632.87,3265.74,2023-10-31,South
ORD-003272,Cotton T-Shirt,Clothing,4.0,492.64,1970.56,2023-09-12,North
ORD-003273,Web Development,Books,2.0,657.32,1314.64,2024-11-02,West
ORD-003274,Water Bottle Sport,Sports,1.0,367.3,367.3,2024-05-31,West
ORD-003275,Yoga Mat,Sports,2.0,1007.31,2014.62,2023-02-03,
ORD-003276,Air Purifier,Home & Kitchen,1.0,4821.18,4821.18,2024-08-05,East
ORD-003277,HD Webcam,Electronics,1.0,1258.56,1258.56,2024-10-31,East
ORD-003278,Coffee Maker,Home & Kitchen,1.0,2869.01,2869.01,2024-04-21,South
ORD-003279,Non-Stick Pan,Home & Kitchen,4.0,869.46,3477.84,2023-06-08,West
ORD-003280,HD Webcam,Electronics,1.0,1239.42,1239.42,2023-06-15,South
ORD-003281,AI Foundations,Books,1.0,950.08,950.08,2023-07-05,Central
ORD-003282,Winter Jacket,Clothing,2.0,4017.57,8035.14,2023-07-25,East
ORD-003283,Cotton T-Shirt,Clothing,1.0,473.58,473.58,2023-05-20,East
ORD-003284,Bluetooth Speaker,Electronics,1.0,1654.05,1654.05,2023-07-29,North
ORD-003285,Water Bottle,Home & Kitchen,5.0,320.0,1600.0,2024-04-24,North
ORD-003286,Cloud Computing,Books,1.0,639.06,639.06,2024-01-09,Central
ORD-003287,Sunglasses,Clothing,1.0,859.14,859.14,2024-09-16,South
ORD-003288,HD Webcam,Electronics,1.0,1095.82,1095.82,2023-10-12,North
ORD-003289,Winter Jacket,Clothing,2.0,3245.3,6490.6,2024-08-18,East
ORD-003290,Cotton T-Shirt,Clothing,5.0,561.56,2807.8,2023-08-10,West
ORD-003291,HD Webcam,Electronics,1.0,1044.52,1044.52,2024-07-07,Central
ORD-003292,Yoga Mat,Sports,1.0,808.12,808.12,2023-04-04,North
ORD-003293,Formal Shirt,Clothing,3.0,779.92,2339.76,2023-02-23,West
ORD-003294,SQL Handbook,Books,5.0,493.4,2467.0,2024-11-07,West
ORD-003295,Headphones,Electronics,2.0,1497.84,2995.68,2024-10-19,West
ORD-003296,Data Science Guide,Books,2.0,823.14,1646.28,2024-09-29,Central
ORD-003297,Non-Stick Pan,Home & Kitchen,3.0,808.98,2426.94,2024-01-31,East
ORD-003298,Machine Learning,Books,2.0,804.16,1608.32,2024-11-24,East
ORD-003299,HD Webcam,Electronics,1.0,1034.44,1034.44,2023-06-09,Central
ORD-003300,Water Bottle,Home & Kitchen,3.0,279.42,838.26,2024-02-08,South
ORD-003301,Cricket Bat,Sports,2.0,1556.2,3112.4,2023-09-11,East
ORD-003302,HD Webcam,Electronics,1.0,1050.94,1050.94,2023-04-13,North
ORD-003303,Jump Rope,Sports,4.0,316.66,1266.64,2024-06-09,Central
ORD-003304,Water Bottle Sport,Sports,5.0,392.59,1962.95,2024-09-20,Central
ORD-003305,Headphones,Electronics,5.0,1493.13,7465.65,2023-02-20,West
ORD-003306,Running Shoes,Clothing,2.0,2852.58,5705.16,2023-12-27,East
ORD-003307,Air Purifier,Home & Kitchen,1.0,5577.51,5577.51,2024-09-04,West
ORD-003308,Data Science Guide,Books,2.0,896.15,1792.3,2023-06-26,Central
ORD-003309,Desk Lamp,Home & Kitchen,2.0,541.82,1083.64,2023-08-14,North
ORD-003310,Air Purifier,Home & Kitchen,1.0,4513.32,4513.32,2023-05-28,
ORD-003311,Water Bottle,Home & Kitchen,4.0,320.53,1282.12,2023-07-16,North
ORD-003312,Football,Sports,2.0,749.72,1499.44,2023-07-27,South
ORD-003313,Power Bank 10000mAh,Electronics,1.0,898.76,898.76,2024-05-29,East
ORD-003314,Non-Stick Pan,Home & Kitchen,1.0,871.97,871.97,2023-10-05,North
ORD-003315,Water Bottle,Home & Kitchen,4.0,260.55,1042.2,2024-06-03,West
ORD-003316,Desk Lamp,Home & Kitchen,7.0,555.4,3887.8,2024-11-29,West
ORD-003317,Sneakers,Clothing,1.0,1824.61,1824.61,2024-03-13,Central
ORD-003318,Gym Gloves,Sports,2.0,451.84,903.68,2024-02-29,Central
ORD-003319,AI Foundations,Books,1.0,956.65,956.65,2023-06-24,North
ORD-003320,Data Science Guide,Books,1.0,699.22,699.22,2024-02-13,West
ORD-003321,Cotton T-Shirt,Clothing,3.0,532.7,1598.1,2024-10-31,North
ORD-003322,Resistance Bands,Sports,1.0,449.76,449.76,2023-04-30,Central
ORD-003323,Web Development,Books,1.0,660.78,660.78,2023-02-13,West
ORD-003324,Water Bottle Sport,Sports,4.0,345.15,1380.6,2023-08-27,West
ORD-003325,Sneakers,Clothing,3.0,2132.57,6397.71,2023-06-26,West
ORD-003326,Cotton T-Shirt,Clothing,3.0,474.33,1422.99,2024-03-17,South
ORD-003327,Yoga Mat,Sports,5.0,855.75,4278.75,2024-10-23,North
ORD-003328,Bluetooth Speaker,Electronics,3.0,1989.72,5969.16,2024-11-01,North
ORD-003329,Football,Sports,6.0,694.55,4167.3,2024-12-22,West
ORD-003330,Running Shoes,Clothing,1.0,2253.77,2253.77,2023-04-07,North
ORD-003331,Coffee Maker,Home & Kitchen,1.0,2239.34,2239.34,2024-12-29,South
ORD-003332,Cloud Computing,Books,2.0,638.55,1277.1,2024-02-16,West
ORD-003333,USB-C Cable,Electronics,1.0,172.64,172.64,2023-09-26,South
ORD-003334,Air Purifier,Home & Kitchen,1.0,5440.83,5440.83,2024-11-20,North
ORD-003335,Jump Rope,Sports,5.0,297.25,1486.25,2024-03-28,West
ORD-003336,Gym Gloves,Sports,1.0,466.33,466.33,2024-02-02,Central
ORD-003337,Coffee Maker,Home & Kitchen,1.0,2221.09,2221.09,2024-09-02,
ORD-003338,Denim Jeans,Clothing,2.0,1466.63,2933.26,2024-09-17,West
ORD-003339,Denim Jeans,Clothing,1.0,1223.26,1223.26,2023-07-17,North
ORD-003340,Air Purifier,Home & Kitchen,1.0,4574.52,4574.52,2024-09-18,Central
ORD-003341,Towel Set,Home & Kitchen,3.0,611.28,1833.84,2024-06-07,Central
ORD-003342,USB Keyboard,Electronics,3.0,639.57,1918.71,2024-04-27,West
ORD-003343,SQL Handbook,Books,1.0,438.6,438.6,2024-08-12,North
ORD-003344,Denim Jeans,Clothing,1.0,1189.63,1189.63,2024-07-16,South
ORD-003345,Python Programming,Books,4.0,636.06,2544.24,2024-12-05,North
ORD-003346,Desk Lamp,Home & Kitchen,1.0,543.9,543.9,2023-06-15,South
ORD-003347,Wireless Mouse,Electronics,2.0,426.6,853.2,2023-11-26,North
ORD-003348,Winter Jacket,Clothing,1.0,3955.95,3955.95,2024-07-17,
ORD-003349,Sneakers,Clothing,2.0,2165.93,4331.86,2024-09-22,West
ORD-003350,Wireless Mouse,Electronics,1.0,476.66,476.66,2024-04-06,North
ORD-003351,Statistics Book,Books,1.0,586.17,586.17,2023-09-07,East
ORD-003352,Sneakers,Clothing,2.0,2274.71,4549.42,2024-11-20,North
ORD-003353,Statistics Book,Books,1.0,675.28,675.28,2023-03-27,Central
ORD-003354,Water Bottle Sport,Sports,2.0,307.62,615.24,2023-07-01,South
ORD-003355,Coffee Maker,Home & Kitchen,1.0,2266.5,2266.5,2023-01-01,West
ORD-003356,Winter Jacket,Clothing,1.0,3134.08,3134.08,2023-08-20,West
ORD-003357,Football,Sports,3.0,789.67,2369.01,2023-12-24,East
ORD-003358,Headphones,Electronics,5.0,1618.91,8094.55,2023-11-30,Central
ORD-003359,Laptop Stand,Electronics,1.0,966.34,966.34,2024-05-08,North
ORD-003360,Air Purifier,Home & Kitchen,1.0,5650.37,5650.37,2023-01-07,East
ORD-003361,Desk Lamp,Home & Kitchen,6.0,593.09,3558.54,2023-03-18,South
ORD-003362,Data Science Guide,Books,1.0,845.69,845.69,2024-04-16,South
ORD-003363,Water Bottle Sport,Sports,3.0,364.0,1092.0,2024-08-16,East
ORD-003364,Blender,Home & Kitchen,1.0,2032.55,2032.55,2024-11-07,North
ORD-003365,Sneakers,Clothing,1.0,2270.87,2270.87,2024-01-21,South
ORD-003366,Machine Learning,Books,1.0,919.16,919.16,2024-09-18,North
ORD-003367,Towel Set,Home & Kitchen,2.0,600.3,1200.6,2023-07-29,East
ORD-003368,Sports Shorts,Clothing,1.0,651.36,651.36,2023-11-30,South
ORD-003369,Headphones,Electronics,4.0,1535.7,6142.8,2023-11-02,East
ORD-003370,SQL Handbook,Books,3.0,538.65,1615.95,2024-10-04,South
ORD-003371,Resistance Bands,Sports,3.0,407.87,1223.61,2023-03-06,South
ORD-003372,Wireless Mouse,Electronics,4.0,444.23,1776.92,2024-07-20,West
ORD-003373,SQL Handbook,Books,1.0,516.64,516.64,2024-07-26,East
ORD-003374,SQL Handbook,Books,3.0,453.12,1359.36,2023-03-19,East
ORD-003375,Resistance Bands,Sports,4.0,368.18,1472.72,2023-04-26,West
ORD-003376,Gym Gloves,Sports,5.0,511.2,2556.0,2023-07-31,West
ORD-003377,Laptop Stand,Electronics,1.0,1111.12,1111.12,2023-10-27,South
ORD-003378,Non-Stick Pan,Home & Kitchen,1.0,832.56,832.56,2024-09-11,West
ORD-003379,USB-C Cable,Electronics,1.0,222.14,222.14,2023-06-25,North
ORD-003380,Machine Learning,Books,1.0,872.09,872.09,2024-04-14,East
ORD-003381,Wireless Mouse,Electronics,4.0,454.68,1818.72,2024-07-11,South
ORD-003382,Dumbbells Set,Sports,1.0,2781.83,2781.83,2023-08-15,East
ORD-003383,Cotton T-Shirt,Clothing,7.0,523.96,3667.72,2023-12-04,East
ORD-003384,Sunglasses,Clothing,1.0,857.37,857.37,2023-09-26,North
ORD-003385,Water Bottle,Home & Kitchen,1.0,337.16,337.16,2023-08-31,South
ORD-003386,Non-Stick Pan,Home & Kitchen,1.0,690.16,690.16,2023-02-18,South
ORD-003387,Statistics Book,Books,2.0,720.93,1441.86,2023-04-15,East
ORD-003388,Cotton T-Shirt,Clothing,1.0,438.68,438.68,2024-01-02,South
ORD-003389,Football,Sports,1.0,838.54,838.54,2024-03-24,Central
ORD-003390,Water Bottle,Home & Kitchen,4.0,299.24,1196.96,2024-04-04,East
ORD-003391,USB Keyboard,Electronics,1.0,633.32,633.32,2024-06-27,West
ORD-003392,Wireless Mouse,Electronics,2.0,410.05,820.1,2023-04-26,South
ORD-003393,Wireless Mouse,Electronics,2.0,422.41,844.82,2023-08-25,Central
ORD-003394,Air Purifier,Home & Kitchen,1.0,4314.04,4314.04,2024-09-07,East
ORD-003395,Water Bottle,Home & Kitchen,2.0,290.11,580.22,2024-07-26,Central
ORD-003396,Formal Shirt,Clothing,3.0,976.51,2929.53,2023-02-09,North
ORD-003397,Blender,Home & Kitchen,1.0,2111.07,2111.07,2024-09-17,North
ORD-003398,Machine Learning,Books,1.0,812.91,812.91,2023-07-08,East
ORD-003399,Desk Lamp,Home & Kitchen,1.0,625.51,625.51,2023-08-09,South
ORD-003400,Power Bank 10000mAh,Electronics,1.0,1007.09,1007.09,2024-05-25,South
ORD-003401,Blender,Home & Kitchen,2.0,1956.42,3912.84,2024-01-17,South
ORD-003402,Bluetooth Speaker,Electronics,1.0,1533.3,1533.3,2024-07-01,West
ORD-003403,Formal Shirt,Clothing,5.0,822.99,4114.95,2023-12-08,North
ORD-003404,Yoga Mat,Sports,4.0,870.52,3482.08,2023-01-04,West
ORD-003405,USB Keyboard,Electronics,2.0,704.37,1408.74,2024-04-28,North
ORD-003406,Cloud Computing,Books,1.0,697.48,697.48,2023-06-10,West
ORD-003407,Sports Shorts,Clothing,2.0,735.72,1471.44,2024-07-23,East
ORD-003408,Running Shoes,Clothing,1.0,2251.83,2251.83,2024-08-21,West
ORD-003409,Sports Shorts,Clothing,2.0,799.13,1598.26,2023-04-14,South
ORD-003410,Coffee Maker,Home & Kitchen,1.0,2376.04,2376.04,2024-04-04,North
ORD-003411,USB-C Cable,Electronics,2.0,184.57,369.14,2023-11-12,East
ORD-003412,Towel Set,Home & Kitchen,1.0,623.91,623.91,2023-08-24,South
ORD-003413,Formal Shirt,Clothing,3.0,961.52,2884.56,2024-03-24,Central
ORD-003414,Coffee Maker,Home & Kitchen,1.0,2559.41,2559.41,2024-04-17,West
ORD-003415,Jump Rope,Sports,2.0,330.16,660.32,2023-07-24,East
ORD-003416,USB-C Cable,Electronics,2.0,201.05,402.1,2023-08-25,North
ORD-003417,Bluetooth Speaker,Electronics,2.0,1955.26,3910.52,2024-03-07,West
ORD-003418,Running Shoes,Clothing,1.0,2508.73,2508.73,2024-03-13,East
ORD-003419,Denim Jeans,Clothing,7.0,1291.17,9038.19,2023-12-28,East
ORD-003420,Power Bank 10000mAh,Electronics,3.0,849.37,2548.11,2024-07-22,North
ORD-003421,Denim Jeans,Clothing,5.0,1263.38,6316.9,2024-03-31,West
ORD-003422,Sports Shorts,Clothing,1.0,763.12,763.12,2023-08-20,East
ORD-003423,USB Keyboard,Electronics,2.0,645.78,1291.56,2023-12-31,South
ORD-003424,Cloud Computing,Books,2.0,736.12,1472.24,2023-03-31,South
ORD-003425,Sneakers,Clothing,1.0,2291.02,2291.02,2024-08-25,North
ORD-003426,Machine Learning,Books,1.0,833.45,833.45,2024-08-24,South
ORD-003427,SQL Handbook,Books,2.0,512.11,1024.22,2023-12-16,East
ORD-003428,Wireless Mouse,Electronics,1.0,462.9,462.9,2023-04-25,South
ORD-003429,Cotton T-Shirt,Clothing,5.0,548.8,2744.0,2024-06-28,West
ORD-003430,Air Purifier,Home & Kitchen,1.0,5059.44,5059.44,2023-04-08,South
ORD-003431,Resistance Bands,Sports,3.0,374.44,1123.32,2023-10-22,South
ORD-003432,Resistance Bands,Sports,1.0,446.99,446.99,2024-09-26,West
ORD-003433,AI Foundations,Books,1.0,1122.13,1122.13,2024-03-24,South
ORD-003434,AI Foundations,Books,1.0,953.6,953.6,2024-10-12,
ORD-003435,Dumbbells Set,Sports,1.0,2231.7,2231.7,2024-08-29,South
ORD-003436,Jump Rope,Sports,1.0,334.63,334.63,2024-07-05,West
ORD-003437,HD Webcam,Electronics,1.0,1087.51,1087.51,2023-11-03,East
ORD-003438,Data Science Guide,Books,2.0,757.81,1515.62,2024-04-18,East
ORD-003439,Storage Containers,Home & Kitchen,5.0,379.35,1896.75,2023-12-03,West
ORD-003440,Sneakers,Clothing,2.0,1795.03,3590.06,2024-05-23,Central
ORD-003441,Dumbbells Set,Sports,2.0,2287.31,4574.62,2023-03-26,North
ORD-003442,Gym Gloves,Sports,3.0,,1323.69,2024-03-20,North
ORD-003443,Sunglasses,Clothing,3.0,905.73,2717.19,2024-07-05,South
ORD-003444,Wireless Mouse,Electronics,1.0,499.47,499.47,2024-09-24,West
ORD-003445,Cricket Bat,Sports,1.0,1533.67,1533.67,2023-04-18,South
ORD-003446,Sneakers,Clothing,1.0,1831.69,1831.69,2024-03-09,West
ORD-003447,USB-C Cable,Electronics,1.0,170.38,170.38,2024-05-31,West
ORD-003448,USB-C Cable,Electronics,1.0,192.71,192.71,2023-07-19,West
ORD-003449,USB Keyboard,Electronics,2.0,666.48,1332.96,2024-08-12,North
ORD-003450,Cricket Bat,Sports,3.0,1412.38,4237.14,2024-08-10,West
ORD-003451,Blender,Home & Kitchen,1.0,1857.18,1857.18,2023-05-05,East
ORD-003452,Gym Gloves,Sports,4.0,552.23,2208.92,2024-07-01,West
ORD-003453,Power Bank 10000mAh,Electronics,3.0,800.73,2402.19,2023-12-02,North
ORD-003454,Web Development,Books,4.0,666.13,2664.52,2024-02-15,West
ORD-003455,Jump Rope,Sports,1.0,290.21,290.21,2023-07-30,Central
ORD-003456,Bluetooth Speaker,Electronics,1.0,1919.14,1919.14,2024-12-07,South
ORD-003457,Winter Jacket,Clothing,1.0,3623.58,3623.58,2023-12-28,West
ORD-003458,Blender,Home & Kitchen,1.0,1974.7,1974.7,2024-03-16,South
ORD-003459,Denim Jeans,Clothing,2.0,1254.51,2509.02,2024-10-28,South
ORD-003460,Jump Rope,Sports,1.0,285.25,285.25,2024-08-04,Central
ORD-003461,Laptop Stand,Electronics,1.0,1250.65,1250.65,2023-10-25,East
ORD-003462,Winter Jacket,Clothing,1.0,3453.8,3453.8,2024-04-27,Central
ORD-003463,Water Bottle Sport,Sports,3.0,297.14,891.42,2024-10-27,Central
ORD-003464,Air Purifier,Home & Kitchen,1.0,5459.76,5459.76,2024-06-17,South
ORD-003465,Data Science Guide,Books,2.0,828.59,1657.18,2023-02-05,West
ORD-003466,Desk Lamp,Home & Kitchen,3.0,656.17,1968.51,2023-12-09,Central
ORD-003467,SQL Handbook,Books,2.0,568.36,1136.72,2023-02-13,North
ORD-003468,Yoga Mat,Sports,1.0,821.86,821.86,2023-05-19,South
ORD-003469,Statistics Book,Books,1.0,733.43,733.43,2023-08-02,East
ORD-003470,Power Bank 10000mAh,Electronics,1.0,837.13,837.13,2024-10-10,North
ORD-003471,Football,Sports,3.0,729.83,2189.49,2024-08-29,North
ORD-003472,Python Programming,Books,2.0,555.89,1111.78,2024-03-04,West
ORD-003473,Yoga Mat,Sports,1.0,900.53,900.53,2024-08-06,West
ORD-003474,Towel Set,Home & Kitchen,1.0,644.72,644.72,2023-10-04,South
ORD-003475,Sports Shorts,Clothing,5.0,689.29,3446.45,2024-07-04,West
ORD-003476,Headphones,Electronics,1.0,1284.57,1284.57,2023-09-30,Central
ORD-003477,Dumbbells Set,Sports,1.0,2753.26,2753.26,2023-04-19,West
ORD-003478,Bluetooth Speaker,Electronics,2.0,1848.95,3697.9,2023-11-09,West
ORD-003479,Headphones,Electronics,2.0,1474.43,2948.86,2023-07-30,West
ORD-003480,Football,Sports,1.0,747.22,747.22,2023-08-28,East
ORD-003481,Power Bank 10000mAh,Electronics,1.0,766.42,766.42,2023-04-07,North
ORD-003482,USB-C Cable,Electronics,2.0,207.17,414.34,2023-07-17,South
ORD-003483,HD Webcam,Electronics,1.0,1067.97,1067.97,2024-07-12,South
ORD-003484,Cotton T-Shirt,Clothing,1.0,551.0,551.0,2023-09-26,Central
ORD-003485,Denim Jeans,Clothing,2.0,1358.38,2716.76,2024-09-17,East
ORD-003486,Cotton T-Shirt,Clothing,2.0,434.07,868.14,2023-10-02,North
ORD-003487,SQL Handbook,Books,3.0,448.04,1344.12,2023-04-13,South
ORD-003488,Denim Jeans,Clothing,1.0,1382.62,1382.62,2023-03-02,South
ORD-003489,Running Shoes,Clothing,1.0,2473.22,2473.22,2023-10-11,East
ORD-003490,Jump Rope,Sports,4.0,342.32,1369.28,2023-06-04,Central
ORD-003491,Water Bottle Sport,Sports,3.0,335.72,1007.16,2023-07-29,
ORD-003492,Air Purifier,Home & Kitchen,1.0,4646.59,4646.59,2023-07-09,Central
ORD-003493,Running Shoes,Clothing,1.0,2524.17,2524.17,2024-03-05,East
ORD-003494,Bluetooth Speaker,Electronics,2.0,1763.08,3526.16,2023-11-09,West
ORD-003495,Cotton T-Shirt,Clothing,3.0,505.91,1517.73,2024-05-01,South
ORD-003496,Cotton T-Shirt,Clothing,3.0,428.91,1286.73,2023-06-05,South
ORD-003497,Sneakers,Clothing,2.0,1741.18,3482.36,2024-02-29,South
ORD-003498,Python Programming,Books,2.0,594.65,1189.3,2023-01-11,South
ORD-003499,USB Keyboard,Electronics,1.0,617.54,617.54,2024-05-21,West
ORD-003500,Wireless Mouse,Electronics,1.0,444.8,444.8,2024-04-17,North
ORD-003501,Headphones,Electronics,2.0,1324.12,2648.24,2023-06-25,East
ORD-003502,Python Programming,Books,2.0,522.73,1045.46,2024-06-05,South
ORD-003503,Running Shoes,Clothing,2.0,2741.62,5483.24,2023-05-03,South
ORD-003504,Water Bottle,Home & Kitchen,4.0,264.1,1056.4,2023-04-25,North
ORD-003505,Headphones,Electronics,3.0,1412.88,4238.64,2023-01-07,South
ORD-003506,Winter Jacket,Clothing,2.0,3799.76,7599.52,2023-11-05,Central
ORD-003507,Sports Shorts,Clothing,1.0,677.47,677.47,2023-05-28,North
ORD-003508,Winter Jacket,Clothing,1.0,3060.52,3060.52,2024-08-24,Central
ORD-003509,Power Bank 10000mAh,Electronics,3.0,884.46,2653.38,2023-11-09,West
ORD-003510,Sneakers,Clothing,1.0,2103.59,2103.59,2024-09-23,South
ORD-003511,Blender,Home & Kitchen,1.0,1688.52,1688.52,2023-04-07,South
ORD-003512,SQL Handbook,Books,2.0,569.46,1138.92,2024-07-24,North
ORD-003513,Blender,Home & Kitchen,1.0,1677.93,1677.93,2024-08-21,North
ORD-003514,USB Keyboard,Electronics,1.0,614.84,614.84,2024-08-11,Central
ORD-003515,Dumbbells Set,Sports,2.0,2529.36,5058.72,2023-06-24,South
ORD-003516,Water Bottle,Home & Kitchen,3.0,292.54,877.62,2023-09-19,Central
ORD-003517,Water Bottle Sport,Sports,2.0,336.37,672.74,2023-05-10,North
ORD-003518,Power Bank 10000mAh,Electronics,1.0,770.52,770.52,2023-11-16,West
ORD-003519,Data Science Guide,Books,2.0,686.95,1373.9,2024-08-01,South
ORD-003520,Cricket Bat,Sports,2.0,1293.76,2587.52,2023-03-29,
ORD-003521,Football,Sports,1.0,854.22,854.22,2024-02-07,North
ORD-003522,Sports Shorts,Clothing,2.0,650.56,1301.12,2023-08-24,South
ORD-003523,Python Programming,Books,1.0,549.4,549.4,2024-05-31,Central
ORD-003524,AI Foundations,Books,2.0,,1787.04,2023-10-08,Central
ORD-003525,Denim Jeans,Clothing,3.0,1387.4,4162.2,2023-06-20,West
ORD-003526,Cotton T-Shirt,Clothing,4.0,424.37,1697.48,2024-01-03,North
ORD-003527,Cotton T-Shirt,Clothing,,506.27,506.27,2023-03-04,South
ORD-003528,Water Bottle,Home & Kitchen,2.0,264.13,528.26,2024-04-09,North
ORD-003529,Dumbbells Set,Sports,2.0,2428.67,4857.34,2023-05-05,North
ORD-003530,Dumbbells Set,Sports,3.0,2679.96,8039.88,2024-01-29,North
ORD-003531,Running Shoes,Clothing,3.0,2824.23,8472.69,2024-12-02,West
ORD-003532,Jump Rope,Sports,2.0,254.95,509.9,2024-09-24,West
ORD-003533,Storage Containers,Home & Kitchen,5.0,396.21,1981.05,2024-07-10,Central
ORD-003534,Water Bottle Sport,Sports,2.0,337.33,674.66,2024-05-06,North
ORD-003535,Power Bank 10000mAh,Electronics,4.0,881.35,3525.4,2024-12-01,Central
ORD-003536,Sunglasses,Clothing,1.0,804.61,804.61,2023-03-26,North
ORD-003537,USB-C Cable,Electronics,1.0,199.07,199.07,2024-12-11,West
ORD-003538,Air Purifier,Home & Kitchen,1.0,4638.73,4638.73,2023-01-19,West
ORD-003539,USB Keyboard,Electronics,1.0,701.21,701.21,2024-01-07,South
ORD-003540,Python Programming,Books,1.0,678.69,678.69,2024-04-02,East
ORD-003541,Storage Containers,Home & Kitchen,6.0,325.27,1951.62,2024-08-18,South
ORD-003542,Machine Learning,Books,1.0,912.63,912.63,2023-02-24,South
ORD-003543,HD Webcam,Electronics,3.0,1347.69,4043.07,2024-12-24,West
ORD-003544,Running Shoes,Clothing,2.0,2459.07,4918.14,2024-10-30,Central
ORD-003545,Non-Stick Pan,Home & Kitchen,1.0,772.89,772.89,2023-06-02,North
ORD-003546,Coffee Maker,Home & Kitchen,1.0,2367.62,2367.62,2024-05-23,North
ORD-003547,Sports Shorts,Clothing,5.0,680.46,3402.3,2024-10-14,North
ORD-003548,Sports Shorts,Clothing,2.0,655.94,1311.88,2024-04-10,North
ORD-003549,HD Webcam,Electronics,1.0,1058.59,1058.59,2024-07-18,North
ORD-003550,Data Science Guide,Books,2.0,830.53,1661.06,2024-10-05,South
ORD-003551,Yoga Mat,Sports,3.0,1004.79,3014.37,2023-10-21,North
ORD-003552,Wireless Mouse,Electronics,1.0,412.07,412.07,2024-04-20,South
ORD-003553,Python Programming,Books,2.0,610.06,1220.12,2023-02-25,East
ORD-003554,Data Science Guide,Books,2.0,889.84,1779.68,2023-01-31,Central
ORD-003555,Running Shoes,Clothing,3.0,2817.8,8453.4,2024-08-04,South
ORD-003556,Coffee Maker,Home & Kitchen,1.0,2802.22,2802.22,2023-05-09,Central
ORD-003557,Non-Stick Pan,Home & Kitchen,2.0,783.47,1566.94,2024-05-24,South
ORD-003558,Storage Containers,Home & Kitchen,4.0,398.28,1593.12,2024-01-26,South
ORD-003559,Running Shoes,Clothing,2.0,2288.16,4576.32,2024-03-26,West
ORD-003560,Python Programming,Books,1.0,568.97,568.97,2023-04-20,North
ORD-003561,Web Development,Books,2.0,625.37,1250.74,2023-11-13,North
ORD-003562,Water Bottle Sport,Sports,5.0,339.56,1697.8,2023-03-27,North
ORD-003563,Coffee Maker,Home & Kitchen,1.0,2468.15,2468.15,2024-11-26,Central
ORD-003564,Cloud Computing,Books,1.0,827.04,827.04,2023-01-04,West
ORD-003565,AI Foundations,Books,1.0,1134.68,1134.68,2024-12-16,Central
ORD-003566,Coffee Maker,Home & Kitchen,1.0,2786.79,2786.79,2024-09-28,South
ORD-003567,Jump Rope,Sports,2.0,278.33,556.66,2024-06-06,East
ORD-003568,Cloud Computing,Books,1.0,766.57,766.57,2023-03-24,West
ORD-003569,Non-Stick Pan,Home & Kitchen,2.0,902.71,1805.42,2023-02-07,West
ORD-003570,Towel Set,Home & Kitchen,4.0,531.71,2126.84,2023-11-05,South
ORD-003571,Desk Lamp,Home & Kitchen,3.0,639.62,1918.86,2023-11-11,Central
ORD-003572,Machine Learning,Books,1.0,854.84,854.84,2023-04-24,West
ORD-003573,Blender,Home & Kitchen,1.0,1941.63,1941.63,2023-06-17,North
ORD-003574,SQL Handbook,Books,3.0,437.31,1311.93,2023-10-17,North
ORD-003575,Jump Rope,Sports,3.0,261.35,784.05,2023-07-20,North
ORD-003576,Cotton T-Shirt,Clothing,1.0,470.07,470.07,2024-11-15,South
ORD-003577,Resistance Bands,Sports,1.0,399.32,399.32,2024-05-27,North
ORD-003578,Power Bank 10000mAh,Electronics,3.0,908.94,2726.82,2024-08-23,Central
ORD-003579,SQL Handbook,Books,1.0,438.87,438.87,2023-01-19,North
ORD-003580,HD Webcam,Electronics,1.0,1336.14,1336.14,2023-04-04,South
ORD-003581,Coffee Maker,Home & Kitchen,1.0,2146.12,2146.12,2023-07-10,West
ORD-003582,Power Bank 10000mAh,Electronics,3.0,906.52,2719.56,2024-09-17,North
ORD-003583,Sunglasses,Clothing,1.0,854.13,854.13,2023-05-26,Central
ORD-003584,Python Programming,Books,1.0,520.38,520.38,2023-03-01,West
ORD-003585,Headphones,Electronics,1.0,1555.3,1555.3,2024-07-17,Central
ORD-003586,USB Keyboard,Electronics,3.0,558.82,1676.46,2023-04-02,North
ORD-003587,Towel Set,Home & Kitchen,1.0,643.96,643.96,2023-04-30,East
ORD-003588,Headphones,Electronics,5.0,1295.51,6477.55,2024-10-29,West
ORD-003589,Machine Learning,Books,1.0,930.51,930.51,2023-12-30,West
ORD-003590,Power Bank 10000mAh,Electronics,1.0,840.99,840.99,2023-04-11,Central
ORD-003591,AI Foundations,Books,3.0,1037.57,3112.71,2024-01-09,North
ORD-003592,AI Foundations,Books,1.0,898.79,898.79,2023-08-17,North
ORD-003593,Machine Learning,Books,1.0,998.04,998.04,2024-07-25,South
ORD-003594,Headphones,Electronics,1.0,1544.43,1544.43,2023-05-21,North
ORD-003595,Sunglasses,Clothing,1.0,704.51,704.51,2023-04-25,North
ORD-003596,Dumbbells Set,Sports,1.0,2749.99,2749.99,2024-09-22,North
ORD-003597,Sneakers,Clothing,1.0,2163.85,2163.85,2023-09-15,
ORD-003598,AI Foundations,Books,1.0,1112.38,1112.38,2023-08-21,East
ORD-003599,Wireless Mouse,Electronics,1.0,456.35,456.35,2023-07-06,West
ORD-003600,Gym Gloves,Sports,1.0,569.4,569.4,2023-12-27,North
ORD-003601,Formal Shirt,Clothing,6.0,816.51,4899.06,2024-11-16,
ORD-003602,Sneakers,Clothing,2.0,2193.45,4386.9,2023-07-10,South
ORD-003603,Laptop Stand,Electronics,1.0,1061.2,1061.2,2024-09-08,South
ORD-003604,SQL Handbook,Books,2.0,427.13,854.26,2024-02-12,West
ORD-003605,Coffee Maker,Home & Kitchen,2.0,2212.91,4425.82,2024-03-23,East
ORD-003606,Air Purifier,Home & Kitchen,1.0,5352.63,5352.63,2023-04-02,West
ORD-003607,Air Purifier,Home & Kitchen,1.0,4969.52,4969.52,2024-02-02,North
ORD-003608,Sports Shorts,Clothing,5.0,794.41,3972.05,2023-02-17,West
ORD-003609,Air Purifier,Home & Kitchen,1.0,5303.16,5303.16,2023-10-16,West
ORD-003610,Football,Sports,3.0,809.03,2427.09,2024-08-14,South
ORD-003611,Bluetooth Speaker,Electronics,1.0,2022.95,2022.95,2023-01-25,West
ORD-003612,Dumbbells Set,Sports,1.0,2295.56,2295.56,2023-01-16,North
ORD-003613,Coffee Maker,Home & Kitchen,1.0,2397.59,2397.59,2024-01-22,West
ORD-003614,Water Bottle Sport,Sports,3.0,371.29,1113.87,2024-12-16,North
ORD-003615,Gym Gloves,Sports,4.0,437.73,1750.92,2023-08-27,North
ORD-003616,USB Keyboard,Electronics,1.0,634.52,634.52,2023-10-10,West
ORD-003617,Sunglasses,Clothing,1.0,819.42,819.42,2024-06-01,South
ORD-003618,USB-C Cable,Electronics,2.0,189.27,378.54,2024-04-28,West
ORD-003619,HD Webcam,Electronics,2.0,1346.1,2692.2,2024-07-13,Central
ORD-003620,Coffee Maker,Home & Kitchen,3.0,2403.13,7209.39,2023-05-18,East
ORD-003621,Dumbbells Set,Sports,1.0,2240.18,2240.18,2023-12-16,Central
ORD-003622,Headphones,Electronics,1.0,1447.51,1447.51,2023-06-14,North
ORD-003623,Water Bottle,Home & Kitchen,2.0,292.08,584.16,2024-01-14,East
ORD-003624,Cotton T-Shirt,Clothing,1.0,439.38,439.38,2024-01-02,East
ORD-003625,Headphones,Electronics,1.0,1637.48,1637.48,2023-05-06,West
ORD-003626,Web Development,Books,1.0,606.98,606.98,2024-05-07,North
ORD-003627,Storage Containers,Home & Kitchen,4.0,377.93,1511.72,2023-08-22,Central
ORD-003628,Coffee Maker,Home & Kitchen,4.0,2367.29,9469.16,2023-11-05,East
ORD-003629,Sneakers,Clothing,2.0,1802.75,3605.5,2023-02-21,South
ORD-003630,Statistics Book,Books,1.0,587.85,587.85,2023-06-01,East
ORD-003631,Non-Stick Pan,Home & Kitchen,1.0,739.24,739.24,2024-04-04,North
ORD-003632,Web Development,Books,1.0,608.33,608.33,2023-05-28,West
ORD-003633,Sports Shorts,Clothing,2.0,796.91,1593.82,2023-08-02,South
ORD-003634,Machine Learning,Books,1.0,822.91,822.91,2024-01-02,East
ORD-003635,Jump Rope,Sports,5.0,334.51,1672.55,2024-09-13,West
ORD-003636,Water Bottle,Home & Kitchen,4.0,269.97,1079.88,2024-08-28,West
ORD-003637,Desk Lamp,Home & Kitchen,1.0,650.79,650.79,2023-09-23,West
ORD-003638,Cricket Bat,Sports,1.0,1462.18,1462.18,2024-04-30,North
ORD-003639,Towel Set,Home & Kitchen,1.0,648.69,648.69,2024-03-15,South
ORD-003640,Water Bottle,Home & Kitchen,1.0,296.64,296.64,2024-04-06,East
ORD-003641,Cloud Computing,Books,5.0,693.88,3469.4,2024-12-28,South
ORD-003642,Wireless Mouse,Electronics,1.0,453.64,453.64,2023-09-05,North
ORD-003643,Sunglasses,Clothing,2.0,858.82,1717.64,2023-08-04,North
ORD-003644,Running Shoes,Clothing,1.0,2255.68,2255.68,2023-03-03,West
ORD-003645,Data Science Guide,Books,3.0,879.52,2638.56,2023-04-19,West
ORD-003646,Statistics Book,Books,1.0,647.41,647.41,2024-09-13,South
ORD-003647,Power Bank 10000mAh,Electronics,4.0,910.65,3642.6,2023-06-11,North
ORD-003648,Water Bottle,Home & Kitchen,1.0,257.05,257.05,2024-08-13,North
ORD-003649,Laptop Stand,Electronics,1.0,1127.89,1127.89,2024-08-15,West
ORD-003650,Cotton T-Shirt,Clothing,6.0,573.09,3438.54,2023-07-04,Central
ORD-003651,Yoga Mat,Sports,4.0,1004.31,4017.24,2023-04-08,North
ORD-003652,SQL Handbook,Books,1.0,433.21,433.21,2024-05-22,East
ORD-003653,Headphones,Electronics,1.0,1616.76,1616.76,2024-04-20,Central
ORD-003654,Laptop Stand,Electronics,1.0,1191.92,1191.92,2023-07-18,Central
ORD-003655,Wireless Mouse,Electronics,1.0,410.67,410.67,2023-10-26,South
ORD-003656,Machine Learning,Books,2.0,865.76,1731.52,2023-09-17,North
ORD-003657,Headphones,Electronics,1.0,1627.13,1627.13,2023-06-13,South
ORD-003658,Cotton T-Shirt,Clothing,2.0,508.4,1016.8,2024-07-06,West
ORD-003659,Storage Containers,Home & Kitchen,1.0,333.27,333.27,2023-03-04,West
ORD-003660,Gym Gloves,Sports,2.0,456.93,913.86,2023-04-22,East
ORD-003661,Sunglasses,Clothing,1.0,860.87,860.87,2024-12-18,North
ORD-003662,HD Webcam,Electronics,1.0,1159.54,1159.54,2024-08-09,South
ORD-003663,Power Bank 10000mAh,Electronics,4.0,780.2,3120.8,2024-07-30,West
ORD-003664,Cloud Computing,Books,2.0,821.82,1643.64,2024-02-09,East
ORD-003665,Formal Shirt,Clothing,1.0,922.76,922.76,2023-12-31,South
ORD-003666,Gym Gloves,Sports,1.0,424.24,424.24,2023-01-24,Central
ORD-003667,SQL Handbook,Books,2.0,498.28,996.56,2023-01-03,South
ORD-003668,Python Programming,Books,3.0,510.99,1532.97,2023-06-23,West
ORD-003669,HD Webcam,Electronics,2.0,1087.02,2174.04,2024-09-01,North
ORD-003670,Storage Containers,Home & Kitchen,3.0,325.91,977.73,2023-09-01,East
ORD-003671,Bluetooth Speaker,Electronics,1.0,1718.19,1718.19,2023-06-27,North
ORD-003672,Running Shoes,Clothing,1.0,2307.59,2307.59,2023-01-07,North
ORD-003673,Sports Shorts,Clothing,2.0,666.3,1332.6,2024-10-29,Central
ORD-003674,Bluetooth Speaker,Electronics,1.0,1959.96,1959.96,2023-12-12,West
ORD-003675,Bluetooth Speaker,Electronics,3.0,1969.11,5907.33,2024-02-19,West
ORD-003676,Desk Lamp,Home & Kitchen,1.0,648.55,648.55,2024-09-30,North
ORD-003677,Formal Shirt,Clothing,1.0,808.17,808.17,2023-09-10,South
ORD-003678,Wireless Mouse,Electronics,2.0,482.46,964.92,2023-12-22,Central
ORD-003679,Denim Jeans,Clothing,2.0,1411.49,2822.98,2023-05-10,West
ORD-003680,HD Webcam,Electronics,1.0,1300.83,1300.83,2024-08-16,West
ORD-003681,AI Foundations,Books,1.0,889.28,889.28,2024-09-18,North
ORD-003682,Winter Jacket,Clothing,1.0,3053.14,3053.14,2024-05-23,East
ORD-003683,Gym Gloves,Sports,1.0,559.84,559.84,2023-10-12,South
ORD-003684,Resistance Bands,Sports,3.0,363.47,1090.41,2024-10-18,South
ORD-003685,Dumbbells Set,Sports,1.0,2420.67,2420.67,2024-08-23,North
ORD-003686,Denim Jeans,Clothing,1.0,1385.73,1385.73,2024-05-08,North
ORD-003687,SQL Handbook,Books,4.0,524.12,2096.48,2024-04-29,East
ORD-003688,SQL Handbook,Books,2.0,559.73,1119.46,2024-01-28,West
ORD-003689,Water Bottle Sport,Sports,1.0,376.9,376.9,2023-05-04,North
ORD-003690,Cricket Bat,Sports,2.0,1513.86,3027.72,2024-11-06,South
ORD-003691,Formal Shirt,Clothing,2.0,954.33,1908.66,2023-03-04,North
ORD-003692,Sports Shorts,Clothing,2.0,613.88,1227.76,2023-12-30,North
ORD-003693,Denim Jeans,Clothing,1.0,1220.87,1220.87,2024-08-18,West
ORD-003694,Headphones,Electronics,1.0,1482.45,1482.45,2024-05-11,North
ORD-003695,Machine Learning,Books,1.0,831.93,831.93,2024-01-19,North
ORD-003696,Bluetooth Speaker,Electronics,1.0,1869.27,1869.27,2024-12-26,West
ORD-003697,Dumbbells Set,Sports,1.0,2819.62,2819.62,2024-08-27,North
ORD-003698,Jump Rope,Sports,3.0,298.35,895.05,2024-05-19,South
ORD-003699,Football,Sports,4.0,860.74,3442.96,2023-08-02,East
ORD-003700,Water Bottle Sport,Sports,1.0,388.01,388.01,2023-12-29,Central
ORD-003701,Sports Shorts,Clothing,3.0,733.71,2201.13,2024-04-23,Central
ORD-003702,Non-Stick Pan,Home & Kitchen,1.0,799.83,799.83,2024-06-16,West
ORD-003703,Football,Sports,3.0,864.88,2594.64,2024-07-08,West
ORD-003704,Machine Learning,Books,1.0,769.0,769.0,2024-02-19,East
ORD-003705,Cloud Computing,Books,1.0,811.67,811.67,2023-05-09,South
ORD-003706,Sports Shorts,Clothing,5.0,716.95,3584.75,2024-01-18,North
ORD-003707,Running Shoes,Clothing,2.0,2130.61,4261.22,2023-07-07,North
ORD-003708,Sports Shorts,Clothing,3.0,679.23,2037.69,2024-11-10,West
ORD-003709,Towel Set,Home & Kitchen,1.0,543.06,543.06,2023-06-26,West
ORD-003710,Cotton T-Shirt,Clothing,2.0,449.53,899.06,2023-04-03,North
ORD-003711,Coffee Maker,Home & Kitchen,1.0,2255.35,2255.35,2023-10-22,North
ORD-003712,Laptop Stand,Electronics,1.0,1163.9,1163.9,2024-02-08,North
ORD-003713,Statistics Book,Books,2.0,713.45,1426.9,2023-01-01,South
ORD-003714,USB-C Cable,Electronics,3.0,173.14,519.42,2024-03-16,West
ORD-003715,Wireless Mouse,Electronics,5.0,389.24,1946.2,2023-08-26,West
ORD-003716,Football,Sports,1.0,727.28,727.28,2023-09-09,East
ORD-003717,Running Shoes,Clothing,2.0,2194.36,4388.72,2023-11-02,Central
ORD-003718,Sneakers,Clothing,2.0,1950.95,3901.9,2023-01-06,North
ORD-003719,Cricket Bat,Sports,2.0,1290.91,2581.82,2024-04-17,South
ORD-003720,Data Science Guide,Books,3.0,878.33,2634.99,2024-12-02,North
ORD-003721,Machine Learning,Books,3.0,955.29,2865.87,2024-02-05,West
ORD-003722,Non-Stick Pan,Home & Kitchen,1.0,733.87,733.87,2023-01-16,North
ORD-003723,Water Bottle,Home & Kitchen,1.0,292.33,292.33,2023-04-03,North
ORD-003724,Denim Jeans,Clothing,1.0,1449.45,1449.45,2023-07-30,West
ORD-003725,Wireless Mouse,Electronics,1.0,465.82,465.82,2024-10-20,South
ORD-003726,Laptop Stand,Electronics,1.0,1001.02,1001.02,2023-11-03,North
ORD-003727,Storage Containers,Home & Kitchen,4.0,375.06,1500.24,2023-10-22,East
ORD-003728,Cloud Computing,Books,1.0,754.25,754.25,2024-11-05,East
ORD-003729,Python Programming,Books,3.0,546.6,1639.8,2024-03-08,South
ORD-003730,Air Purifier,Home & Kitchen,1.0,5477.09,5477.09,2024-09-30,Central
ORD-003731,Headphones,Electronics,4.0,1320.04,5280.16,2023-12-02,East
ORD-003732,USB Keyboard,Electronics,1.0,662.6,662.6,2024-05-21,North
ORD-003733,Cotton T-Shirt,Clothing,2.0,456.96,913.92,2023-06-22,South
ORD-003734,Coffee Maker,Home & Kitchen,1.0,2325.57,2325.57,2024-05-23,South
ORD-003735,Desk Lamp,Home & Kitchen,2.0,612.05,1224.1,2024-05-28,South
ORD-003736,HD Webcam,Electronics,1.0,1298.18,1298.18,2024-01-03,South
ORD-003737,Sneakers,Clothing,1.0,2039.67,2039.67,2023-05-21,South
ORD-003738,Machine Learning,Books,1.0,962.09,962.09,2023-07-22,South
ORD-003739,Wireless Mouse,Electronics,1.0,450.12,450.12,2024-09-01,South
ORD-003740,Towel Set,Home & Kitchen,1.0,579.38,579.38,2023-10-02,South
ORD-003741,Non-Stick Pan,Home & Kitchen,4.0,731.97,2927.88,2023-02-03,East
ORD-003742,Water Bottle,Home & Kitchen,3.0,330.07,990.21,2023-02-21,West
ORD-003743,Power Bank 10000mAh,Electronics,1.0,1022.03,1022.03,2023-08-16,East
ORD-003744,Desk Lamp,Home & Kitchen,1.0,639.93,639.93,2024-04-13,North
ORD-003745,AI Foundations,Books,1.0,973.25,973.25,2024-03-01,East
ORD-003746,Web Development,Books,5.0,763.83,3819.15,2024-02-18,Central
ORD-003747,USB-C Cable,Electronics,3.0,210.58,631.74,2024-11-05,East
ORD-003748,Yoga Mat,Sports,2.0,892.36,1784.72,2023-03-03,West
ORD-003749,Dumbbells Set,Sports,1.0,,2355.11,2023-01-12,North
ORD-003750,Statistics Book,Books,1.0,597.64,597.64,2023-01-21,South
ORD-003751,Python Programming,Books,5.0,550.1,2750.5,2023-12-12,North
ORD-003752,Water Bottle,Home & Kitchen,3.0,273.1,819.3,2024-08-29,South
ORD-003753,Web Development,Books,4.0,692.92,2771.68,2023-01-23,West
ORD-003754,HD Webcam,Electronics,2.0,1171.43,2342.86,2023-07-07,Central
ORD-003755,SQL Handbook,Books,5.0,539.58,2697.9,2023-03-25,East
ORD-003756,Water Bottle Sport,Sports,3.0,376.21,1128.63,2023-12-03,West
ORD-003757,Laptop Stand,Electronics,4.0,1123.97,4495.88,2024-04-27,North
ORD-003758,Sunglasses,Clothing,2.0,881.42,1762.84,2024-02-14,West
ORD-003759,Non-Stick Pan,Home & Kitchen,4.0,816.02,3264.08,2024-11-17,North
ORD-003760,Headphones,Electronics,1.0,1660.4,1660.4,2023-03-02,South
ORD-003761,Laptop Stand,Electronics,1.0,944.81,944.81,2024-11-30,South
ORD-003762,Cotton T-Shirt,Clothing,1.0,448.53,448.53,2023-03-13,Central
ORD-003763,Headphones,Electronics,1.0,1536.1,1536.1,2023-07-16,North
ORD-003764,Dumbbells Set,Sports,1.0,2736.21,2736.21,2024-11-20,Central
ORD-003765,Data Science Guide,Books,1.0,847.52,847.52,2024-07-29,Central
ORD-003766,Winter Jacket,Clothing,2.0,3748.34,7496.68,2024-04-19,Central
ORD-003767,Water Bottle Sport,Sports,4.0,314.62,1258.48,2023-11-12,East
ORD-003768,Cotton T-Shirt,Clothing,3.0,512.68,1538.04,2023-07-31,West
ORD-003769,Denim Jeans,Clothing,4.0,1477.34,5909.36,2024-11-21,South
ORD-003770,Yoga Mat,Sports,1.0,973.19,973.19,2023-04-26,East
ORD-003771,Cloud Computing,Books,1.0,771.2,771.2,2023-01-28,North
ORD-003772,Towel Set,Home & Kitchen,1.0,555.6,555.6,2023-07-14,East
ORD-003773,Formal Shirt,Clothing,3.0,902.41,2707.23,2023-08-26,West
ORD-003774,Cotton T-Shirt,Clothing,4.0,554.62,2218.48,2024-12-15,West
ORD-003775,Headphones,Electronics,3.0,1487.16,4461.48,2024-07-05,Central
ORD-003776,Laptop Stand,Electronics,1.0,1146.49,1146.49,2024-10-11,West
ORD-003777,USB-C Cable,Electronics,8.0,220.71,1765.68,2024-10-22,West
ORD-003778,USB Keyboard,Electronics,1.0,601.76,601.76,2024-01-24,West
ORD-003779,Denim Jeans,Clothing,1.0,1470.27,1470.27,2023-12-03,West
ORD-003780,Headphones,Electronics,2.0,1714.8,3429.6,2023-02-25,South
ORD-003781,Non-Stick Pan,Home & Kitchen,2.0,727.95,1455.9,2024-04-01,East
ORD-003782,Yoga Mat,Sports,2.0,997.76,1995.52,2024-06-14,Central
ORD-003783,Machine Learning,Books,2.0,808.81,1617.62,2024-02-16,Central
ORD-003784,Cricket Bat,Sports,2.0,1407.25,2814.5,2024-10-28,South
ORD-003785,Gym Gloves,Sports,2.0,427.03,854.06,2023-01-31,North
ORD-003786,Gym Gloves,Sports,1.0,520.98,520.98,2024-08-01,West
ORD-003787,USB Keyboard,Electronics,1.0,634.98,634.98,2024-03-05,East
ORD-003788,Laptop Stand,Electronics,1.0,1090.84,1090.84,2023-04-23,South
ORD-003789,Wireless Mouse,Electronics,2.0,384.76,769.52,2024-06-27,East
ORD-003790,Python Programming,Books,1.0,540.64,540.64,2024-10-12,Central
ORD-003791,Formal Shirt,Clothing,1.0,852.09,852.09,2023-10-15,East
ORD-003792,Formal Shirt,Clothing,4.0,947.67,3790.68,2023-12-09,Central
ORD-003793,USB Keyboard,Electronics,1.0,698.04,698.04,2023-07-02,West
ORD-003794,Formal Shirt,Clothing,2.0,865.0,1730.0,2023-06-16,South
ORD-003795,USB Keyboard,Electronics,2.0,641.91,1283.82,2023-06-09,North
ORD-003796,Formal Shirt,Clothing,1.0,986.09,986.09,2024-08-06,Central
ORD-003797,Bluetooth Speaker,Electronics,1.0,1940.96,1940.96,2024-09-16,North
ORD-003798,Desk Lamp,Home & Kitchen,1.0,660.9,660.9,2024-01-20,Central
ORD-003799,Non-Stick Pan,Home & Kitchen,3.0,846.56,2539.68,2023-12-27,South
ORD-003800,Dumbbells Set,Sports,1.0,2453.73,2453.73,2024-12-17,South
ORD-003801,Non-Stick Pan,Home & Kitchen,1.0,877.4,877.4,2023-09-06,South
ORD-003802,Cricket Bat,Sports,1.0,1596.52,1596.52,2023-05-02,East
ORD-003803,Web Development,Books,2.0,791.07,1582.14,2024-06-14,South
ORD-003804,Winter Jacket,Clothing,1.0,3014.5,3014.5,2023-05-11,South
ORD-003805,Statistics Book,Books,2.0,576.83,1153.66,2023-10-18,East
ORD-003806,Jump Rope,Sports,8.0,266.25,2130.0,2024-11-13,North
ORD-003807,Air Purifier,Home & Kitchen,1.0,4525.87,4525.87,2024-09-11,
ORD-003808,Cricket Bat,Sports,3.0,1453.2,4359.6,2023-01-12,Central
ORD-003809,Water Bottle Sport,Sports,2.0,332.75,665.5,2023-07-01,East
ORD-003810,Cricket Bat,Sports,1.0,1545.41,1545.41,2024-08-25,Central
ORD-003811,Football,Sports,1.0,811.67,811.67,2023-08-09,East
ORD-003812,Cloud Computing,Books,1.0,773.92,773.92,2024-12-28,South
ORD-003813,Python Programming,Books,7.0,554.94,3884.58,2023-11-05,North
ORD-003814,Resistance Bands,Sports,1.0,350.6,350.6,2024-09-14,North
ORD-003815,Football,Sports,1.0,916.7,916.7,2024-09-05,South
ORD-003816,Wireless Mouse,Electronics,2.0,389.21,778.42,2023-03-10,Central
ORD-003817,Statistics Book,Books,1.0,692.69,692.69,2023-05-31,Central
ORD-003818,Desk Lamp,Home & Kitchen,3.0,640.53,1921.59,2023-02-04,East
ORD-003819,Formal Shirt,Clothing,1.0,903.47,903.47,2023-05-02,East
ORD-003820,Air Purifier,Home & Kitchen,1.0,4954.12,4954.12,2024-10-12,North
ORD-003821,Water Bottle Sport,Sports,1.0,366.94,366.94,2024-10-21,South
ORD-003822,Formal Shirt,Clothing,7.0,1025.66,7179.62,2023-01-12,West
ORD-003823,HD Webcam,Electronics,1.0,1103.57,1103.57,2023-08-28,East
ORD-003824,Statistics Book,Books,4.0,707.49,2829.96,2024-03-14,East
ORD-003825,Water Bottle,Home & Kitchen,5.0,305.13,1525.65,2023-05-09,Central
ORD-003826,Yoga Mat,Sports,1.0,863.94,863.94,2024-10-26,East
ORD-003827,USB Keyboard,Electronics,2.0,600.47,1200.94,2024-04-30,Central
ORD-003828,Statistics Book,Books,2.0,654.1,1308.2,2024-02-23,East
ORD-003829,Machine Learning,Books,1.0,937.29,937.29,2024-10-29,West
ORD-003830,Power Bank 10000mAh,Electronics,4.0,847.04,3388.16,2023-09-11,South
ORD-003831,Sports Shorts,Clothing,1.0,731.85,731.85,2023-08-19,East
ORD-003832,Gym Gloves,Sports,2.0,431.91,863.82,2024-02-19,East
ORD-003833,Running Shoes,Clothing,1.0,2851.87,2851.87,2023-03-17,North
ORD-003834,Data Science Guide,Books,4.0,722.14,2888.56,2024-08-12,North
ORD-003835,Coffee Maker,Home & Kitchen,1.0,2487.21,2487.21,2024-08-27,North
ORD-003836,Bluetooth Speaker,Electronics,1.0,1967.6,1967.6,2023-11-02,Central
ORD-003837,Storage Containers,Home & Kitchen,3.0,360.41,1081.23,2024-04-04,West
ORD-003838,Statistics Book,Books,1.0,738.32,738.32,2023-01-27,South
ORD-003839,Winter Jacket,Clothing,1.0,3943.03,3943.03,2023-11-19,Central
ORD-003840,Statistics Book,Books,6.0,699.05,4194.3,2023-11-26,North
ORD-003841,Python Programming,Books,4.0,649.54,2598.16,2024-12-05,South
ORD-003842,Web Development,Books,5.0,707.01,3535.05,2024-11-04,South
ORD-003843,Blender,Home & Kitchen,2.0,1759.88,3519.76,2024-01-28,East
ORD-003844,USB-C Cable,Electronics,2.0,189.83,379.66,2024-06-05,West
ORD-003845,USB-C Cable,Electronics,8.0,212.03,1696.24,2024-04-07,East
ORD-003846,Desk Lamp,Home & Kitchen,3.0,674.8,2024.4,2024-09-08,North
ORD-003847,Cloud Computing,Books,1.0,639.19,639.19,2023-01-03,North
ORD-003848,Power Bank 10000mAh,Electronics,2.0,795.77,1591.54,2023-11-23,South
ORD-003849,Bluetooth Speaker,Electronics,1.0,1914.4,1914.4,2024-09-10,North
ORD-003850,Wireless Mouse,Electronics,1.0,434.15,434.15,2024-11-28,West
ORD-003851,Bluetooth Speaker,Electronics,1.0,,1973.21,2024-06-10,East
ORD-003852,Non-Stick Pan,Home & Kitchen,1.0,808.7,808.7,2024-11-06,North
ORD-003853,Air Purifier,Home & Kitchen,1.0,4384.94,4384.94,2024-09-14,Central
ORD-003854,Water Bottle,Home & Kitchen,2.0,331.92,663.84,2024-12-27,West
ORD-003855,Water Bottle,Home & Kitchen,3.0,337.8,1013.4,2023-05-16,East
ORD-003856,SQL Handbook,Books,3.0,499.47,1498.41,2023-09-27,East
ORD-003857,Laptop Stand,Electronics,1.0,1172.55,1172.55,2024-05-14,East
ORD-003858,Python Programming,Books,1.0,685.08,685.08,2024-09-02,West
ORD-003859,Dumbbells Set,Sports,1.0,,2740.65,2024-07-07,East
ORD-003860,Desk Lamp,Home & Kitchen,1.0,631.48,631.48,2023-03-22,Central
ORD-003861,Statistics Book,Books,1.0,656.23,656.23,2023-04-13,East
ORD-003862,Yoga Mat,Sports,5.0,871.85,4359.25,2023-12-18,North
ORD-003863,USB Keyboard,Electronics,1.0,558.81,558.81,2024-08-31,Central
ORD-003864,Running Shoes,Clothing,1.0,2574.43,2574.43,2023-01-19,East
ORD-003865,Headphones,Electronics,1.0,1438.51,1438.51,2024-05-03,South
ORD-003866,Python Programming,Books,2.0,631.15,1262.3,2024-06-28,North
ORD-003867,Denim Jeans,Clothing,3.0,1216.88,3650.64,2024-03-30,West
ORD-003868,Gym Gloves,Sports,1.0,487.21,487.21,2023-09-07,West
ORD-003869,Statistics Book,Books,3.0,586.66,1759.98,2023-05-16,South
ORD-003870,Water Bottle Sport,Sports,1.0,398.86,398.86,2023-01-03,North
ORD-003871,Data Science Guide,Books,1.0,710.25,710.25,2024-07-01,East
ORD-003872,Jump Rope,Sports,2.0,288.98,577.96,2023-01-07,South
ORD-003873,Non-Stick Pan,Home & Kitchen,3.0,774.13,2322.39,2024-02-07,North
ORD-003874,USB-C Cable,Electronics,2.0,200.84,401.68,2023-02-15,West
ORD-003875,SQL Handbook,Books,5.0,512.14,2560.7,2023-01-09,North
ORD-003876,Cotton T-Shirt,Clothing,2.0,448.84,897.68,2024-08-29,West
ORD-003877,Cotton T-Shirt,Clothing,1.0,427.64,427.64,2023-05-27,South
ORD-003878,Winter Jacket,Clothing,1.0,3570.82,3570.82,2024-04-16,West
ORD-003879,Desk Lamp,Home & Kitchen,2.0,657.29,1314.58,2023-04-25,Central
ORD-003880,Wireless Mouse,Electronics,3.0,440.6,1321.8,2024-09-30,North
ORD-003881,AI Foundations,Books,1.0,1047.43,1047.43,2024-05-19,South
ORD-003882,Air Purifier,Home & Kitchen,1.0,5369.68,5369.68,2023-02-14,Central
ORD-003883,Storage Containers,Home & Kitchen,3.0,306.13,918.39,2023-12-04,East
ORD-003884,Dumbbells Set,Sports,1.0,2384.94,2384.94,2024-07-15,South
ORD-003885,Formal Shirt,Clothing,3.0,871.53,2614.59,2023-10-17,South
ORD-003886,Sports Shorts,Clothing,2.0,723.44,1446.88,2023-06-02,North
ORD-003887,Statistics Book,Books,3.0,709.67,2129.01,2023-01-13,North
ORD-003888,Machine Learning,Books,2.0,772.37,1544.74,2023-11-14,North
ORD-003889,Machine Learning,Books,2.0,873.68,1747.36,2024-03-07,North
ORD-003890,Coffee Maker,Home & Kitchen,1.0,2144.52,2144.52,2024-01-10,South
ORD-003891,Cotton T-Shirt,Clothing,1.0,525.85,525.85,2023-03-11,West
ORD-003892,Laptop Stand,Electronics,1.0,1039.29,1039.29,2024-05-23,North
ORD-003893,Jump Rope,Sports,2.0,265.72,531.44,2024-08-08,South
ORD-003894,Bluetooth Speaker,Electronics,3.0,1696.1,5088.3,2023-09-09,East
ORD-003895,Laptop Stand,Electronics,1.0,1055.57,1055.57,2023-09-28,North
ORD-003896,Towel Set,Home & Kitchen,1.0,639.02,639.02,2024-08-20,North
ORD-003897,Laptop Stand,Electronics,1.0,1244.12,1244.12,2024-03-21,West
ORD-003898,Web Development,Books,2.0,779.77,1559.54,2024-03-15,East
ORD-003899,Sports Shorts,Clothing,2.0,649.48,1298.96,2024-12-31,West
ORD-003900,Statistics Book,Books,1.0,624.52,624.52,2024-07-14,East
ORD-003901,Winter Jacket,Clothing,1.0,3471.76,3471.76,2024-12-11,West
ORD-003902,Resistance Bands,Sports,1.0,435.59,435.59,2023-09-08,North
ORD-003903,Running Shoes,Clothing,2.0,2448.39,4896.78,2023-01-27,North
ORD-003904,Running Shoes,Clothing,2.0,2647.89,5295.78,2024-12-07,North
ORD-003905,Winter Jacket,Clothing,1.0,3399.14,3399.14,2024-08-02,South
ORD-003906,Running Shoes,Clothing,2.0,2247.0,4494.0,2023-11-26,South
ORD-003907,Statistics Book,Books,2.0,678.74,1357.48,2024-09-24,South
ORD-003908,Cloud Computing,Books,3.0,795.99,2387.97,2023-08-31,North
ORD-003909,Gym Gloves,Sports,1.0,444.61,444.61,2024-10-29,West
ORD-003910,USB Keyboard,Electronics,1.0,552.53,552.53,2023-09-15,South
ORD-003911,Winter Jacket,Clothing,1.0,3282.06,3282.06,2023-06-29,North
ORD-003912,Towel Set,Home & Kitchen,2.0,615.35,1230.7,2024-11-06,North
ORD-003913,Yoga Mat,Sports,1.0,985.27,985.27,2024-11-19,Central
ORD-003914,Storage Containers,Home & Kitchen,4.0,390.53,1562.12,2024-12-07,North
ORD-003915,AI Foundations,Books,1.0,1031.77,1031.77,2024-03-22,North
ORD-003916,Football,Sports,1.0,850.92,850.92,2023-05-08,South
ORD-003917,Desk Lamp,Home & Kitchen,4.0,542.27,2169.08,2023-08-07,West
ORD-003918,Running Shoes,Clothing,2.0,2474.16,4948.32,2024-05-19,North
ORD-003919,Laptop Stand,Electronics,1.0,946.14,946.14,2024-06-02,South
ORD-003920,Towel Set,Home & Kitchen,1.0,588.75,588.75,2023-01-29,North
ORD-003921,Non-Stick Pan,Home & Kitchen,3.0,687.43,2062.29,2023-09-01,East
ORD-003922,Formal Shirt,Clothing,3.0,787.02,2361.06,2023-05-19,West
ORD-003923,SQL Handbook,Books,3.0,498.41,1495.23,2023-02-24,North
ORD-003924,Cloud Computing,Books,3.0,732.83,2198.49,2024-01-11,South
ORD-003925,Non-Stick Pan,Home & Kitchen,1.0,682.46,682.46,2024-03-16,North
ORD-003926,Web Development,Books,1.0,668.98,668.98,2024-06-04,West
ORD-003927,SQL Handbook,Books,1.0,466.47,466.47,2024-02-26,South
ORD-003928,Towel Set,Home & Kitchen,2.0,527.93,1055.86,2024-10-23,Central
ORD-003929,Jump Rope,Sports,1.0,317.66,317.66,2024-08-11,West
ORD-003930,Dumbbells Set,Sports,1.0,2653.49,2653.49,2023-09-21,South
ORD-003931,Gym Gloves,Sports,2.0,466.38,932.76,2023-11-18,West
ORD-003932,Running Shoes,Clothing,1.0,2451.41,2451.41,2024-03-02,North
ORD-003933,Winter Jacket,Clothing,1.0,3374.09,3374.09,2024-08-27,North
ORD-003934,Denim Jeans,Clothing,2.0,1144.81,2289.62,2024-11-07,East
ORD-003935,Gym Gloves,Sports,2.0,424.76,849.52,2023-08-22,North
ORD-003936,Statistics Book,Books,1.0,722.14,722.14,2024-12-16,North
ORD-003937,Formal Shirt,Clothing,2.0,987.11,1974.22,2024-05-24,Central
ORD-003938,Sports Shorts,Clothing,2.0,750.7,1501.4,2024-02-12,West
ORD-003939,HD Webcam,Electronics,1.0,1209.31,1209.31,2023-05-12,East
ORD-003940,Python Programming,Books,2.0,683.91,1367.82,2023-12-04,South
ORD-003941,Python Programming,Books,1.0,686.59,686.59,2024-01-29,North
ORD-003942,Blender,Home & Kitchen,1.0,2040.05,2040.05,2024-02-15,East
ORD-003943,Resistance Bands,Sports,4.0,420.48,1681.92,2024-02-05,East
ORD-003944,SQL Handbook,Books,3.0,482.06,1446.18,2024-08-03,Central
ORD-003945,Football,Sports,1.0,884.83,884.83,2023-01-04,South
ORD-003946,Sneakers,Clothing,1.0,2024.79,2024.79,2023-05-03,East
ORD-003947,Sneakers,Clothing,2.0,1778.56,3557.12,2023-03-27,North
ORD-003948,Blender,Home & Kitchen,1.0,2004.04,2004.04,2023-11-23,South
ORD-003949,Blender,Home & Kitchen,1.0,1911.95,1911.95,2024-05-26,South
ORD-003950,Blender,Home & Kitchen,1.0,2178.84,2178.84,2024-05-20,North
ORD-003951,Statistics Book,Books,2.0,561.83,1123.66,2023-10-09,East
ORD-003952,Water Bottle,Home & Kitchen,1.0,280.27,280.27,2024-06-27,North
ORD-003953,Laptop Stand,Electronics,1.0,1042.28,1042.28,2024-01-27,North
ORD-003954,Storage Containers,Home & Kitchen,4.0,350.29,1401.16,2023-09-24,East
ORD-003955,Non-Stick Pan,Home & Kitchen,1.0,878.87,878.87,2023-05-28,North
ORD-003956,Statistics Book,Books,2.0,597.09,1194.18,2023-01-18,South
ORD-003957,Python Programming,Books,2.0,681.36,1362.72,2023-03-07,South
ORD-003958,Power Bank 10000mAh,Electronics,1.0,821.37,821.37,2023-10-02,West
ORD-003959,HD Webcam,Electronics,2.0,1139.8,2279.6,2023-02-16,North
ORD-003960,Football,Sports,1.0,865.36,865.36,2023-02-01,South
ORD-003961,Bluetooth Speaker,Electronics,1.0,1536.54,1536.54,2023-10-03,West
ORD-003962,Headphones,Electronics,1.0,1655.09,1655.09,2024-09-02,West
ORD-003963,Jump Rope,Sports,3.0,284.35,853.05,2023-05-19,North
ORD-003964,Coffee Maker,Home & Kitchen,1.0,2581.01,2581.01,2023-08-03,East
ORD-003965,Blender,Home & Kitchen,3.0,1815.79,5447.37,2023-02-13,West
ORD-003966,SQL Handbook,Books,4.0,426.27,1705.08,2024-06-05,South
ORD-003967,Formal Shirt,Clothing,2.0,854.98,1709.96,2024-11-24,West
ORD-003968,Yoga Mat,Sports,1.0,880.71,880.71,2023-05-24,North
ORD-003969,Resistance Bands,Sports,2.0,443.52,887.04,2023-10-04,Central
ORD-003970,Denim Jeans,Clothing,5.0,1338.15,6690.75,2023-12-29,West
ORD-003971,Storage Containers,Home & Kitchen,5.0,298.49,1492.45,2024-09-17,North
ORD-003972,Air Purifier,Home & Kitchen,1.0,5094.26,5094.26,2023-02-11,South
ORD-003973,Cloud Computing,Books,1.0,740.07,740.07,2023-10-20,East
ORD-003974,Power Bank 10000mAh,Electronics,1.0,878.87,878.87,2023-03-10,South
ORD-003975,Cricket Bat,Sports,1.0,1508.89,1508.89,2023-07-26,West
ORD-003976,Gym Gloves,Sports,5.0,483.5,2417.5,2024-10-18,East
ORD-003977,Coffee Maker,Home & Kitchen,1.0,2307.6,2307.6,2024-08-07,West
ORD-003978,Sneakers,Clothing,3.0,1915.4,5746.2,2023-02-01,East
ORD-003979,Resistance Bands,Sports,1.0,439.54,439.54,2023-06-19,South
ORD-003980,Football,Sports,1.0,785.45,785.45,2023-04-12,West
ORD-003981,Statistics Book,Books,1.0,593.25,593.25,2023-07-06,Central
ORD-003982,USB-C Cable,Electronics,6.0,200.77,1204.62,2023-04-05,Central
ORD-003983,Headphones,Electronics,3.0,1407.71,4223.13,2024-07-07,North
ORD-003984,AI Foundations,Books,4.0,973.32,3893.28,2023-12-15,East
ORD-003985,Laptop Stand,Electronics,1.0,1086.86,1086.86,2023-06-06,North
ORD-003986,Data Science Guide,Books,2.0,905.87,1811.74,2024-04-06,North
ORD-003987,Running Shoes,Clothing,1.0,2744.55,2744.55,2023-08-22,North
ORD-003988,AI Foundations,Books,2.0,1063.28,2126.56,2023-10-07,East
ORD-003989,Python Programming,Books,1.0,559.57,559.57,2024-11-18,East
ORD-003990,AI Foundations,Books,3.0,1037.1,3111.3,2024-12-21,South
ORD-003991,AI Foundations,Books,1.0,1006.44,1006.44,2023-11-18,Central
ORD-003992,Yoga Mat,Sports,5.0,888.96,4444.8,2024-04-08,North
ORD-003993,Dumbbells Set,Sports,1.0,2167.69,2167.69,2023-11-25,East
ORD-003994,Water Bottle,Home & Kitchen,1.0,303.48,303.48,2023-06-21,East
ORD-003995,Jump Rope,Sports,2.0,256.2,512.4,2024-02-25,North
ORD-003996,Headphones,Electronics,1.0,1382.01,1382.01,2024-02-13,South
ORD-003997,HD Webcam,Electronics,1.0,1303.09,1303.09,2023-04-28,East
ORD-003998,Coffee Maker,Home & Kitchen,3.0,2534.1,7602.3,2024-07-14,North
ORD-003999,Water Bottle Sport,Sports,5.0,306.94,1534.7,2024-11-02,West
ORD-004000,Headphones,Electronics,2.0,1449.61,2899.22,2023-01-08,West
ORD-004001,Yoga Mat,Sports,1.0,922.23,922.23,2023-05-02,North
ORD-004002,Running Shoes,Clothing,1.0,2793.98,2793.98,2024-02-01,North
ORD-004003,Water Bottle Sport,Sports,3.0,391.1,1173.3,2024-11-08,Central
ORD-004004,Sports Shorts,Clothing,2.0,662.91,1325.82,2023-02-15,East
ORD-004005,Web Development,Books,2.0,738.95,1477.9,2023-07-15,North
ORD-004006,Cloud Computing,Books,1.0,808.76,808.76,2023-08-30,West
ORD-004007,Denim Jeans,Clothing,3.0,1350.49,4051.47,2023-11-27,West
ORD-004008,Towel Set,Home & Kitchen,4.0,573.39,2293.56,2024-11-23,West
ORD-004009,Jump Rope,Sports,5.0,332.83,1664.15,2024-09-24,North
ORD-004010,Storage Containers,Home & Kitchen,1.0,335.14,335.14,2023-09-27,East
ORD-004011,Denim Jeans,Clothing,2.0,1224.4,2448.8,2023-03-20,East
ORD-004012,USB Keyboard,Electronics,2.0,743.17,1486.34,2023-06-06,West
ORD-004013,Bluetooth Speaker,Electronics,2.0,1769.74,3539.48,2024-02-15,South
ORD-004014,Data Science Guide,Books,1.0,784.12,784.12,2023-02-08,Central
ORD-004015,Jump Rope,Sports,3.0,333.31,999.93,2024-07-04,North
ORD-004016,Storage Containers,Home & Kitchen,2.0,327.21,654.42,2024-01-01,South
ORD-004017,SQL Handbook,Books,6.0,572.3,3433.8,2023-01-26,West
ORD-004018,Statistics Book,Books,2.0,564.58,1129.16,2023-11-02,North
ORD-004019,Sports Shorts,Clothing,1.0,698.71,698.71,2024-05-06,West
ORD-004020,USB-C Cable,Electronics,6.0,191.0,1146.0,2024-08-19,West
ORD-004021,Running Shoes,Clothing,2.0,2202.46,4404.92,2024-11-09,South
ORD-004022,Football,Sports,1.0,814.56,814.56,2024-12-28,North
ORD-004023,Gym Gloves,Sports,7.0,520.34,3642.38,2024-12-23,Central
ORD-004024,Winter Jacket,Clothing,1.0,3368.75,3368.75,2023-06-29,Central
ORD-004025,Coffee Maker,Home & Kitchen,1.0,2678.08,2678.08,2024-07-17,East
ORD-004026,Water Bottle Sport,Sports,2.0,345.5,691.0,2024-02-03,North
ORD-004027,Water Bottle,Home & Kitchen,4.0,289.02,1156.08,2024-04-27,West
ORD-004028,Blender,Home & Kitchen,1.0,1661.05,1661.05,2024-07-11,East
ORD-004029,Coffee Maker,Home & Kitchen,1.0,2126.35,2126.35,2024-03-10,North
ORD-004030,Running Shoes,Clothing,1.0,2194.65,2194.65,2023-03-20,East
ORD-004031,Power Bank 10000mAh,Electronics,3.0,969.99,2909.97,2023-04-12,West
ORD-004032,Statistics Book,Books,1.0,688.96,688.96,2024-12-16,South
ORD-004033,Football,Sports,1.0,786.95,786.95,2024-12-11,North
ORD-004034,Running Shoes,Clothing,1.0,2622.28,2622.28,2024-07-02,Central
ORD-004035,Cotton T-Shirt,Clothing,9.0,551.81,4966.29,2023-06-05,South
ORD-004036,Laptop Stand,Electronics,4.0,973.47,3893.88,2024-12-25,Central
ORD-004037,Statistics Book,Books,1.0,668.43,668.43,2024-04-08,South
ORD-004038,Statistics Book,Books,1.0,551.94,551.94,2024-03-21,Central
ORD-004039,Web Development,Books,2.0,793.39,1586.78,2023-10-12,North
ORD-004040,Running Shoes,Clothing,1.0,2289.22,2289.22,2024-11-27,East
ORD-004041,Yoga Mat,Sports,1.0,820.45,820.45,2023-03-16,South
ORD-004042,Web Development,Books,2.0,723.58,1447.16,2024-03-07,North
ORD-004043,Cloud Computing,Books,2.0,670.29,1340.58,2024-09-21,South
ORD-004044,Data Science Guide,Books,1.0,826.99,826.99,2023-10-08,North
ORD-004045,Coffee Maker,Home & Kitchen,3.0,,7261.86,2024-04-13,South
ORD-004046,Air Purifier,Home & Kitchen,1.0,4414.18,4414.18,2024-01-21,South
ORD-004047,Machine Learning,Books,1.0,917.23,917.23,2024-01-24,
ORD-004048,Water Bottle,Home & Kitchen,1.0,286.08,286.08,2024-09-19,West
ORD-004049,Sunglasses,Clothing,2.0,883.09,1766.18,2024-12-02,South
ORD-004050,Power Bank 10000mAh,Electronics,2.0,822.49,1644.98,2024-09-14,Central
ORD-004051,Gym Gloves,Sports,3.0,535.37,1606.11,2023-01-03,South
ORD-004052,Bluetooth Speaker,Electronics,1.0,2029.69,2029.69,2023-10-05,South
ORD-004053,Water Bottle Sport,Sports,3.0,352.5,1057.5,2024-05-07,East
ORD-004054,Yoga Mat,Sports,4.0,829.2,3316.8,2023-11-04,North
ORD-004055,Blender,Home & Kitchen,1.0,2035.12,2035.12,2023-10-10,North
ORD-004056,SQL Handbook,Books,2.0,446.43,892.86,2024-08-17,North
ORD-004057,Towel Set,Home & Kitchen,3.0,615.11,1845.33,2024-06-22,South
ORD-004058,HD Webcam,Electronics,1.0,1025.03,1025.03,2024-12-05,South
ORD-004059,Sunglasses,Clothing,1.0,781.0,781.0,2024-05-22,East
ORD-004060,USB-C Cable,Electronics,1.0,175.11,175.11,2024-05-29,West
ORD-004061,Web Development,Books,2.0,716.26,1432.52,2023-03-29,South
ORD-004062,Power Bank 10000mAh,Electronics,3.0,908.4,2725.2,2023-08-23,North
ORD-004063,Wireless Mouse,Electronics,4.0,392.98,1571.92,2024-05-12,East
ORD-004064,Laptop Stand,Electronics,1.0,1074.67,1074.67,2024-10-08,North
ORD-004065,Python Programming,Books,2.0,626.26,1252.52,2024-02-21,North
ORD-004066,Web Development,Books,2.0,745.45,1490.9,2023-09-08,South
ORD-004067,Air Purifier,Home & Kitchen,3.0,4267.5,12802.5,2024-12-24,North
ORD-004068,Winter Jacket,Clothing,1.0,3501.31,3501.31,2023-02-25,Central
ORD-004069,Non-Stick Pan,Home & Kitchen,1.0,878.33,878.33,2024-11-22,North
ORD-004070,USB Keyboard,Electronics,1.0,557.83,557.83,2023-10-24,South
ORD-004071,USB Keyboard,Electronics,1.0,614.85,614.85,2023-11-19,East
ORD-004072,Cotton T-Shirt,Clothing,4.0,484.3,1937.2,2023-04-08,Central
ORD-004073,Running Shoes,Clothing,1.0,2226.58,2226.58,2023-05-12,North
ORD-004074,Desk Lamp,Home & Kitchen,2.0,628.62,1257.24,2024-08-24,North
ORD-004075,Machine Learning,Books,1.0,1023.3,1023.3,2024-11-01,West
ORD-004076,USB Keyboard,Electronics,2.0,602.43,1204.86,2023-04-27,South
ORD-004077,Denim Jeans,Clothing,2.0,1172.08,2344.16,2023-07-17,North
ORD-004078,Data Science Guide,Books,2.0,854.84,1709.68,2023-08-08,South
ORD-004079,SQL Handbook,Books,1.0,469.7,469.7,2023-12-08,East
ORD-004080,Storage Containers,Home & Kitchen,1.0,379.68,379.68,2024-09-16,North
ORD-004081,Water Bottle Sport,Sports,1.0,314.85,314.85,2024-03-15,North
ORD-004082,Gym Gloves,Sports,1.0,492.09,492.09,2023-09-11,West
ORD-004083,Formal Shirt,Clothing,2.0,935.94,1871.88,2024-11-08,South
ORD-004084,Jump Rope,Sports,1.0,329.04,329.04,2023-08-26,North
ORD-004085,Sneakers,Clothing,1.0,1898.56,1898.56,2024-02-18,West
ORD-004086,Towel Set,Home & Kitchen,1.0,575.59,575.59,2024-02-04,North
ORD-004087,Yoga Mat,Sports,1.0,876.48,876.48,2024-09-26,North
ORD-004088,AI Foundations,Books,1.0,1103.59,1103.59,2023-08-13,West
ORD-004089,Formal Shirt,Clothing,5.0,1020.09,5100.45,2024-03-28,Central
ORD-004090,Statistics Book,Books,3.0,617.47,1852.41,2023-11-22,East
ORD-004091,Machine Learning,Books,1.0,919.66,919.66,2024-10-11,Central
ORD-004092,Running Shoes,Clothing,1.0,2806.96,2806.96,2023-10-24,West
ORD-004093,Cloud Computing,Books,1.0,659.85,659.85,2024-08-29,East
ORD-004094,Sunglasses,Clothing,1.0,779.43,779.43,2024-10-22,North
ORD-004095,Football,Sports,1.0,904.51,904.51,2023-11-28,South
ORD-004096,Gym Gloves,Sports,2.0,461.03,922.06,2024-05-27,East
ORD-004097,Data Science Guide,Books,2.0,714.41,1428.82,2024-02-07,East
ORD-004098,Football,Sports,2.0,892.34,1784.68,2024-09-22,East
ORD-004099,Laptop Stand,Electronics,1.0,1009.12,1009.12,2023-04-09,Central
ORD-004100,USB Keyboard,Electronics,2.0,652.98,1305.96,2024-02-08,North
ORD-004101,Data Science Guide,Books,2.0,798.31,1596.62,2023-01-30,North
ORD-004102,Sneakers,Clothing,1.0,1798.73,1798.73,2023-03-02,West
ORD-004103,USB Keyboard,Electronics,2.0,635.1,1270.2,2023-10-08,East
ORD-004104,Yoga Mat,Sports,2.0,868.42,1736.84,2024-07-23,South
ORD-004105,Denim Jeans,Clothing,1.0,1485.68,1485.68,2023-05-15,South
ORD-004106,Formal Shirt,Clothing,1.0,851.35,851.35,2024-03-28,South
ORD-004107,Running Shoes,Clothing,4.0,2346.46,9385.84,2024-02-02,West
ORD-004108,Winter Jacket,Clothing,1.0,3119.74,3119.74,2024-09-04,Central
ORD-004109,Resistance Bands,Sports,2.0,437.38,874.76,2023-01-12,South
ORD-004110,USB Keyboard,Electronics,4.0,,2757.96,2023-07-05,South
ORD-004111,Towel Set,Home & Kitchen,3.0,590.28,1770.84,2023-04-01,West
ORD-004112,Web Development,Books,2.0,719.99,1439.98,2023-08-12,North
ORD-004113,Data Science Guide,Books,1.0,864.52,864.52,2023-06-23,North
ORD-004114,Web Development,Books,3.0,747.52,2242.56,2024-08-04,North
ORD-004115,Bluetooth Speaker,Electronics,1.0,2054.91,2054.91,2023-08-20,North
ORD-004116,Cloud Computing,Books,3.0,851.69,2555.07,2024-11-03,South
ORD-004117,Power Bank 10000mAh,Electronics,3.0,911.27,2733.81,2023-02-16,West
ORD-004118,Wireless Mouse,Electronics,1.0,449.14,449.14,2023-03-14,North
ORD-004119,Power Bank 10000mAh,Electronics,2.0,872.15,1744.3,2024-07-11,Central
ORD-004120,Dumbbells Set,Sports,1.0,2357.72,2357.72,2023-01-26,Central
ORD-004121,Cotton T-Shirt,Clothing,5.0,548.52,2742.6,2023-06-04,South
ORD-004122,Data Science Guide,Books,2.0,918.67,1837.34,2024-02-18,West
ORD-004123,Wireless Mouse,Electronics,1.0,398.97,398.97,2023-09-10,West
ORD-004124,Formal Shirt,Clothing,1.0,1016.19,1016.19,2024-05-28,South
ORD-004125,Air Purifier,Home & Kitchen,1.0,4545.31,4545.31,2023-03-03,South
ORD-004126,Data Science Guide,Books,1.0,901.63,901.63,2024-05-12,North
ORD-004127,Water Bottle Sport,Sports,3.0,379.07,1137.21,2023-03-02,North
ORD-004128,Headphones,Electronics,1.0,1335.85,1335.85,2023-04-29,West
ORD-004129,Resistance Bands,Sports,4.0,375.47,1501.88,2023-01-17,East
ORD-004130,HD Webcam,Electronics,1.0,1255.87,1255.87,2024-06-17,South
ORD-004131,HD Webcam,Electronics,1.0,1247.52,1247.52,2024-06-30,South
ORD-004132,Data Science Guide,Books,3.0,783.69,2351.07,2024-09-14,West
ORD-004133,Towel Set,Home & Kitchen,5.0,586.19,2930.95,2024-01-25,East
ORD-004134,Denim Jeans,Clothing,2.0,1298.73,2597.46,2023-02-08,East
ORD-004135,Laptop Stand,Electronics,1.0,1264.59,1264.59,2023-05-06,North
ORD-004136,Denim Jeans,Clothing,3.0,1122.81,3368.43,2023-12-23,West
ORD-004137,USB-C Cable,Electronics,2.0,193.68,387.36,2023-08-12,West
ORD-004138,Sneakers,Clothing,1.0,1851.04,1851.04,2023-03-10,South
ORD-004139,Sports Shorts,Clothing,2.0,698.34,1396.68,2023-06-29,South
ORD-004140,Wireless Mouse,Electronics,1.0,420.7,420.7,2023-05-23,West
ORD-004141,Headphones,Electronics,2.0,1592.15,3184.3,2024-08-20,South
ORD-004142,Gym Gloves,Sports,1.0,466.41,466.41,2024-03-12,East
ORD-004143,Football,Sports,1.0,704.55,704.55,2023-03-01,
ORD-004144,Water Bottle,Home & Kitchen,1.0,313.66,313.66,2024-04-07,South
ORD-004145,Blender,Home & Kitchen,1.0,1697.12,1697.12,2024-05-31,Central
ORD-004146,Data Science Guide,Books,1.0,776.04,776.04,2024-04-11,West
ORD-004147,Water Bottle,Home & Kitchen,2.0,288.49,576.98,2024-01-11,North
ORD-004148,Wireless Mouse,Electronics,3.0,517.36,1552.08,2023-03-26,Central
ORD-004149,Bluetooth Speaker,Electronics,2.0,1734.16,3468.32,2023-01-06,West
ORD-004150,Machine Learning,Books,2.0,953.06,1906.12,2023-09-24,South
ORD-004151,Wireless Mouse,Electronics,2.0,514.86,1029.72,2023-01-04,South
ORD-004152,Yoga Mat,Sports,2.0,1026.3,2052.6,2024-11-19,West
ORD-004153,Machine Learning,Books,3.0,891.37,2674.11,2024-07-03,North
ORD-004154,Dumbbells Set,Sports,1.0,2718.47,2718.47,2023-05-05,North
ORD-004155,Running Shoes,Clothing,2.0,2255.34,4510.68,2024-07-19,North
ORD-004156,Power Bank 10000mAh,Electronics,1.0,806.1,806.1,2024-04-27,North
ORD-004157,Resistance Bands,Sports,1.0,350.19,350.19,2023-02-02,West
ORD-004158,Resistance Bands,Sports,4.0,353.01,1412.04,2024-04-08,South
ORD-004159,USB Keyboard,Electronics,3.0,558.29,1674.87,2023-09-10,Central
ORD-004160,Desk Lamp,Home & Kitchen,2.0,678.73,1357.46,2023-11-23,Central
ORD-004161,Running Shoes,Clothing,2.0,2451.53,4903.06,2023-01-08,North
ORD-004162,Towel Set,Home & Kitchen,3.0,616.75,1850.25,2024-07-23,East
ORD-004163,Cotton T-Shirt,Clothing,3.0,426.72,1280.16,2023-05-11,North
ORD-004164,Coffee Maker,Home & Kitchen,1.0,2773.93,2773.93,2024-09-28,Central
ORD-004165,Formal Shirt,Clothing,1.0,999.22,999.22,2023-03-21,North
ORD-004166,Dumbbells Set,Sports,2.0,2476.16,4952.32,2024-11-02,South
ORD-004167,SQL Handbook,Books,4.0,429.6,1718.4,2024-10-05,North
ORD-004168,Football,Sports,1.0,860.37,860.37,2023-01-24,East
ORD-004169,Yoga Mat,Sports,6.0,889.47,5336.82,2024-11-20,East
ORD-004170,HD Webcam,Electronics,1.0,1257.84,1257.84,2023-04-10,West
ORD-004171,SQL Handbook,Books,3.0,484.4,1453.2,2023-09-03,East
ORD-004172,Blender,Home & Kitchen,2.0,1810.4,3620.8,2024-07-19,East
ORD-004173,Storage Containers,Home & Kitchen,6.0,353.68,2122.08,2024-12-15,
ORD-004174,Yoga Mat,Sports,2.0,880.1,1760.2,2024-03-05,West
ORD-004175,Blender,Home & Kitchen,2.0,2070.48,4140.96,2023-06-06,South
ORD-004176,Data Science Guide,Books,3.0,779.91,2339.73,2023-02-19,North
ORD-004177,SQL Handbook,Books,1.0,430.62,430.62,2024-01-16,South
ORD-004178,Sunglasses,Clothing,1.0,732.52,732.52,2024-02-29,West
ORD-004179,Power Bank 10000mAh,Electronics,2.0,779.95,1559.9,2024-08-24,South
ORD-004180,Power Bank 10000mAh,Electronics,1.0,871.62,871.62,2023-07-19,East
ORD-004181,Water Bottle Sport,Sports,2.0,344.79,689.58,2023-10-30,West
ORD-004182,Sports Shorts,Clothing,4.0,735.76,2943.04,2023-01-10,North
ORD-004183,Formal Shirt,Clothing,4.0,902.31,3609.24,2023-06-28,West
ORD-004184,Coffee Maker,Home & Kitchen,1.0,2354.92,2354.92,2024-04-10,West
ORD-004185,Desk Lamp,Home & Kitchen,1.0,568.02,568.02,2024-02-12,South
ORD-004186,SQL Handbook,Books,4.0,481.66,1926.64,2024-08-21,West
ORD-004187,Water Bottle Sport,Sports,4.0,313.88,1255.52,2023-01-16,East
ORD-004188,Winter Jacket,Clothing,1.0,,3625.58,2023-08-15,South
ORD-004189,Resistance Bands,Sports,5.0,365.75,1828.75,2024-01-03,North
ORD-004190,Cricket Bat,Sports,1.0,1294.88,1294.88,2024-06-21,North
ORD-004191,Sneakers,Clothing,1.0,2227.93,2227.93,2024-02-06,East
ORD-004192,Headphones,Electronics,1.0,1407.97,1407.97,2023-06-11,North
ORD-004193,Running Shoes,Clothing,2.0,2429.48,4858.96,2023-01-28,East
ORD-004194,Denim Jeans,Clothing,2.0,1334.21,2668.42,2024-01-03,Central
ORD-004195,Web Development,Books,2.0,769.08,1538.16,2024-05-01,South
ORD-004196,Sports Shorts,Clothing,3.0,619.55,1858.65,2023-02-03,North
ORD-004197,Cotton T-Shirt,Clothing,1.0,564.51,564.51,2023-11-06,South
ORD-004198,Running Shoes,Clothing,1.0,2627.52,2627.52,2023-02-16,North
ORD-004199,Football,Sports,1.0,768.72,768.72,2024-10-20,North
ORD-004200,Jump Rope,Sports,3.0,254.33,762.99,2023-03-28,West
ORD-004201,Sports Shorts,Clothing,4.0,624.81,2499.24,2024-03-16,West
ORD-004202,SQL Handbook,Books,4.0,501.11,2004.44,2024-12-17,South
ORD-004203,Resistance Bands,Sports,4.0,408.5,1634.0,2023-01-03,East
ORD-004204,Winter Jacket,Clothing,1.0,3792.53,3792.53,2023-01-01,West
ORD-004205,Running Shoes,Clothing,1.0,2412.84,2412.84,2023-08-28,East
ORD-004206,Data Science Guide,Books,1.0,748.57,748.57,2023-10-19,West
ORD-004207,Sunglasses,Clothing,3.0,707.5,2122.5,2023-01-14,South
ORD-004208,Desk Lamp,Home & Kitchen,5.0,673.12,3365.6,2024-11-24,Central
ORD-004209,Cloud Computing,Books,1.0,796.52,796.52,2024-03-14,South
ORD-004210,Air Purifier,Home & Kitchen,3.0,5593.38,16780.14,2024-11-05,South
ORD-004211,Cotton T-Shirt,Clothing,5.0,437.11,2185.55,2024-08-12,West
ORD-004212,Towel Set,Home & Kitchen,1.0,628.14,628.14,2024-07-14,West
ORD-004213,Yoga Mat,Sports,2.0,782.83,1565.66,2023-06-09,North
ORD-004214,Cloud Computing,Books,1.0,822.23,822.23,2023-01-25,West
ORD-004215,Sports Shorts,Clothing,2.0,635.76,1271.52,2023-09-09,East
ORD-004216,Gym Gloves,Sports,1.0,554.24,554.24,2024-08-22,South
ORD-004217,Resistance Bands,Sports,1.0,388.72,388.72,2024-10-24,Central
ORD-004218,USB Keyboard,Electronics,1.0,670.72,670.72,2023-10-20,North
ORD-004219,Wireless Mouse,Electronics,2.0,427.95,855.9,2023-09-08,Central
ORD-004220,Cricket Bat,Sports,1.0,1307.05,1307.05,2023-09-07,North
ORD-004221,AI Foundations,Books,1.0,999.66,999.66,2024-09-05,South
ORD-004222,Football,Sports,3.0,860.12,2580.36,2023-05-10,East
ORD-004223,Coffee Maker,Home & Kitchen,1.0,2275.37,2275.37,2024-05-17,West
ORD-004224,AI Foundations,Books,1.0,1144.48,1144.48,2024-08-06,Central
ORD-004225,Cricket Bat,Sports,1.0,1624.44,1624.44,2023-02-12,West
ORD-004226,Laptop Stand,Electronics,1.0,1076.23,1076.23,2023-12-28,South
ORD-004227,Cloud Computing,Books,1.0,719.52,719.52,2023-08-14,West
ORD-004228,Machine Learning,Books,1.0,857.31,857.31,2023-10-14,Central
ORD-004229,Sunglasses,Clothing,5.0,754.42,3772.1,2024-01-10,West
ORD-004230,Jump Rope,Sports,2.0,293.73,587.46,2024-02-25,South
ORD-004231,Machine Learning,Books,,980.5,980.5,2023-06-18,South
ORD-004232,Coffee Maker,Home & Kitchen,1.0,2593.07,2593.07,2023-01-23,South
ORD-004233,Machine Learning,Books,1.0,867.47,867.47,2024-08-04,Central
ORD-004234,HD Webcam,Electronics,1.0,1171.81,1171.81,2024-11-19,North
ORD-004235,Statistics Book,Books,1.0,667.94,667.94,2024-12-29,North
ORD-004236,Non-Stick Pan,Home & Kitchen,2.0,865.55,1731.1,2024-09-20,South
ORD-004237,Air Purifier,Home & Kitchen,1.0,4414.49,4414.49,2023-03-16,South
ORD-004238,Non-Stick Pan,Home & Kitchen,1.0,726.1,726.1,2023-07-10,Central
ORD-004239,Python Programming,Books,1.0,683.9,683.9,2023-10-21,West
ORD-004240,Machine Learning,Books,1.0,904.33,904.33,2024-01-18,West
ORD-004241,Headphones,Electronics,1.0,1567.38,1567.38,2023-01-25,East
ORD-004242,Power Bank 10000mAh,Electronics,2.0,990.93,1981.86,2024-04-08,Central
ORD-004243,Winter Jacket,Clothing,1.0,3741.62,3741.62,2023-07-17,North
ORD-004244,Power Bank 10000mAh,Electronics,3.0,1012.96,3038.88,2023-11-21,East
ORD-004245,Python Programming,Books,4.0,622.39,2489.56,2024-02-09,West
ORD-004246,Water Bottle Sport,Sports,1.0,303.7,303.7,2023-07-25,North
ORD-004247,Cotton T-Shirt,Clothing,1.0,531.94,531.94,2023-02-20,East
ORD-004248,Resistance Bands,Sports,1.0,369.45,369.45,2023-05-10,Central
ORD-004249,Football,Sports,3.0,730.09,2190.27,2023-07-29,West
ORD-004250,Water Bottle Sport,Sports,6.0,,2100.0,2023-01-24,Central
ORD-004251,Water Bottle Sport,Sports,1.0,363.46,363.46,2024-05-25,West
ORD-004252,Python Programming,Books,3.0,554.65,1663.95,2023-12-10,Central
ORD-004253,Machine Learning,Books,1.0,864.07,864.07,2023-01-25,South
ORD-004254,Yoga Mat,Sports,1.0,803.41,803.41,2023-04-27,East
ORD-004255,Bluetooth Speaker,Electronics,1.0,1882.67,1882.67,2024-01-19,Central
ORD-004256,USB Keyboard,Electronics,1.0,609.4,609.4,2023-04-21,North
ORD-004257,Non-Stick Pan,Home & Kitchen,1.0,731.1,731.1,2024-07-07,East
ORD-004258,Yoga Mat,Sports,1.0,782.53,782.53,2023-10-20,South
ORD-004259,Desk Lamp,Home & Kitchen,2.0,578.33,1156.66,2023-03-07,East
ORD-004260,Bluetooth Speaker,Electronics,1.0,1872.52,1872.52,2023-12-05,North
ORD-004261,Football,Sports,3.0,755.79,2267.37,2024-05-03,East
ORD-004262,Cotton T-Shirt,Clothing,7.0,439.59,3077.13,2024-10-01,South
ORD-004263,Water Bottle,Home & Kitchen,2.0,297.84,595.68,2023-10-16,West
ORD-004264,Resistance Bands,Sports,2.0,450.13,900.26,2023-02-06,North
ORD-004265,Data Science Guide,Books,2.0,805.5,1611.0,2024-02-19,East
ORD-004266,Sunglasses,Clothing,1.0,701.54,701.54,2024-12-19,South
ORD-004267,Statistics Book,Books,1.0,573.62,573.62,2024-06-13,East
ORD-004268,Statistics Book,Books,3.0,694.92,2084.76,2024-03-25,East
ORD-004269,Running Shoes,Clothing,1.0,2776.23,2776.23,2024-02-28,West
ORD-004270,USB-C Cable,Electronics,1.0,180.47,180.47,2024-07-03,South
ORD-004271,Dumbbells Set,Sports,1.0,2369.41,2369.41,2024-08-25,West
ORD-004272,Gym Gloves,Sports,2.0,459.99,919.98,2023-09-10,North
ORD-004273,Cricket Bat,Sports,1.0,1454.11,1454.11,2023-10-17,North
ORD-004274,Cloud Computing,Books,1.0,651.6,651.6,2023-12-10,South
ORD-004275,Water Bottle,Home & Kitchen,3.0,308.4,925.2,2024-03-14,North
ORD-004276,Cotton T-Shirt,Clothing,6.0,475.19,2851.14,2023-06-05,North
ORD-004277,Machine Learning,Books,1.0,880.12,880.12,2024-05-05,East
ORD-004278,Formal Shirt,Clothing,1.0,864.2,864.2,2023-11-21,West
ORD-004279,HD Webcam,Electronics,2.0,1206.43,2412.86,2023-11-24,Central
ORD-004280,Data Science Guide,Books,2.0,809.64,1619.28,2023-09-02,West
ORD-004281,Headphones,Electronics,2.0,1654.07,3308.14,2023-05-09,West
ORD-004282,Running Shoes,Clothing,1.0,2475.87,2475.87,2024-05-10,Central
ORD-004283,USB Keyboard,Electronics,,614.71,614.71,2024-05-28,West
ORD-004284,Statistics Book,Books,4.0,668.96,2675.84,2023-07-23,North
ORD-004285,HD Webcam,Electronics,2.0,1070.96,2141.92,2023-03-16,Central
ORD-004286,Winter Jacket,Clothing,1.0,3487.31,3487.31,2023-10-30,Central
ORD-004287,USB-C Cable,Electronics,6.0,218.2,1309.2,2024-11-05,West
ORD-004288,Data Science Guide,Books,3.0,867.0,2601.0,2024-09-25,Central
ORD-004289,Headphones,Electronics,3.0,1594.4,4783.2,2023-04-21,South
ORD-004290,Statistics Book,Books,1.0,559.57,559.57,2024-04-11,East
ORD-004291,Web Development,Books,1.0,649.93,649.93,2023-07-19,North
ORD-004292,Air Purifier,Home & Kitchen,1.0,5508.34,5508.34,2023-06-15,Central
ORD-004293,AI Foundations,Books,2.0,1036.21,2072.42,2023-07-20,Central
ORD-004294,Running Shoes,Clothing,4.0,2694.1,10776.4,2023-04-01,North
ORD-004295,Yoga Mat,Sports,2.0,951.13,1902.26,2024-04-14,East
ORD-004296,Sneakers,Clothing,1.0,1899.79,1899.79,2023-02-21,West
ORD-004297,Dumbbells Set,Sports,1.0,2370.62,2370.62,2023-03-26,
ORD-004298,Wireless Mouse,Electronics,1.0,494.39,494.39,2023-03-12,North
ORD-004299,Wireless Mouse,Electronics,1.0,436.68,436.68,2024-05-31,East
ORD-004300,Formal Shirt,Clothing,2.0,925.4,1850.8,2024-04-24,Central
ORD-004301,Winter Jacket,Clothing,1.0,3499.41,3499.41,2023-11-23,North
ORD-004302,Data Science Guide,Books,1.0,747.15,747.15,2024-09-06,South
ORD-004303,Dumbbells Set,Sports,1.0,2851.58,2851.58,2023-09-16,West
ORD-004304,Statistics Book,Books,1.0,598.39,598.39,2023-10-18,North
ORD-004305,Denim Jeans,Clothing,2.0,1422.65,2845.3,2024-05-21,South
ORD-004306,Air Purifier,Home & Kitchen,1.0,4838.3,4838.3,2024-06-14,South
ORD-004307,Cricket Bat,Sports,2.0,1404.61,2809.22,2024-05-25,North
ORD-004308,HD Webcam,Electronics,3.0,1259.07,3777.21,2023-01-22,North
ORD-004309,Python Programming,Books,1.0,513.48,513.48,2023-11-24,West
ORD-004310,Desk Lamp,Home & Kitchen,2.0,529.73,1059.46,2023-05-27,
ORD-004311,Cotton T-Shirt,Clothing,8.0,453.81,3630.48,2024-10-22,North
ORD-004312,Web Development,Books,1.0,754.07,754.07,2024-01-26,Central
ORD-004313,USB Keyboard,Electronics,1.0,559.85,559.85,2023-03-01,North
ORD-004314,Football,Sports,1.0,804.04,804.04,2023-03-09,West
ORD-004315,Non-Stick Pan,Home & Kitchen,1.0,914.63,914.63,2023-06-27,North
ORD-004316,Coffee Maker,Home & Kitchen,1.0,2831.36,2831.36,2023-12-10,West
ORD-004317,Yoga Mat,Sports,2.0,777.46,1554.92,2024-09-28,South
ORD-004318,Sunglasses,Clothing,1.0,737.26,737.26,2024-03-03,South
ORD-004319,Cotton T-Shirt,Clothing,3.0,436.48,1309.44,2024-06-08,Central
ORD-004320,Data Science Guide,Books,1.0,886.54,886.54,2023-12-24,East
ORD-004321,SQL Handbook,Books,1.0,554.66,554.66,2024-04-13,Central
ORD-004322,Denim Jeans,Clothing,1.0,1240.1,1240.1,2023-04-01,East
ORD-004323,Winter Jacket,Clothing,1.0,3428.3,3428.3,2023-01-09,Central
ORD-004324,Jump Rope,Sports,4.0,341.94,1367.76,2024-09-25,North
ORD-004325,Dumbbells Set,Sports,3.0,2440.67,7322.01,2023-11-12,North
ORD-004326,AI Foundations,Books,1.0,1067.47,1067.47,2024-10-25,South
ORD-004327,Statistics Book,Books,5.0,570.79,2853.95,2024-05-05,East
ORD-004328,Machine Learning,Books,4.0,982.74,3930.96,2024-11-04,North
ORD-004329,Sneakers,Clothing,3.0,2097.83,6293.49,2024-07-11,South
ORD-004330,Laptop Stand,Electronics,1.0,1240.03,1240.03,2024-10-17,North
ORD-004331,Running Shoes,Clothing,1.0,2456.91,2456.91,2024-03-11,West
ORD-004332,Yoga Mat,Sports,1.0,816.66,816.66,2024-08-06,West
ORD-004333,Laptop Stand,Electronics,1.0,1116.6,1116.6,2023-11-29,West
ORD-004334,Yoga Mat,Sports,3.0,921.58,2764.74,2024-04-19,West
ORD-004335,Dumbbells Set,Sports,1.0,2590.83,2590.83,2023-05-19,East
ORD-004336,Sneakers,Clothing,1.0,2200.47,2200.47,2023-11-27,South
ORD-004337,Bluetooth Speaker,Electronics,1.0,1930.71,1930.71,2024-07-24,North
ORD-004338,USB Keyboard,Electronics,2.0,609.23,1218.46,2024-12-28,
ORD-004339,Laptop Stand,Electronics,1.0,1127.3,1127.3,2023-12-04,East
ORD-004340,Sports Shorts,Clothing,2.0,613.61,1227.22,2024-02-10,East
ORD-004341,USB Keyboard,Electronics,1.0,560.18,560.18,2023-11-12,Central
ORD-004342,Non-Stick Pan,Home & Kitchen,1.0,723.17,723.17,2023-01-05,South
ORD-004343,Sunglasses,Clothing,1.0,796.91,796.91,2024-07-28,West
ORD-004344,Bluetooth Speaker,Electronics,1.0,1606.3,1606.3,2024-10-19,North
ORD-004345,USB Keyboard,Electronics,2.0,555.07,1110.14,2023-06-03,West
ORD-004346,Python Programming,Books,1.0,611.87,611.87,2024-05-20,Central
ORD-004347,AI Foundations,Books,1.0,897.72,897.72,2023-06-02,Central
ORD-004348,Web Development,Books,3.0,597.44,1792.32,2023-05-02,North
ORD-004349,Wireless Mouse,Electronics,4.0,385.17,1540.68,2024-05-25,North
ORD-004350,Air Purifier,Home & Kitchen,2.0,4884.23,9768.46,2024-01-30,South
ORD-004351,Jump Rope,Sports,1.0,338.93,338.93,2024-01-08,West
ORD-004352,Non-Stick Pan,Home & Kitchen,2.0,797.76,1595.52,2024-12-15,West
ORD-004353,Power Bank 10000mAh,Electronics,5.0,943.05,4715.25,2023-11-09,East
ORD-004354,Cloud Computing,Books,2.0,722.13,1444.26,2023-09-19,Central
ORD-004355,Sports Shorts,Clothing,1.0,791.21,791.21,2024-10-23,North
ORD-004356,Coffee Maker,Home & Kitchen,1.0,2445.87,2445.87,2023-10-15,East
ORD-004357,Water Bottle Sport,Sports,7.0,350.48,2453.36,2023-12-29,West
ORD-004358,Desk Lamp,Home & Kitchen,3.0,663.0,1989.0,2023-10-31,West
ORD-004359,Water Bottle,Home & Kitchen,1.0,291.51,291.51,2024-10-07,East
ORD-004360,Statistics Book,Books,3.0,598.44,1795.32,2023-11-03,North
ORD-004361,Cloud Computing,Books,1.0,637.68,637.68,2024-01-09,East
ORD-004362,Resistance Bands,Sports,4.0,444.94,1779.76,2023-09-07,South
ORD-004363,Football,Sports,1.0,739.51,739.51,2024-11-03,North
ORD-004364,AI Foundations,Books,3.0,856.28,2568.84,2024-07-02,West
ORD-004365,Blender,Home & Kitchen,2.0,2024.75,4049.5,2023-03-03,East
ORD-004366,Resistance Bands,Sports,4.0,426.87,1707.48,2024-02-15,North
ORD-004367,Web Development,Books,1.0,800.87,800.87,2023-10-15,East
ORD-004368,Cotton T-Shirt,Clothing,5.0,458.17,2290.85,2024-12-14,West
ORD-004369,Sports Shorts,Clothing,3.0,787.51,2362.53,2023-10-04,West
ORD-004370,Bluetooth Speaker,Electronics,1.0,1564.26,1564.26,2024-07-29,North
ORD-004371,Gym Gloves,Sports,1.0,525.43,525.43,2023-04-23,West
ORD-004372,Power Bank 10000mAh,Electronics,3.0,814.04,2442.12,2023-12-18,East
ORD-004373,Desk Lamp,Home & Kitchen,2.0,520.78,1041.56,2023-12-18,Central
ORD-004374,Resistance Bands,Sports,3.0,421.09,1263.27,2024-12-01,West
ORD-004375,AI Foundations,Books,1.0,1065.4,1065.4,2023-07-12,Central
ORD-004376,HD Webcam,Electronics,2.0,1227.4,2454.8,2023-09-02,South
ORD-004377,Sneakers,Clothing,1.0,1975.44,1975.44,2024-01-02,South
ORD-004378,Water Bottle Sport,Sports,6.0,315.83,1894.98,2024-11-22,West
ORD-004379,Wireless Mouse,Electronics,1.0,412.67,412.67,2024-06-20,North
ORD-004380,Blender,Home & Kitchen,1.0,1659.87,1659.87,2023-10-27,West
ORD-004381,Python Programming,Books,4.0,621.61,2486.44,2024-09-10,East
ORD-004382,Coffee Maker,Home & Kitchen,1.0,2800.29,2800.29,2023-03-22,South
ORD-004383,Blender,Home & Kitchen,2.0,1872.65,3745.3,2024-12-01,North
ORD-004384,Machine Learning,Books,1.0,992.1,992.1,2024-04-30,South
ORD-004385,Winter Jacket,Clothing,1.0,3074.36,3074.36,2024-03-28,West
ORD-004386,USB-C Cable,Electronics,4.0,194.41,777.64,2024-05-02,West
ORD-004387,Sneakers,Clothing,1.0,1803.38,1803.38,2023-09-21,South
ORD-004388,Resistance Bands,Sports,1.0,455.94,455.94,2024-06-22,West
ORD-004389,Machine Learning,Books,1.0,1015.76,1015.76,2023-01-15,South
ORD-004390,Denim Jeans,Clothing,3.0,1197.87,3593.61,2024-09-09,West
ORD-004391,Sports Shorts,Clothing,4.0,697.76,2791.04,2023-03-17,North
ORD-004392,Non-Stick Pan,Home & Kitchen,2.0,826.7,1653.4,2024-12-30,East
ORD-004393,Running Shoes,Clothing,1.0,2438.1,2438.1,2024-11-24,North
ORD-004394,HD Webcam,Electronics,1.0,1102.49,1102.49,2023-08-09,West
ORD-004395,Yoga Mat,Sports,2.0,993.45,1986.9,2023-11-12,North
ORD-004396,Air Purifier,Home & Kitchen,1.0,5160.68,5160.68,2023-02-28,North
ORD-004397,Blender,Home & Kitchen,2.0,1696.62,3393.24,2023-02-17,North
ORD-004398,Denim Jeans,Clothing,1.0,1287.85,1287.85,2023-09-10,West
ORD-004399,Statistics Book,Books,1.0,670.35,670.35,2024-04-22,North
ORD-004400,Storage Containers,Home & Kitchen,1.0,326.51,326.51,2024-08-27,South
ORD-004401,Bluetooth Speaker,Electronics,1.0,1765.37,1765.37,2024-10-24,East
ORD-004402,Denim Jeans,Clothing,2.0,1437.64,2875.28,2023-02-09,West
ORD-004403,Jump Rope,Sports,4.0,311.78,1247.12,2024-05-10,South
ORD-004404,Machine Learning,Books,1.0,1020.02,1020.02,2024-11-30,Central
ORD-004405,Cricket Bat,Sports,1.0,1705.84,1705.84,2024-02-04,West
ORD-004406,Web Development,Books,3.0,770.69,2312.07,2023-06-15,North
ORD-004407,Dumbbells Set,Sports,1.0,2490.88,2490.88,2023-02-24,West
ORD-004408,Running Shoes,Clothing,1.0,2308.72,2308.72,2023-04-11,
ORD-004409,USB-C Cable,Electronics,3.0,196.64,589.92,2024-03-29,West
ORD-004410,Wireless Mouse,Electronics,1.0,451.87,451.87,2024-01-03,East
ORD-004411,Headphones,Electronics,3.0,1657.7,4973.1,2024-10-20,West
ORD-004412,USB-C Cable,Electronics,2.0,185.52,371.04,2023-07-21,North
ORD-004413,Cotton T-Shirt,Clothing,5.0,480.63,2403.15,2023-05-15,West
ORD-004414,Sunglasses,Clothing,2.0,891.78,1783.56,2024-07-22,West
ORD-004415,Blender,Home & Kitchen,1.0,1794.29,1794.29,2023-02-26,South
ORD-004416,Python Programming,Books,1.0,517.69,517.69,2023-09-01,North
ORD-004417,Formal Shirt,Clothing,1.0,888.01,888.01,2024-02-22,South
ORD-004418,HD Webcam,Electronics,2.0,1215.01,2430.02,2023-09-03,North
ORD-004419,Bluetooth Speaker,Electronics,1.0,1771.06,1771.06,2024-07-16,North
ORD-004420,Coffee Maker,Home & Kitchen,1.0,2405.51,2405.51,2023-09-07,North
ORD-004421,Air Purifier,Home & Kitchen,3.0,4601.61,13804.83,2023-06-02,West
ORD-004422,Sports Shorts,Clothing,2.0,755.82,1511.64,2023-08-30,West
ORD-004423,Laptop Stand,Electronics,1.0,1192.31,1192.31,2024-06-19,South
ORD-004424,Python Programming,Books,1.0,630.76,630.76,2023-09-01,West
ORD-004425,Web Development,Books,1.0,691.84,691.84,2024-01-25,East
ORD-004426,Towel Set,Home & Kitchen,1.0,517.45,517.45,2024-03-14,North
ORD-004427,Denim Jeans,Clothing,3.0,1143.01,3429.03,2023-09-21,North
ORD-004428,Python Programming,Books,1.0,552.54,552.54,2024-04-12,East
ORD-004429,USB-C Cable,Electronics,2.0,196.54,393.08,2023-04-17,East
ORD-004430,USB Keyboard,Electronics,1.0,673.83,673.83,2024-08-21,West
ORD-004431,Blender,Home & Kitchen,1.0,1853.6,1853.6,2023-09-23,East
ORD-004432,Water Bottle Sport,Sports,6.0,382.79,2296.74,2023-12-19,East
ORD-004433,Statistics Book,Books,1.0,637.16,637.16,2024-05-25,West
ORD-004434,Laptop Stand,Electronics,2.0,1014.37,2028.74,2023-05-25,South
ORD-004435,HD Webcam,Electronics,1.0,1157.41,1157.41,2024-02-16,West
ORD-004436,Football,Sports,1.0,797.66,797.66,2023-01-26,East
ORD-004437,Sunglasses,Clothing,1.0,690.31,690.31,2023-10-21,West
ORD-004438,Formal Shirt,Clothing,6.0,782.72,4696.32,2024-11-14,South
ORD-004439,Statistics Book,Books,1.0,591.52,591.52,2023-06-30,North
ORD-004440,Coffee Maker,Home & Kitchen,1.0,2436.1,2436.1,2023-03-15,North
ORD-004441,Air Purifier,Home & Kitchen,2.0,4810.93,9621.86,2024-10-03,South
ORD-004442,Denim Jeans,Clothing,1.0,1311.42,1311.42,2024-09-07,South
ORD-004443,SQL Handbook,Books,2.0,461.61,923.22,2024-05-05,South
ORD-004444,Water Bottle Sport,Sports,2.0,347.22,694.44,2024-08-30,North
ORD-004445,Web Development,Books,1.0,707.66,707.66,2023-01-04,East
ORD-004446,Football,Sports,3.0,844.57,2533.71,2024-02-16,North
ORD-004447,Air Purifier,Home & Kitchen,1.0,5309.36,5309.36,2023-05-29,Central
ORD-004448,HD Webcam,Electronics,1.0,1157.99,1157.99,2024-05-09,East
ORD-004449,Coffee Maker,Home & Kitchen,2.0,2161.54,4323.08,2023-02-14,West
ORD-004450,Denim Jeans,Clothing,1.0,1170.53,1170.53,2023-03-25,East
ORD-004451,Towel Set,Home & Kitchen,2.0,512.82,1025.64,2023-05-08,East
ORD-004452,Statistics Book,Books,1.0,712.74,712.74,2024-10-29,South
ORD-004453,SQL Handbook,Books,1.0,466.79,466.79,2024-08-13,East
ORD-004454,Yoga Mat,Sports,3.0,998.32,2994.96,2023-11-20,North
ORD-004455,USB Keyboard,Electronics,1.0,632.3,632.3,2023-10-13,South
ORD-004456,AI Foundations,Books,2.0,1014.85,2029.7,2024-06-13,East
ORD-004457,Wireless Mouse,Electronics,1.0,411.02,411.02,2024-03-19,West
ORD-004458,Water Bottle,Home & Kitchen,3.0,290.74,872.22,2023-09-07,West
ORD-004459,Sunglasses,Clothing,3.0,786.69,2360.07,2024-01-11,North
ORD-004460,Data Science Guide,Books,1.0,825.08,825.08,2024-03-04,North
ORD-004461,Dumbbells Set,Sports,1.0,2792.61,2792.61,2023-04-01,East
ORD-004462,Yoga Mat,Sports,2.0,1019.76,2039.52,2024-02-06,West
ORD-004463,Bluetooth Speaker,Electronics,1.0,1799.78,1799.78,2024-10-20,South
ORD-004464,AI Foundations,Books,1.0,1057.62,1057.62,2023-07-13,North
ORD-004465,Winter Jacket,Clothing,1.0,3816.36,3816.36,2024-03-07,North
ORD-004466,AI Foundations,Books,3.0,1075.22,3225.66,2023-10-02,North
ORD-004467,Yoga Mat,Sports,1.0,808.2,808.2,2023-09-06,South
ORD-004468,Blender,Home & Kitchen,2.0,1901.01,3802.02,2024-06-12,South
ORD-004469,Web Development,Books,6.0,717.03,4302.18,2024-11-27,West
ORD-004470,HD Webcam,Electronics,1.0,1379.71,1379.71,2024-05-08,North
ORD-004471,Running Shoes,Clothing,1.0,2792.86,2792.86,2023-11-26,North
ORD-004472,Coffee Maker,Home & Kitchen,1.0,2262.29,2262.29,2024-09-06,East
ORD-004473,Power Bank 10000mAh,Electronics,2.0,1006.35,2012.7,2024-05-20,Central
ORD-004474,HD Webcam,Electronics,1.0,1312.0,1312.0,2024-12-24,North
ORD-004475,Water Bottle Sport,Sports,2.0,323.99,647.98,2023-08-27,South
ORD-004476,Formal Shirt,Clothing,1.0,848.82,848.82,2023-11-22,North
ORD-004477,Bluetooth Speaker,Electronics,2.0,1962.53,3925.06,2023-01-09,East
ORD-004478,Gym Gloves,Sports,1.0,512.05,512.05,2024-09-28,West
ORD-004479,Blender,Home & Kitchen,1.0,1691.41,1691.41,2024-08-16,South
ORD-004480,HD Webcam,Electronics,2.0,1194.04,2388.08,2024-12-20,West
ORD-004481,Sports Shorts,Clothing,3.0,788.28,2364.84,2024-10-28,South
ORD-004482,Dumbbells Set,Sports,1.0,2285.93,2285.93,2023-03-10,East
ORD-004483,Sneakers,Clothing,1.0,2114.39,2114.39,2024-04-08,North
ORD-004484,Formal Shirt,Clothing,4.0,812.77,3251.08,2023-01-12,North
ORD-004485,Running Shoes,Clothing,1.0,2586.51,2586.51,2023-10-04,Central
ORD-004486,Cotton T-Shirt,Clothing,3.0,460.92,1382.76,2024-02-26,West
ORD-004487,AI Foundations,Books,3.0,877.37,2632.11,2023-11-12,East
ORD-004488,Storage Containers,Home & Kitchen,2.0,376.3,752.6,2023-10-02,East
ORD-004489,Air Purifier,Home & Kitchen,1.0,4295.37,4295.37,2024-11-16,West
ORD-004490,Sports Shorts,Clothing,4.0,658.66,2634.64,2023-01-08,South
ORD-004491,USB Keyboard,Electronics,5.0,635.53,3177.65,2024-11-15,North
ORD-004492,Water Bottle,Home & Kitchen,1.0,326.15,326.15,2023-10-08,South
ORD-004493,Towel Set,Home & Kitchen,2.0,606.04,1212.08,2023-12-26,West
ORD-004494,Sunglasses,Clothing,1.0,878.3,878.3,2023-02-09,North
ORD-004495,Coffee Maker,Home & Kitchen,1.0,2165.99,2165.99,2024-12-01,Central
ORD-004496,Sneakers,Clothing,1.0,2191.99,2191.99,2023-03-19,North
ORD-004497,Sports Shorts,Clothing,5.0,650.18,3250.9,2024-01-28,West
ORD-004498,Cricket Bat,Sports,1.0,1352.62,1352.62,2023-02-06,East
ORD-004499,Statistics Book,Books,1.0,746.15,746.15,2024-08-20,East
ORD-004500,Sports Shorts,Clothing,1.0,674.62,674.62,2023-08-28,East
ORD-004501,USB Keyboard,Electronics,2.0,705.07,1410.14,2024-10-02,North
ORD-004502,Bluetooth Speaker,Electronics,2.0,1883.0,3766.0,2023-11-09,Central
ORD-004503,Non-Stick Pan,Home & Kitchen,3.0,721.74,2165.22,2024-01-23,West
ORD-004504,Water Bottle,Home & Kitchen,4.0,281.05,1124.2,2023-07-15,East
ORD-004505,Football,Sports,2.0,792.44,1584.88,2023-09-01,North
ORD-004506,Water Bottle Sport,Sports,3.0,323.29,969.87,2024-03-22,North
ORD-004507,AI Foundations,Books,1.0,923.8,923.8,2023-10-22,East
ORD-004508,Machine Learning,Books,3.0,769.77,2309.31,2024-07-21,South
ORD-004509,Non-Stick Pan,Home & Kitchen,1.0,718.24,718.24,2024-08-14,West
ORD-004510,Gym Gloves,Sports,1.0,571.68,571.68,2024-09-15,East
ORD-004511,Bluetooth Speaker,Electronics,2.0,2018.33,4036.66,2024-08-05,Central
ORD-004512,SQL Handbook,Books,3.0,514.11,1542.33,2023-12-01,West
ORD-004513,Statistics Book,Books,2.0,640.8,1281.6,2023-12-03,West
ORD-004514,Football,Sports,1.0,821.03,821.03,2023-01-05,East
ORD-004515,Air Purifier,Home & Kitchen,1.0,4932.01,4932.01,2024-07-17,Central
ORD-004516,Water Bottle,Home & Kitchen,5.0,340.52,1702.6,2024-11-13,South
ORD-004517,Resistance Bands,Sports,1.0,423.04,423.04,2024-04-12,East
ORD-004518,Laptop Stand,Electronics,1.0,1214.27,1214.27,2024-08-21,East
ORD-004519,USB Keyboard,Electronics,3.0,594.4,1783.2,2023-01-27,East
ORD-004520,Data Science Guide,Books,1.0,877.93,877.93,2023-12-11,South
ORD-004521,Non-Stick Pan,Home & Kitchen,1.0,809.26,809.26,2024-10-30,East
ORD-004522,USB Keyboard,Electronics,1.0,609.54,609.54,2024-01-29,East
ORD-004523,Winter Jacket,Clothing,1.0,3992.0,3992.0,2023-10-18,South
ORD-004524,AI Foundations,Books,1.0,1146.51,1146.51,2023-01-20,South
ORD-004525,USB-C Cable,Electronics,3.0,211.38,634.14,2024-02-23,West
ORD-004526,Sunglasses,Clothing,2.0,711.68,1423.36,2023-12-18,West
ORD-004527,Air Purifier,Home & Kitchen,1.0,4956.45,4956.45,2024-07-28,West
ORD-004528,Cricket Bat,Sports,1.0,1330.08,1330.08,2023-12-06,Central
ORD-004529,Sports Shorts,Clothing,2.0,737.27,1474.54,2023-02-27,North
ORD-004530,Towel Set,Home & Kitchen,1.0,644.93,644.93,2024-03-14,Central
ORD-004531,Coffee Maker,Home & Kitchen,1.0,2690.83,2690.83,2024-10-06,East
ORD-004532,Desk Lamp,Home & Kitchen,6.0,665.16,3990.96,2024-02-21,West
ORD-004533,Sports Shorts,Clothing,2.0,598.12,1196.24,2024-06-08,West
ORD-004534,USB Keyboard,Electronics,3.0,665.23,1995.69,2023-05-25,East
ORD-004535,Bluetooth Speaker,Electronics,3.0,1877.06,5631.18,2023-01-02,East
ORD-004536,Air Purifier,Home & Kitchen,1.0,4774.46,4774.46,2024-12-26,South
ORD-004537,Python Programming,Books,3.0,,1751.16,2023-08-10,North
ORD-004538,Sneakers,Clothing,1.0,2106.95,2106.95,2023-08-09,North
ORD-004539,Resistance Bands,Sports,3.0,410.7,1232.1,2024-02-17,West
ORD-004540,Winter Jacket,Clothing,1.0,3681.93,3681.93,2023-04-18,North
ORD-004541,Sports Shorts,Clothing,1.0,612.77,612.77,2024-03-26,West
ORD-004542,Headphones,Electronics,1.0,1673.66,1673.66,2023-08-14,South
ORD-004543,Towel Set,Home & Kitchen,1.0,540.25,540.25,2024-04-17,South
ORD-004544,Sneakers,Clothing,1.0,1965.71,1965.71,2023-09-08,South
ORD-004545,Headphones,Electronics,1.0,1498.11,1498.11,2024-05-22,West
ORD-004546,Storage Containers,Home & Kitchen,4.0,321.72,1286.88,2024-12-01,South
ORD-004547,Gym Gloves,Sports,1.0,551.16,551.16,2023-05-22,South
ORD-004548,SQL Handbook,Books,3.0,541.52,1624.56,2023-01-29,East
ORD-004549,Statistics Book,Books,1.0,556.52,556.52,2024-07-24,Central
ORD-004550,Headphones,Electronics,2.0,1311.23,2622.46,2024-03-07,East
ORD-004551,Desk Lamp,Home & Kitchen,2.0,566.13,1132.26,2023-11-02,East
ORD-004552,Winter Jacket,Clothing,1.0,3035.23,3035.23,2023-03-02,North
ORD-004553,Power Bank 10000mAh,Electronics,6.0,864.64,5187.84,2023-02-04,South
ORD-004554,Cricket Bat,Sports,1.0,1598.99,1598.99,2023-09-05,South
ORD-004555,Gym Gloves,Sports,5.0,478.86,2394.3,2024-11-01,South
ORD-004556,Winter Jacket,Clothing,1.0,3406.23,3406.23,2024-11-24,Central
ORD-004557,Wireless Mouse,Electronics,2.0,497.99,995.98,2023-09-24,East
ORD-004558,USB Keyboard,Electronics,1.0,711.41,711.41,2023-03-03,East
ORD-004559,Water Bottle,Home & Kitchen,2.0,315.99,631.98,2023-03-21,East
ORD-004560,Water Bottle Sport,Sports,3.0,305.73,917.19,2023-11-18,North
ORD-004561,Desk Lamp,Home & Kitchen,3.0,558.87,1676.61,2024-04-03,South
ORD-004562,Storage Containers,Home & Kitchen,1.0,393.32,393.32,2024-04-26,East
ORD-004563,Cloud Computing,Books,5.0,798.56,3992.8,2024-11-15,West
ORD-004564,Statistics Book,Books,1.0,703.9,703.9,2024-11-18,South
ORD-004565,Cotton T-Shirt,Clothing,2.0,479.37,958.74,2024-01-17,South
ORD-004566,Gym Gloves,Sports,2.0,516.79,1033.58,2023-01-18,South
ORD-004567,Winter Jacket,Clothing,1.0,3740.43,3740.43,2024-12-09,East
ORD-004568,Sunglasses,Clothing,2.0,884.18,1768.36,2024-03-08,South
ORD-004569,Web Development,Books,4.0,630.79,2523.16,2024-09-30,North
ORD-004570,Non-Stick Pan,Home & Kitchen,1.0,889.05,889.05,2023-12-30,East
ORD-004571,Python Programming,Books,3.0,590.21,1770.63,2023-11-12,North
ORD-004572,Dumbbells Set,Sports,1.0,2679.41,2679.41,2023-09-17,South
ORD-004573,Towel Set,Home & Kitchen,1.0,657.87,657.87,2023-11-03,North
ORD-004574,Storage Containers,Home & Kitchen,4.0,394.02,1576.08,2023-10-16,West
ORD-004575,Winter Jacket,Clothing,1.0,3211.03,3211.03,2024-05-31,South
ORD-004576,Laptop Stand,Electronics,1.0,1221.13,1221.13,2024-02-28,East
ORD-004577,Coffee Maker,Home & Kitchen,1.0,2276.76,2276.76,2023-07-28,South
ORD-004578,Football,Sports,3.0,802.38,2407.14,2023-01-09,North
ORD-004579,AI Foundations,Books,1.0,953.82,953.82,2024-07-01,Central
ORD-004580,Gym Gloves,Sports,1.0,441.95,441.95,2024-10-15,East
ORD-004581,Blender,Home & Kitchen,2.0,1647.13,3294.26,2024-09-29,East
ORD-004582,Coffee Maker,Home & Kitchen,2.0,2539.48,5078.96,2023-06-24,South
ORD-004583,Coffee Maker,Home & Kitchen,1.0,2692.35,2692.35,2024-01-21,North
ORD-004584,Football,Sports,3.0,753.71,2261.13,2023-04-10,West
ORD-004585,Dumbbells Set,Sports,1.0,2697.99,2697.99,2024-07-14,West
ORD-004586,Denim Jeans,Clothing,1.0,1177.83,1177.83,2023-09-22,North
ORD-004587,Cricket Bat,Sports,2.0,1320.38,2640.76,2023-11-16,East
ORD-004588,Towel Set,Home & Kitchen,1.0,661.35,661.35,2023-09-05,West
ORD-004589,HD Webcam,Electronics,1.0,1075.71,1075.71,2023-03-06,Central
ORD-004590,Coffee Maker,Home & Kitchen,1.0,2425.21,2425.21,2023-03-31,North
ORD-004591,USB-C Cable,Electronics,1.0,180.84,180.84,2024-10-18,North
ORD-004592,USB-C Cable,Electronics,2.0,172.67,345.34,2023-08-17,South
ORD-004593,Headphones,Electronics,3.0,1577.27,4731.81,2024-03-27,North
ORD-004594,Laptop Stand,Electronics,1.0,1035.02,1035.02,2024-01-05,West
ORD-004595,Towel Set,Home & Kitchen,3.0,636.36,1909.08,2024-02-21,North
ORD-004596,Blender,Home & Kitchen,1.0,1932.25,1932.25,2023-11-07,Central
ORD-004597,Dumbbells Set,Sports,1.0,2584.37,2584.37,2023-05-25,Central
ORD-004598,Blender,Home & Kitchen,1.0,1788.93,1788.93,2023-06-06,North
ORD-004599,Dumbbells Set,Sports,1.0,2202.6,2202.6,2023-01-24,West
ORD-004600,Statistics Book,Books,4.0,555.01,2220.04,2024-12-07,Central
ORD-004601,Cricket Bat,Sports,2.0,1334.41,2668.82,2023-06-13,West
ORD-004602,Machine Learning,Books,1.0,1013.64,1013.64,2024-03-03,North
ORD-004603,Headphones,Electronics,3.0,1455.95,4367.85,2023-12-31,West
ORD-004604,Statistics Book,Books,1.0,589.33,589.33,2023-05-30,South
ORD-004605,Dumbbells Set,Sports,2.0,2550.51,5101.02,2023-01-04,North
ORD-004606,Towel Set,Home & Kitchen,3.0,608.21,1824.63,2023-05-13,East
ORD-004607,Running Shoes,Clothing,2.0,2843.98,5687.96,2023-05-30,West
ORD-004608,Blender,Home & Kitchen,1.0,1687.54,1687.54,2024-09-22,West
ORD-004609,Jump Rope,Sports,2.0,285.51,571.02,2023-05-06,South
ORD-004610,Cotton T-Shirt,Clothing,5.0,500.75,2503.75,2023-12-06,Central
ORD-004611,HD Webcam,Electronics,1.0,1163.8,1163.8,2024-10-08,West
ORD-004612,Power Bank 10000mAh,Electronics,2.0,977.56,1955.12,2024-07-19,West
ORD-004613,Non-Stick Pan,Home & Kitchen,1.0,882.22,882.22,2024-03-04,Central
ORD-004614,Towel Set,Home & Kitchen,1.0,618.23,618.23,2024-02-13,South
ORD-004615,Yoga Mat,Sports,2.0,935.29,1870.58,2023-09-21,Central
ORD-004616,Gym Gloves,Sports,1.0,527.12,527.12,2024-03-22,North
ORD-004617,Laptop Stand,Electronics,6.0,1051.96,6311.76,2023-12-04,West
ORD-004618,Sunglasses,Clothing,1.0,801.5,801.5,2024-06-27,West
ORD-004619,AI Foundations,Books,1.0,1122.27,1122.27,2024-03-11,East
ORD-004620,Denim Jeans,Clothing,1.0,1477.87,1477.87,2023-07-30,South
ORD-004621,Running Shoes,Clothing,1.0,2190.26,2190.26,2024-08-28,North
ORD-004622,Sneakers,Clothing,1.0,1988.2,1988.2,2023-01-10,East
ORD-004623,Data Science Guide,Books,4.0,730.52,2922.08,2024-08-14,North
ORD-004624,Coffee Maker,Home & Kitchen,1.0,2514.79,2514.79,2023-09-20,West
ORD-004625,Desk Lamp,Home & Kitchen,2.0,638.22,1276.44,2024-07-27,South
ORD-004626,USB Keyboard,Electronics,,662.35,662.35,2023-09-23,North
ORD-004627,Desk Lamp,Home & Kitchen,1.0,609.92,609.92,2023-11-12,East
ORD-004628,Laptop Stand,Electronics,1.0,953.58,953.58,2024-04-30,East
ORD-004629,Running Shoes,Clothing,1.0,2494.07,2494.07,2024-11-04,West
ORD-004630,Water Bottle,Home & Kitchen,4.0,323.24,1292.96,2024-10-03,West
ORD-004631,Water Bottle,Home & Kitchen,4.0,307.34,1229.36,2024-12-06,North
ORD-004632,Cricket Bat,Sports,2.0,1348.24,2696.48,2023-06-12,East
ORD-004633,USB Keyboard,Electronics,2.0,600.37,1200.74,2024-06-23,North
ORD-004634,AI Foundations,Books,2.0,938.47,1876.94,2024-03-13,Central
ORD-004635,Cloud Computing,Books,1.0,749.54,749.54,2024-02-24,East
ORD-004636,SQL Handbook,Books,5.0,456.91,2284.55,2023-11-28,Central
ORD-004637,Blender,Home & Kitchen,1.0,1697.64,1697.64,2024-08-11,North
ORD-004638,Denim Jeans,Clothing,1.0,1238.45,1238.45,2024-05-04,West
ORD-004639,Air Purifier,Home & Kitchen,1.0,4981.82,4981.82,2024-05-30,East
ORD-004640,SQL Handbook,Books,3.0,433.79,1301.37,2023-03-31,West
ORD-004641,Water Bottle Sport,Sports,6.0,393.87,2363.22,2024-12-01,South
ORD-004642,Coffee Maker,Home & Kitchen,1.0,2586.79,2586.79,2024-10-29,
ORD-004643,Blender,Home & Kitchen,1.0,1845.6,1845.6,2023-08-18,West
ORD-004644,USB-C Cable,Electronics,1.0,222.09,222.09,2024-10-18,East
ORD-004645,Statistics Book,Books,2.0,553.2,1106.4,2023-09-01,West
ORD-004646,Football,Sports,2.0,875.27,1750.54,2023-12-26,North
ORD-004647,Laptop Stand,Electronics,1.0,963.33,963.33,2023-07-16,West
ORD-004648,Jump Rope,Sports,2.0,269.63,539.26,2024-10-29,South
ORD-004649,Formal Shirt,Clothing,1.0,822.13,822.13,2024-07-08,West
ORD-004650,Cricket Bat,Sports,1.0,1522.97,1522.97,2024-05-06,East
ORD-004651,Resistance Bands,Sports,4.0,,1380.2,2024-03-22,North
ORD-004652,Yoga Mat,Sports,1.0,819.16,819.16,2023-10-09,Central
ORD-004653,Yoga Mat,Sports,2.0,854.13,1708.26,2023-03-15,North
ORD-004654,Sports Shorts,Clothing,1.0,801.07,801.07,2024-06-23,East
ORD-004655,Blender,Home & Kitchen,1.0,2115.91,2115.91,2023-09-25,South
ORD-004656,Cricket Bat,Sports,1.0,1674.62,1674.62,2024-02-07,East
ORD-004657,Water Bottle,Home & Kitchen,2.0,298.62,597.24,2024-10-10,North
ORD-004658,Desk Lamp,Home & Kitchen,2.0,662.36,1324.72,2024-02-09,South
ORD-004659,Dumbbells Set,Sports,1.0,2238.97,2238.97,2023-04-20,East
ORD-004660,Water Bottle,Home & Kitchen,1.0,337.17,337.17,2024-03-31,North
ORD-004661,Gym Gloves,Sports,3.0,436.95,1310.85,2023-02-13,Central
ORD-004662,Blender,Home & Kitchen,1.0,1738.06,1738.06,2024-10-26,North
ORD-004663,Headphones,Electronics,2.0,1419.01,2838.02,2024-04-09,North
ORD-004664,Sneakers,Clothing,1.0,1829.61,1829.61,2023-07-06,East
ORD-004665,Cloud Computing,Books,2.0,701.49,1402.98,2024-10-18,South
ORD-004666,Python Programming,Books,1.0,523.92,523.92,2024-05-07,West
ORD-004667,Dumbbells Set,Sports,2.0,2466.08,4932.16,2024-09-13,South
ORD-004668,HD Webcam,Electronics,1.0,1119.84,1119.84,2024-08-09,North
ORD-004669,Air Purifier,Home & Kitchen,1.0,4399.59,4399.59,2023-12-14,Central
ORD-004670,Cricket Bat,Sports,2.0,1615.9,3231.8,2024-06-16,East
ORD-004671,Towel Set,Home & Kitchen,2.0,587.21,1174.42,2023-10-06,South
ORD-004672,Non-Stick Pan,Home & Kitchen,1.0,757.33,757.33,2024-05-07,West
ORD-004673,Desk Lamp,Home & Kitchen,4.0,549.16,2196.64,2024-10-15,West
ORD-004674,Jump Rope,Sports,3.0,284.31,852.93,2024-11-04,South
ORD-004675,Cricket Bat,Sports,2.0,1647.43,3294.86,2023-05-25,South
ORD-004676,Yoga Mat,Sports,3.0,1020.22,3060.66,2024-05-13,North
ORD-004677,USB-C Cable,Electronics,1.0,196.84,196.84,2023-08-04,North
ORD-004678,Wireless Mouse,Electronics,1.0,427.46,427.46,2023-04-23,South
ORD-004679,Web Development,Books,4.0,649.27,2597.08,2023-10-22,West
ORD-004680,Towel Set,Home & Kitchen,2.0,678.53,1357.06,2023-05-17,East
ORD-004681,Gym Gloves,Sports,3.0,457.57,1372.71,2024-02-15,South
ORD-004682,SQL Handbook,Books,2.0,473.37,946.74,2023-04-08,West
ORD-004683,Web Development,Books,5.0,625.95,3129.75,2024-09-26,Central
ORD-004684,Gym Gloves,Sports,4.0,426.79,1707.16,2024-01-17,West
ORD-004685,Gym Gloves,Sports,3.0,469.27,1407.81,2024-05-12,East
ORD-004686,Dumbbells Set,Sports,1.0,2157.37,2157.37,2024-10-31,West
ORD-004687,Resistance Bands,Sports,2.0,432.12,864.24,2024-10-05,South
ORD-004688,Winter Jacket,Clothing,2.0,3643.95,7287.9,2024-11-01,South
ORD-004689,Non-Stick Pan,Home & Kitchen,1.0,775.14,775.14,2024-04-21,East
ORD-004690,Data Science Guide,Books,3.0,797.25,2391.75,2023-09-18,East
ORD-004691,Formal Shirt,Clothing,3.0,956.62,2869.86,2023-05-08,East
ORD-004692,Bluetooth Speaker,Electronics,2.0,1731.35,3462.7,2024-05-26,West
ORD-004693,USB Keyboard,Electronics,1.0,671.15,671.15,2024-04-17,South
ORD-004694,USB Keyboard,Electronics,1.0,684.67,684.67,2024-04-16,West
ORD-004695,USB Keyboard,Electronics,1.0,735.82,735.82,2024-03-24,East
ORD-004696,Non-Stick Pan,Home & Kitchen,1.0,847.11,847.11,2024-05-15,North
ORD-004697,Gym Gloves,Sports,3.0,483.71,1451.13,2023-11-18,West
ORD-004698,USB-C Cable,Electronics,2.0,183.26,366.52,2024-08-15,East
ORD-004699,Water Bottle Sport,Sports,3.0,322.82,968.46,2024-03-31,Central
ORD-004700,Cloud Computing,Books,1.0,788.05,788.05,2023-09-03,South
ORD-004701,Water Bottle Sport,Sports,4.0,344.23,1376.92,2023-02-16,North
ORD-004702,Football,Sports,1.0,910.95,910.95,2023-10-04,North
ORD-004703,Coffee Maker,Home & Kitchen,1.0,2179.94,2179.94,2023-07-18,North
ORD-004704,Jump Rope,Sports,1.0,311.13,311.13,2023-11-14,Central
ORD-004705,Sneakers,Clothing,3.0,2252.6,6757.8,2024-02-19,South
ORD-004706,Water Bottle Sport,Sports,5.0,389.25,1946.25,2024-03-28,Central
ORD-004707,Non-Stick Pan,Home & Kitchen,1.0,883.89,883.89,2023-07-20,Central
ORD-004708,Wireless Mouse,Electronics,1.0,413.32,413.32,2024-04-12,South
ORD-004709,AI Foundations,Books,1.0,965.98,965.98,2024-07-28,North
ORD-004710,Sports Shorts,Clothing,2.0,734.52,1469.04,2023-07-05,North
ORD-004711,SQL Handbook,Books,5.0,434.38,2171.9,2024-12-25,Central
ORD-004712,Water Bottle Sport,Sports,1.0,307.51,307.51,2024-03-15,West
ORD-004713,Winter Jacket,Clothing,1.0,3631.92,3631.92,2023-06-20,North
ORD-004714,Sneakers,Clothing,1.0,2050.32,2050.32,2023-03-26,West
ORD-004715,Cricket Bat,Sports,1.0,1663.21,1663.21,2023-12-08,South
ORD-004716,Towel Set,Home & Kitchen,4.0,558.18,2232.72,2023-09-28,Central
ORD-004717,Running Shoes,Clothing,1.0,2361.82,2361.82,2024-01-19,South
ORD-004718,USB Keyboard,Electronics,1.0,703.13,703.13,2024-06-17,East
ORD-004719,Coffee Maker,Home & Kitchen,1.0,2461.62,2461.62,2023-08-07,East
ORD-004720,USB-C Cable,Electronics,1.0,202.14,202.14,2023-05-28,
ORD-004721,Dumbbells Set,Sports,3.0,2457.44,7372.32,2024-12-07,Central
ORD-004722,SQL Handbook,Books,1.0,558.55,558.55,2023-04-13,Central
ORD-004723,Power Bank 10000mAh,Electronics,4.0,808.87,3235.48,2024-01-27,Central
ORD-004724,Desk Lamp,Home & Kitchen,4.0,557.12,2228.48,2023-07-23,North
ORD-004725,USB Keyboard,Electronics,4.0,658.13,2632.52,2023-07-09,Central
ORD-004726,Bluetooth Speaker,Electronics,1.0,2004.36,2004.36,2023-01-02,South
ORD-004727,Towel Set,Home & Kitchen,1.0,612.12,612.12,2024-05-09,Central
ORD-004728,Statistics Book,Books,1.0,597.84,597.84,2023-04-22,East
ORD-004729,Sports Shorts,Clothing,1.0,731.34,731.34,2023-01-03,West
ORD-004730,Laptop Stand,Electronics,1.0,1099.67,1099.67,2023-07-09,North
ORD-004731,Water Bottle Sport,Sports,1.0,328.04,328.04,2024-07-28,East
ORD-004732,Football,Sports,1.0,877.41,877.41,2023-02-15,North
ORD-004733,Blender,Home & Kitchen,2.0,1858.78,3717.56,2024-02-15,South
ORD-004734,Dumbbells Set,Sports,2.0,2662.38,5324.76,2024-02-15,West
ORD-004735,Cotton T-Shirt,Clothing,6.0,461.6,2769.6,2024-02-01,West
ORD-004736,Headphones,Electronics,3.0,1409.27,4227.81,2024-10-22,South
ORD-004737,Headphones,Electronics,2.0,1523.54,3047.08,2024-11-30,West
ORD-004738,Coffee Maker,Home & Kitchen,1.0,2532.61,2532.61,2023-07-12,East
ORD-004739,Python Programming,Books,1.0,530.33,530.33,2024-04-18,South
ORD-004740,Denim Jeans,Clothing,2.0,1455.4,2910.8,2024-09-04,West
ORD-004741,Air Purifier,Home & Kitchen,1.0,4460.0,4460.0,2024-02-16,North
ORD-004742,Yoga Mat,Sports,2.0,887.0,1774.0,2024-07-17,West
ORD-004743,Yoga Mat,Sports,4.0,1014.45,4057.8,2023-05-25,North
ORD-004744,Desk Lamp,Home & Kitchen,2.0,543.67,1087.34,2024-05-30,West
ORD-004745,Wireless Mouse,Electronics,5.0,414.81,2074.05,2024-02-23,West
ORD-004746,Headphones,Electronics,2.0,1389.17,2778.34,2023-11-15,East
ORD-004747,Coffee Maker,Home & Kitchen,2.0,2674.73,5349.46,2023-01-27,South
ORD-004748,HD Webcam,Electronics,1.0,1051.24,1051.24,2024-07-10,South
ORD-004749,Jump Rope,Sports,3.0,337.73,1013.19,2024-08-02,South
ORD-004750,Jump Rope,Sports,1.0,298.37,298.37,2023-04-13,Central
ORD-004751,Bluetooth Speaker,Electronics,1.0,1800.17,1800.17,2023-02-03,Central
ORD-004752,Resistance Bands,Sports,1.0,448.09,448.09,2023-03-17,West
ORD-004753,USB-C Cable,Electronics,3.0,184.28,552.84,2023-04-06,West
ORD-004754,Gym Gloves,Sports,1.0,481.81,481.81,2023-08-02,South
ORD-004755,Jump Rope,Sports,2.0,331.8,663.6,2024-02-18,South
ORD-004756,Wireless Mouse,Electronics,3.0,424.37,1273.11,2024-02-02,Central
ORD-004757,Jump Rope,Sports,4.0,329.68,1318.72,2024-11-23,West
ORD-004758,Web Development,Books,1.0,631.28,631.28,2023-02-15,East
ORD-004759,Cloud Computing,Books,2.0,857.67,1715.34,2023-12-08,Central
ORD-004760,Blender,Home & Kitchen,1.0,1786.31,1786.31,2023-04-30,South
ORD-004761,Yoga Mat,Sports,2.0,999.66,1999.32,2024-08-23,South
ORD-004762,Denim Jeans,Clothing,1.0,1238.38,1238.38,2024-07-08,North
ORD-004763,Storage Containers,Home & Kitchen,1.0,344.29,344.29,2023-06-16,West
ORD-004764,Gym Gloves,Sports,1.0,468.89,468.89,2024-08-16,East
ORD-004765,USB Keyboard,Electronics,1.0,738.41,738.41,2023-04-21,East
ORD-004766,SQL Handbook,Books,1.0,524.99,524.99,2024-04-05,South
ORD-004767,Towel Set,Home & Kitchen,1.0,651.16,651.16,2023-06-03,North
ORD-004768,Web Development,Books,1.0,650.43,650.43,2023-10-31,Central
ORD-004769,Bluetooth Speaker,Electronics,1.0,1804.03,1804.03,2024-08-16,Central
ORD-004770,AI Foundations,Books,3.0,979.18,2937.54,2024-03-02,West
ORD-004771,Cricket Bat,Sports,1.0,1457.5,1457.5,2024-10-27,North
ORD-004772,Sneakers,Clothing,2.0,2073.84,4147.68,2024-07-15,Central
ORD-004773,Cloud Computing,Books,1.0,741.9,741.9,2024-03-25,West
ORD-004774,Sneakers,Clothing,1.0,1997.2,1997.2,2023-05-28,East
ORD-004775,Data Science Guide,Books,5.0,692.38,3461.9,2024-11-17,South
ORD-004776,Sports Shorts,Clothing,1.0,719.36,719.36,2023-05-07,North
ORD-004777,Laptop Stand,Electronics,1.0,1150.54,1150.54,2024-07-06,North
ORD-004778,Running Shoes,Clothing,1.0,2830.1,2830.1,2023-08-26,North
ORD-004779,Winter Jacket,Clothing,1.0,3215.36,3215.36,2024-09-23,South
ORD-004780,Laptop Stand,Electronics,1.0,1210.39,1210.39,2024-12-26,Central
ORD-004781,SQL Handbook,Books,1.0,561.44,561.44,2024-12-25,South
ORD-004782,Air Purifier,Home & Kitchen,1.0,5055.52,5055.52,2023-07-15,South
ORD-004783,Formal Shirt,Clothing,3.0,856.83,2570.49,2023-04-03,East
ORD-004784,Wireless Mouse,Electronics,1.0,418.26,418.26,2024-01-27,East
ORD-004785,Gym Gloves,Sports,1.0,540.9,540.9,2023-10-22,South
ORD-004786,USB Keyboard,Electronics,2.0,701.61,1403.22,2024-08-15,East
ORD-004787,Power Bank 10000mAh,Electronics,3.0,1023.89,3071.67,2023-06-20,Central
ORD-004788,Yoga Mat,Sports,3.0,883.91,2651.73,2023-11-28,West
ORD-004789,Air Purifier,Home & Kitchen,1.0,4293.94,4293.94,2024-01-09,East
ORD-004790,Cloud Computing,Books,1.0,789.16,789.16,2024-07-11,North
ORD-004791,Cricket Bat,Sports,1.0,1673.35,1673.35,2023-06-22,Central
ORD-004792,USB Keyboard,Electronics,1.0,728.7,728.7,2024-09-28,East
ORD-004793,Web Development,Books,1.0,732.94,732.94,2024-08-29,East
ORD-004794,Cloud Computing,Books,1.0,753.36,753.36,2023-06-13,North
ORD-004795,Power Bank 10000mAh,Electronics,5.0,917.17,4585.85,2023-06-11,West
ORD-004796,Denim Jeans,Clothing,4.0,1329.18,5316.72,2024-04-30,South
ORD-004797,Laptop Stand,Electronics,1.0,1185.88,1185.88,2023-01-09,East
ORD-004798,Yoga Mat,Sports,1.0,851.58,851.58,2024-04-27,West
ORD-004799,Sunglasses,Clothing,1.0,698.16,698.16,2023-11-16,Central
ORD-004800,Running Shoes,Clothing,3.0,2126.87,6380.61,2024-12-21,West
ORD-004801,AI Foundations,Books,3.0,930.55,2791.65,2023-11-01,South
ORD-004802,Jump Rope,Sports,2.0,331.73,663.46,2024-09-26,North
ORD-004803,Water Bottle,Home & Kitchen,2.0,295.99,591.98,2024-03-01,West
ORD-004804,USB Keyboard,Electronics,1.0,685.28,685.28,2023-12-31,East
ORD-004805,Storage Containers,Home & Kitchen,6.0,320.71,1924.26,2023-06-24,West
ORD-004806,Headphones,Electronics,1.0,1428.74,1428.74,2024-07-01,West
ORD-004807,Winter Jacket,Clothing,1.0,3365.12,3365.12,2023-01-14,Central
ORD-004808,Winter Jacket,Clothing,1.0,3391.82,3391.82,2024-12-06,West
ORD-004809,Laptop Stand,Electronics,1.0,1220.26,1220.26,2023-02-20,South
ORD-004810,Cricket Bat,Sports,1.0,1492.45,1492.45,2023-08-23,South
ORD-004811,Gym Gloves,Sports,2.0,517.11,1034.22,2024-05-27,East
ORD-004812,USB-C Cable,Electronics,6.0,202.91,1217.46,2023-02-15,East
ORD-004813,Machine Learning,Books,1.0,858.65,858.65,2023-01-29,East
ORD-004814,USB Keyboard,Electronics,1.0,693.65,693.65,2024-07-29,South
ORD-004815,Winter Jacket,Clothing,2.0,3567.34,7134.68,2024-12-22,West
ORD-004816,Desk Lamp,Home & Kitchen,1.0,599.99,599.99,2024-05-03,East
ORD-004817,USB-C Cable,Electronics,4.0,206.86,827.44,2024-07-02,South
ORD-004818,Coffee Maker,Home & Kitchen,1.0,2282.35,2282.35,2023-03-21,East
ORD-004819,Data Science Guide,Books,1.0,912.52,912.52,2023-10-17,Central
ORD-004820,AI Foundations,Books,1.0,1106.66,1106.66,2024-04-15,Central
ORD-004821,Air Purifier,Home & Kitchen,1.0,4950.63,4950.63,2023-11-03,North
ORD-004822,Machine Learning,Books,1.0,926.32,926.32,2024-01-30,East
ORD-004823,Football,Sports,1.0,751.15,751.15,2024-12-10,East
ORD-004824,Cloud Computing,Books,1.0,781.75,781.75,2023-08-30,West
ORD-004825,Cloud Computing,Books,3.0,694.6,2083.8,2023-06-25,North
ORD-004826,Desk Lamp,Home & Kitchen,3.0,663.68,1991.04,2024-10-06,East
ORD-004827,Cloud Computing,Books,1.0,831.47,831.47,2023-06-18,South
ORD-004828,USB-C Cable,Electronics,5.0,219.98,1099.9,2024-02-20,North
ORD-004829,Yoga Mat,Sports,2.0,918.24,1836.48,2023-06-10,West
ORD-004830,Formal Shirt,Clothing,4.0,936.95,3747.8,2024-06-30,North
ORD-004831,Statistics Book,Books,1.0,692.03,692.03,2023-02-21,East
ORD-004832,USB Keyboard,Electronics,1.0,646.67,646.67,2024-03-05,East
ORD-004833,Formal Shirt,Clothing,1.0,951.46,951.46,2023-06-21,Central
ORD-004834,Running Shoes,Clothing,1.0,2239.45,2239.45,2024-01-10,North
ORD-004835,Web Development,Books,1.0,611.88,611.88,2023-02-24,Central
ORD-004836,USB Keyboard,Electronics,3.0,643.52,1930.56,2024-11-26,North
ORD-004837,Headphones,Electronics,1.0,1453.2,1453.2,2023-07-08,Central
ORD-004838,Towel Set,Home & Kitchen,5.0,,3417.0,2023-12-03,North
ORD-004839,USB Keyboard,Electronics,2.0,,1463.18,2024-06-18,West
ORD-004840,Sports Shorts,Clothing,1.0,748.69,748.69,2024-09-17,South
ORD-004841,Air Purifier,Home & Kitchen,1.0,5205.02,5205.02,2023-06-11,West
ORD-004842,Water Bottle,Home & Kitchen,2.0,316.36,632.72,2024-12-01,West
ORD-004843,USB-C Cable,Electronics,4.0,170.34,681.36,2023-09-13,North
ORD-004844,Machine Learning,Books,2.0,974.35,1948.7,2023-11-05,South
ORD-004845,Wireless Mouse,Electronics,1.0,458.47,458.47,2023-07-27,East
ORD-004846,Laptop Stand,Electronics,2.0,1069.17,2138.34,2023-11-04,Central
ORD-004847,Storage Containers,Home & Kitchen,3.0,347.84,1043.52,2023-05-30,West
ORD-004848,Blender,Home & Kitchen,2.0,1644.06,3288.12,2023-09-24,Central
ORD-004849,Winter Jacket,Clothing,1.0,3491.35,3491.35,2023-05-08,North
ORD-004850,Laptop Stand,Electronics,1.0,1202.77,1202.77,2024-03-29,South
ORD-004851,Football,Sports,1.0,908.29,908.29,2024-09-28,West
ORD-004852,Python Programming,Books,2.0,547.25,1094.5,2023-10-11,West
ORD-004853,Cricket Bat,Sports,2.0,1505.02,3010.04,2024-12-06,East
ORD-004854,Sports Shorts,Clothing,3.0,767.62,2302.86,2024-04-12,West
ORD-004855,Bluetooth Speaker,Electronics,2.0,1789.96,3579.92,2023-09-10,South
ORD-004856,Winter Jacket,Clothing,1.0,3215.58,3215.58,2023-02-21,South
ORD-004857,Running Shoes,Clothing,2.0,2823.92,5647.84,2023-10-28,North
ORD-004858,Gym Gloves,Sports,1.0,492.81,492.81,2023-07-15,North
ORD-004859,Sports Shorts,Clothing,,609.38,1218.76,2023-02-15,North
ORD-004860,Running Shoes,Clothing,1.0,2145.39,2145.39,2023-12-01,West
ORD-004861,Blender,Home & Kitchen,4.0,1898.23,7592.92,2023-11-29,West
ORD-004862,Non-Stick Pan,Home & Kitchen,1.0,893.77,893.77,2023-10-07,West
ORD-004863,Blender,Home & Kitchen,1.0,1658.98,1658.98,2024-02-07,East
ORD-004864,Blender,Home & Kitchen,3.0,1746.65,5239.95,2023-03-31,West
ORD-004865,Headphones,Electronics,1.0,1316.01,1316.01,2024-06-13,
ORD-004866,Non-Stick Pan,Home & Kitchen,2.0,732.65,1465.3,2023-12-24,West
ORD-004867,Resistance Bands,Sports,1.0,443.83,443.83,2023-03-12,North
ORD-004868,AI Foundations,Books,1.0,885.5,885.5,2024-01-02,Central
ORD-004869,Web Development,Books,2.0,726.64,1453.28,2023-06-27,North
ORD-004870,Water Bottle,Home & Kitchen,1.0,324.46,324.46,2023-09-09,North
ORD-004871,Machine Learning,Books,1.0,999.49,999.49,2023-03-18,West
ORD-004872,Web Development,Books,2.0,777.43,1554.86,2023-11-20,North
ORD-004873,Data Science Guide,Books,1.0,716.03,716.03,2023-11-17,South
ORD-004874,Water Bottle Sport,Sports,1.0,366.55,366.55,2024-05-27,South
ORD-004875,Cloud Computing,Books,2.0,790.76,1581.52,2023-03-21,West
ORD-004876,Python Programming,Books,1.0,646.7,646.7,2024-06-01,North
ORD-004877,USB Keyboard,Electronics,1.0,633.93,633.93,2023-10-19,North
ORD-004878,Bluetooth Speaker,Electronics,1.0,1978.77,1978.77,2024-09-06,East
ORD-004879,Dumbbells Set,Sports,1.0,2152.84,2152.84,2024-07-04,West
ORD-004880,Data Science Guide,Books,1.0,812.15,812.15,2024-01-31,North
ORD-004881,Jump Rope,Sports,3.0,285.75,857.25,2024-12-25,East
ORD-004882,Water Bottle,Home & Kitchen,6.0,285.59,1713.54,2024-09-02,North
ORD-004883,Water Bottle Sport,Sports,5.0,376.09,1880.45,2023-12-09,East
ORD-004884,Sneakers,Clothing,1.0,1719.7,1719.7,2024-05-05,East
ORD-004885,Sunglasses,Clothing,3.0,852.69,2558.07,2023-06-10,Central
ORD-004886,Power Bank 10000mAh,Electronics,4.0,816.24,3264.96,2024-04-03,North
ORD-004887,SQL Handbook,Books,4.0,457.57,1830.28,2023-01-19,West
ORD-004888,Bluetooth Speaker,Electronics,2.0,1855.98,3711.96,2023-02-20,Central
ORD-004889,Gym Gloves,Sports,1.0,476.05,476.05,2023-04-16,South
ORD-004890,Football,Sports,3.0,698.19,2094.57,2024-02-26,South
ORD-004891,Non-Stick Pan,Home & Kitchen,2.0,802.62,1605.24,2024-03-21,South
ORD-004892,Coffee Maker,Home & Kitchen,1.0,2492.57,2492.57,2024-07-28,North
ORD-004893,SQL Handbook,Books,4.0,476.71,1906.84,2023-12-29,East
ORD-004894,Water Bottle,Home & Kitchen,5.0,276.48,1382.4,2023-08-01,West
ORD-004895,Yoga Mat,Sports,1.0,820.65,820.65,2024-10-02,Central
ORD-004896,Wireless Mouse,Electronics,1.0,495.21,495.21,2023-05-18,South
ORD-004897,Desk Lamp,Home & Kitchen,2.0,635.57,1271.14,2023-09-03,East
ORD-004898,Cotton T-Shirt,Clothing,5.0,480.82,2404.1,2024-11-24,West
ORD-004899,Data Science Guide,Books,1.0,880.41,880.41,2024-08-29,North
ORD-004900,Towel Set,Home & Kitchen,4.0,662.27,2649.08,2024-11-20,North
ORD-004901,HD Webcam,Electronics,2.0,1124.43,2248.86,2024-01-19,South
ORD-004902,USB-C Cable,Electronics,2.0,171.02,342.04,2023-10-30,Central
ORD-004903,Bluetooth Speaker,Electronics,2.0,1746.79,3493.58,2024-08-04,East
ORD-004904,Jump Rope,Sports,2.0,262.89,525.78,2023-05-19,North
ORD-004905,Formal Shirt,Clothing,1.0,972.48,972.48,2023-09-12,North
ORD-004906,USB Keyboard,Electronics,1.0,583.19,583.19,2023-10-26,South
ORD-004907,Cotton T-Shirt,Clothing,4.0,531.02,2124.08,2024-05-18,North
ORD-004908,Water Bottle Sport,Sports,5.0,339.92,1699.6,2023-11-18,South
ORD-004909,Jump Rope,Sports,4.0,263.1,1052.4,2024-12-10,East
ORD-004910,Machine Learning,Books,1.0,886.15,886.15,2023-05-29,South
ORD-004911,Python Programming,Books,2.0,554.04,1108.08,2023-01-05,North
ORD-004912,Non-Stick Pan,Home & Kitchen,3.0,791.35,2374.05,2024-01-17,Central
ORD-004913,HD Webcam,Electronics,1.0,1152.83,1152.83,2024-01-04,East
ORD-004914,Power Bank 10000mAh,Electronics,3.0,993.62,2980.86,2023-04-15,North
ORD-004915,Yoga Mat,Sports,1.0,872.72,872.72,2023-12-11,North
ORD-004916,Dumbbells Set,Sports,1.0,2219.43,2219.43,2023-07-04,East
ORD-004917,Storage Containers,Home & Kitchen,3.0,300.17,900.51,2024-05-12,East
ORD-004918,Sneakers,Clothing,1.0,1983.19,1983.19,2023-03-26,East
ORD-004919,Resistance Bands,Sports,4.0,340.92,1363.68,2023-11-07,North
ORD-004920,Air Purifier,Home & Kitchen,1.0,5503.49,5503.49,2023-09-15,North
ORD-004921,Bluetooth Speaker,Electronics,1.0,1571.48,1571.48,2024-04-17,South
ORD-004922,Denim Jeans,Clothing,2.0,1116.45,2232.9,2023-04-23,North
ORD-004923,Data Science Guide,Books,2.0,824.0,1648.0,2023-09-27,North
ORD-004924,Water Bottle Sport,Sports,1.0,299.22,299.22,2023-01-07,East
ORD-004925,USB Keyboard,Electronics,1.0,709.33,709.33,2023-04-15,East
ORD-004926,Water Bottle,Home & Kitchen,5.0,266.98,1334.9,2024-11-04,South
ORD-004927,Statistics Book,Books,3.0,702.94,2108.82,2024-07-27,South
ORD-004928,Bluetooth Speaker,Electronics,1.0,1580.35,1580.35,2023-09-26,West
ORD-004929,Dumbbells Set,Sports,2.0,2873.42,5746.84,2023-04-24,East
ORD-004930,Power Bank 10000mAh,Electronics,5.0,856.34,4281.7,2023-01-10,North
ORD-004931,Running Shoes,Clothing,1.0,2457.72,2457.72,2023-11-19,East
ORD-004932,Power Bank 10000mAh,Electronics,2.0,899.63,1799.26,2023-11-16,South
ORD-004933,Resistance Bands,Sports,1.0,447.21,447.21,2023-02-18,East
ORD-004934,Towel Set,Home & Kitchen,1.0,513.06,513.06,2024-06-23,North
ORD-004935,Water Bottle,Home & Kitchen,1.0,265.38,265.38,2023-10-06,West
ORD-004936,AI Foundations,Books,1.0,1028.86,1028.86,2024-11-08,West
ORD-004937,SQL Handbook,Books,4.0,552.57,2210.28,2023-01-28,Central
ORD-004938,Storage Containers,Home & Kitchen,2.0,360.88,721.76,2024-09-25,Central
ORD-004939,Python Programming,Books,2.0,553.52,1107.04,2024-09-10,North
ORD-004940,Sneakers,Clothing,1.0,1810.59,1810.59,2024-09-21,West
ORD-004941,Coffee Maker,Home & Kitchen,1.0,2136.84,2136.84,2023-01-05,North
ORD-004942,AI Foundations,Books,1.0,1059.79,1059.79,2023-08-28,East
ORD-004943,Towel Set,Home & Kitchen,2.0,632.32,1264.64,2024-02-11,North
ORD-004944,Laptop Stand,Electronics,1.0,1069.31,1069.31,2024-10-21,North
ORD-004945,Desk Lamp,Home & Kitchen,3.0,676.45,2029.35,2024-02-10,North
ORD-004946,Towel Set,Home & Kitchen,2.0,581.03,1162.06,2023-10-25,East
ORD-004947,Water Bottle Sport,Sports,1.0,382.12,382.12,2024-10-12,East
ORD-004948,Resistance Bands,Sports,1.0,340.6,340.6,2024-06-13,West
ORD-004949,Data Science Guide,Books,2.0,900.0,1800.0,2023-01-26,East
ORD-004950,Python Programming,Books,2.0,679.81,1359.62,2023-03-15,West
ORD-004951,Sunglasses,Clothing,1.0,753.44,753.44,2023-11-17,North
ORD-004952,Cotton T-Shirt,Clothing,3.0,440.71,1322.13,2024-03-30,Central
ORD-004953,Data Science Guide,Books,1.0,780.57,780.57,2024-08-10,North
ORD-004954,Power Bank 10000mAh,Electronics,4.0,1012.79,4051.16,2024-09-22,South
ORD-004955,Coffee Maker,Home & Kitchen,2.0,2567.91,5135.82,2024-01-01,South
ORD-004956,Winter Jacket,Clothing,1.0,3518.93,3518.93,2023-08-27,West
ORD-004957,AI Foundations,Books,2.0,917.72,1835.44,2024-01-19,Central
ORD-004958,Python Programming,Books,4.0,573.88,2295.52,2023-08-05,Central
ORD-004959,Power Bank 10000mAh,Electronics,1.0,922.1,922.1,2024-09-24,North
ORD-004960,AI Foundations,Books,1.0,1064.22,1064.22,2023-08-08,Central
ORD-004961,Jump Rope,Sports,4.0,275.26,1101.04,2024-10-25,Central
ORD-004962,Formal Shirt,Clothing,,805.89,805.89,2024-03-13,East
ORD-004963,Winter Jacket,Clothing,1.0,3861.98,3861.98,2024-07-27,South
ORD-004964,Desk Lamp,Home & Kitchen,2.0,595.26,1190.52,2024-09-28,West
ORD-004965,Jump Rope,Sports,5.0,317.06,1585.3,2024-11-10,Central
ORD-004966,Formal Shirt,Clothing,1.0,797.69,797.69,2024-08-13,West
ORD-004967,Water Bottle Sport,Sports,1.0,341.72,341.72,2024-03-26,South
ORD-004968,Dumbbells Set,Sports,1.0,2742.47,2742.47,2024-05-04,East
ORD-004969,Denim Jeans,Clothing,3.0,1236.26,3708.78,2023-05-05,South
ORD-004970,Football,Sports,1.0,773.39,773.39,2024-01-15,South
ORD-004971,Jump Rope,Sports,5.0,280.7,1403.5,2023-01-16,Central
ORD-004972,Blender,Home & Kitchen,2.0,2112.03,4224.06,2024-05-12,East
ORD-004973,Formal Shirt,Clothing,2.0,951.76,1903.52,2024-11-08,Central
ORD-004974,Water Bottle Sport,Sports,3.0,357.71,1073.13,2024-02-12,North
ORD-004975,Air Purifier,Home & Kitchen,1.0,5221.63,5221.63,2024-09-10,South
ORD-004976,Cricket Bat,Sports,1.0,1277.34,1277.34,2024-02-03,West
ORD-004977,Wireless Mouse,Electronics,1.0,439.76,439.76,2023-03-27,South
ORD-004978,Jump Rope,Sports,5.0,324.81,1624.05,2023-07-17,Central
ORD-004979,Dumbbells Set,Sports,1.0,2765.46,2765.46,2023-05-23,North
ORD-004980,Cricket Bat,Sports,3.0,1512.88,4538.64,2024-11-01,South
ORD-004981,Python Programming,Books,2.0,669.02,1338.04,2024-11-27,West
ORD-004982,Water Bottle Sport,Sports,1.0,367.2,367.2,2024-05-04,North
ORD-004983,Power Bank 10000mAh,Electronics,2.0,797.83,1595.66,2024-11-12,West
ORD-004984,Web Development,Books,2.0,773.67,1547.34,2024-10-05,Central
ORD-004985,Water Bottle,Home & Kitchen,5.0,265.49,1327.45,2023-03-13,North
ORD-004986,Cricket Bat,Sports,1.0,1370.08,1370.08,2023-05-24,North
ORD-004987,SQL Handbook,Books,1.0,433.6,433.6,2023-05-05,East
ORD-004988,Cotton T-Shirt,Clothing,6.0,463.34,2780.04,2023-06-09,North
ORD-004989,Web Development,Books,2.0,660.6,1321.2,2024-03-09,East
ORD-004990,Dumbbells Set,Sports,2.0,2449.93,4899.86,2024-02-28,North
ORD-004991,Running Shoes,Clothing,2.0,2623.77,5247.54,2023-08-19,West
ORD-004992,Running Shoes,Clothing,1.0,2798.65,2798.65,2023-12-18,North
ORD-004993,Cloud Computing,Books,1.0,836.2,836.2,2023-04-15,North
ORD-004994,Resistance Bands,Sports,1.0,,407.1,2024-09-11,West
ORD-004995,Running Shoes,Clothing,1.0,2585.14,2585.14,2023-11-17,West
ORD-004996,Storage Containers,Home & Kitchen,3.0,376.23,1128.69,2024-12-01,North
ORD-004997,Statistics Book,Books,1.0,740.9,740.9,2024-06-03,North
ORD-004998,Desk Lamp,Home & Kitchen,1.0,555.42,555.42,2023-08-15,East
ORD-004999,Yoga Mat,Sports,3.0,893.31,2679.93,2023-11-25,West
ORD-005000,Blender,Home & Kitchen,2.0,2059.5,4119.0,2024-08-31,North
ORD-001502,Jump Rope,Sports,2.0,306.6,613.2,2023-03-07,West
ORD-002587,Machine Learning,Books,2.0,875.27,1750.54,2023-10-15,North
ORD-002654,Cricket Bat,Sports,3.0,1494.73,4484.19,2023-07-02,West
ORD-001056,Towel Set,Home & Kitchen,2.0,630.14,1260.28,2024-09-27,West
ORD-000706,Yoga Mat,Sports,2.0,1024.14,2048.28,2024-11-09,Central
ORD-000107,Non-Stick Pan,Home & Kitchen,1.0,699.67,699.67,2024-06-13,West
ORD-000590,SQL Handbook,Books,4.0,484.72,1938.88,2023-09-23,West
ORD-002469,Sunglasses,Clothing,2.0,720.75,1441.5,2024-09-16,North
ORD-002414,Towel Set,Home & Kitchen,2.0,682.16,1364.32,2023-01-28,West
ORD-001601,Sneakers,Clothing,1.0,2111.24,2111.24,2023-06-03,East
ORD-002465,Water Bottle,Home & Kitchen,1.0,309.61,309.61,2023-09-04,East
ORD-000229,Laptop Stand,Electronics,2.0,1249.9,2499.8,2024-04-18,West
ORD-000916,Winter Jacket,Clothing,3.0,3942.27,11826.81,2023-12-05,East
ORD-000795,Sneakers,Clothing,3.0,1746.65,5239.95,2024-01-23,East
ORD-003022,Jump Rope,Sports,2.0,303.28,606.56,2024-01-31,West
ORD-003544,Running Shoes,Clothing,2.0,2459.07,4918.14,2024-10-30,Central
ORD-001074,Headphones,Electronics,1.0,1522.93,1522.93,2023-02-11,South
ORD-003352,Sneakers,Clothing,2.0,2274.71,4549.42,2024-11-20,North
ORD-001745,Resistance Bands,Sports,3.0,399.39,1198.17,2023-01-04,West
ORD-001085,Cricket Bat,Sports,2.0,1445.83,2891.66,2023-07-24,East
